gene	chrom	start	end	strand
A1BG	19	58856548	58864858	-
A1BG-AS1	19	58863335	58866549	+
A1CF	10	52559168	52645435	-
A2M	12	9220303	9268825	-
A2M-AS1	12	9217772	9220651	+
A2ML1	12	8975216	9029383	+
A2MP1	12	9381128	9386803	-
A3GALT2	1	33772366	33786699	-
A4GALT	22	43088117	43117307	-
A4GNT	3	137842554	137851232	-
AA06	17	31856805	31860779	-
AAAS	12	53701243	53715394	-
AACS	12	125549980	125627862	+
AACSP1	5	178191861	178245436	-
AADAC	3	151531903	151546276	+
AADACL2	3	151451714	151479126	+
AADACL2-AS1	3	151468966	151645963	-
AADACL3	1	12776112	12788727	+
AADACL4	1	12704103	12727087	+
AADACP1	3	151488243	151502682	+
AADAT	4	170981372	171011538	-
AAGAB	15	67493004	67547536	-
AAK1	2	69685128	69870871	-
AAMDC	11	77532159	77611831	+
AAMP	2	219128851	219134860	-
AANAT	17	74449432	74466199	+
AAR2	20	34824338	34844863	+
AARD	8	117950445	117956726	+
AARS1	16	70286200	70323409	-
AARS2	6	44266467	44281084	-
AARSD1	17	41102542	41116471	-
AASDH	4	57204450	57253674	-
AASDHPPT	11	105948388	105969422	+
AASS	7	121713603	121784303	-
AATBC	21	45225638	45232448	-
AATF	17	35306253	35414171	+
AATK	17	79091095	79140021	-
ABALON	20	30309309	30311212	+
ABAT	16	8768473	8878432	+
ABCA1	9	107543286	107690436	-
ABCA10	17	67144147	67240989	-
ABCA11P	4	419223	467998	-
ABCA12	2	215796265	216003349	-
ABCA13	7	48211054	48687093	+
ABCA17P	16	2390922	2476700	+
ABCA2	9	139901685	139923374	-
ABCA3	16	2325881	2390729	-
ABCA4	1	94458389	94586704	-
ABCA5	17	67240451	67323274	-
ABCA6	17	67074842	67138036	-
ABCA7	19	1040105	1065570	+
ABCA8	17	66863427	66951533	-
ABCA9	17	66970628	67057068	-
ABCA9-AS1	17	67000854	67014464	+
ABCB1	7	87132332	87342639	-
ABCB10	1	229652328	229694454	-
ABCB11	2	169777290	169887834	-
ABCB4	7	87031011	87105019	-
ABCB5	7	20655289	20796631	+
ABCB6	2	220074493	220083680	-
ABCB7	X	74270882	74376118	-
ABCB8	7	150725508	150744869	+
ABCB9	12	123405494	123451056	-
ABCC1	16	16043472	16236910	+
ABCC10	6	43395278	43418165	+
ABCC11	16	48199683	48281450	-
ABCC12	16	48116883	48180681	-
ABCC13	21	15646119	15673692	+
ABCC2	10	101542396	101612351	+
ABCC3	17	48712241	48769614	+
ABCC4	13	95672088	95953705	-
ABCC5	3	183637723	183735672	-
ABCC5-AS1	3	183724125	183729207	+
ABCC6	16	16243421	16317351	-
ABCC6P1	16	18582569	18609607	+
ABCC6P2	16	14916283	14918559	-
ABCC8	11	17414044	17498392	-
ABCC9	12	21950323	22094360	-
ABCD1	X	152990310	153010209	+
ABCD2	12	39943834	40013605	-
ABCD3	1	94883932	94984219	+
ABCD4	14	74751971	74769637	-
ABCE1	4	146019462	146050676	+
ABCF1	6	30539218	30559299	+
ABCF2	7	150908569	150924291	-
ABCF2-H2BE1	7	150904922	150924291	-
ABCF3	3	183903862	183911795	+
ABCG1	21	43619798	43717354	+
ABCG2	4	89011415	89152778	-
ABCG4	11	119019761	119033374	+
ABCG5	2	44039610	44065978	-
ABCG8	2	44066109	44110127	+
ABHD1	2	27346682	27353680	+
ABHD10	3	111697872	111712215	+
ABHD11	7	73150424	73153197	-
ABHD11-AS1	7	73149398	73150330	+
ABHD12	20	25275378	25371471	-
ABHD12B	14	51338770	51371688	+
ABHD13	13	108870739	108886591	+
ABHD14A	3	52009079	52015212	+
ABHD14A-ACY1	3	52009079	52023213	+
ABHD14B	3	52002525	52008646	-
ABHD15	17	27887564	27894055	-
ABHD16A	6	31654731	31671101	-
ABHD16B	20	62492850	62494341	+
ABHD17A	19	1876808	1885495	-
ABHD17B	9	74477367	74526161	-
ABHD17C	15	80987650	81047962	+
ABHD18	4	128886560	128961082	+
ABHD2	15	89631686	89745586	+
ABHD3	18	19230857	19284735	-
ABHD4	14	23067146	23081265	+
ABHD5	3	43732361	43775863	+
ABHD6	3	58223228	58280463	+
ABHD8	19	17402939	17414234	-
ABI1	10	27035524	27150016	-
ABI2	2	204193116	204296892	+
ABI3	17	47287588	47300587	+
ABI3BP	3	100467999	100712265	-
ABITRAM	9	111696679	111703234	+
ABL1	9	133589267	133763062	+
ABL2	1	179068464	179198819	-
ABLIM1	10	116190868	116528063	-
ABLIM2	4	7967053	8160540	-
ABLIM3	5	148521009	148640105	+
ABO	9	136125787	136150617	-
ABR	17	906758	1133016	-
ABRA	8	107771710	107782472	-
ABRACL	6	139349881	139364439	+
ABRAXAS1	4	84380669	84406253	-
ABRAXAS2	10	126490387	126525236	+
ABT1	6	26597180	26600967	+
ABTB1	3	127391780	127399769	+
ABTB2	11	34172533	34379557	-
ACAA1	3	38164200	38178733	-
ACAA2	18	47308533	47339903	-
ACACA	17	35441926	35766927	-
ACACB	12	109554391	109706030	+
ACAD10	12	112123856	112194903	+
ACAD11	3	132276981	132378975	-
ACAD8	11	134123461	134135746	+
ACAD9	3	128598332	128631957	+
ACADL	2	211052646	211090171	-
ACADM	1	76190031	76229363	+
ACADS	12	121163628	121177811	+
ACADSB	10	124768521	124817831	+
ACADVL	17	7120443	7128586	+
ACAN	15	89346666	89418585	+
ACAP1	17	7239847	7254796	+
ACAP2	3	194995473	195163749	-
ACAP3	1	1227770	1243310	-
ACAT1	11	107992293	108018328	+
ACAT2	6	160183076	160200144	+
ACBD3	1	226332379	226374442	-
ACBD3-AS1	1	226335703	226342678	+
ACBD4	17	43209985	43221543	+
ACBD5	10	27471766	27531040	-
ACBD6	1	180257364	180471712	-
ACBD7	10	15117473	15130775	-
ACBD7-DCLRE1CP1	10	15057070	15130775	-
ACCS	11	44087819	44105786	+
ACCSL	11	44069530	44081527	+
ACD	16	67691414	67694163	-
ACE	17	61554421	61575734	+
ACE2	X	15579155	15620281	-
ACER1	19	6306152	6333623	-
ACER2	9	19409006	19452502	+
ACER3	11	76571961	76737841	+
ACHE	7	100487614	100494614	-
ACIN1	14	23527773	23564823	-
ACKR1	1	159174664	159176290	+
ACKR2	3	42850936	42908778	+
ACKR3	2	237478467	237490994	+
ACKR4	3	132316113	132321485	+
ACLY	17	40023169	40075275	-
ACMSD	2	135596185	135659602	+
ACO1	9	32384600	32454766	+
ACO2	22	41865120	41924978	+
ACOD1	13	77522645	77532773	+
ACOT1	14	74003846	74010500	+
ACOT11	1	55013900	55104865	+
ACOT12	5	80625814	80689953	-
ACOT13	6	24667262	24705295	+
ACOT2	14	74034323	74042362	+
ACOT4	14	74058409	74062471	+
ACOT6	14	74077648	74086592	+
ACOT7	1	6324331	6453827	-
ACOT8	20	44470359	44486031	-
ACOT9	X	23719173	23761393	-
ACOX1	17	73937591	73975247	-
ACOX2	3	58490862	58522917	-
ACOX3	4	8368008	8442450	-
ACOXL	2	111490149	111876125	+
ACOXL-AS1	2	111855917	111873165	-
ACP1	2	264868	278282	+
ACP2	11	47260852	47270398	-
ACP3	3	132036250	132087146	+
ACP4	19	51293671	51298476	+
ACP5	19	11685474	11689790	-
ACP6	1	147114028	147142646	-
ACP7	19	39575007	39602132	+
ACR	22	51176631	51183767	+
ACRBP	12	6747240	6756598	-
ACRV1	11	125541416	125550742	-
ACSBG1	15	78459809	78526907	-
ACSBG2	19	6135643	6193114	+
ACSF2	17	48503518	48552206	+
ACSF3	16	89160259	89222641	+
ACSL1	4	185676748	185747122	-
ACSL3	2	223725753	223809356	+
ACSL4	X	108884563	108976621	-
ACSL5	10	114133873	114188138	+
ACSL6	5	131285666	131347761	-
ACSM1	16	20634556	20709110	-
ACSM2A	16	20462842	20498991	+
ACSM2B	16	20547552	20587689	-
ACSM3	16	20775311	20808903	+
ACSM4	12	7456927	7480969	+
ACSM5	16	20420855	20452658	+
ACSM6	10	96953956	96988686	+
ACSS1	20	24986865	25038818	-
ACSS2	20	33462765	33515769	+
ACSS3	12	81471857	81654989	+
ACTA1	1	229566992	229569841	-
ACTA2	10	90694830	90751154	-
ACTA2-AS1	10	90692440	90699731	+
ACTB	7	5566778	5570232	-
ACTBL2	5	56775844	56778638	-
ACTC1	15	35082430	35087750	-
ACTE1P	11	71116791	71134400	-
ACTG1	17	79476996	79479825	-
ACTG1P17	15	83394649	83408532	-
ACTG1P20	1	27650364	27653016	+
ACTG1P25	1	202830881	202844369	+
ACTG1P4	1	104112025	104114008	+
ACTG2	2	74120134	74146991	+
ACTL10	20	32254748	32256331	+
ACTL6A	3	179280667	179306195	+
ACTL6B	7	100240725	100254071	-
ACTL7A	9	111624545	111626036	+
ACTL7B	9	111616868	111618266	-
ACTL8	1	18081827	18153558	+
ACTL9	19	8807749	8809145	-
ACTN1	14	69340844	69446019	-
ACTN1-AS1	14	69446398	69454180	+
ACTN2	1	236849753	236927927	+
ACTN3	11	66313865	66330805	+
ACTN4	19	39138288	39222229	+
ACTR10	14	58666866	58702353	+
ACTR1A	10	104238985	104262469	-
ACTR1B	2	98272401	98280507	-
ACTR2	2	65454828	65498387	+
ACTR3	2	114647510	114720173	+
ACTR3-AS1	2	114588759	114648569	-
ACTR3B	7	152456833	152552464	+
ACTR3BP2	2	92129158	92130496	+
ACTR3BP5	10	38989726	38991371	+
ACTR3C	7	149578447	150020758	-
ACTR5	20	37377102	37401162	+
ACTR6	12	100593864	100618202	+
ACTR8	3	53901093	53916179	-
ACTRT1	X	127184940	127186382	-
ACTRT2	1	2938030	2939467	+
ACTRT3	3	169484710	169487349	-
ACVR1	2	158592958	158732842	-
ACVR1B	12	52345482	52390863	+
ACVR1C	2	158383278	158485376	-
ACVR2A	2	148602085	148688396	+
ACVR2B	3	38495380	38534633	+
ACVR2B-AS1	3	38492517	38496311	-
ACVRL1	12	52301287	52317145	+
ACY1	3	52017550	52023213	+
ACY3	11	67410025	67418201	-
ACYP1	14	75519945	75536193	-
ACYP2	2	54198249	54532435	+
ADA	20	43248159	43280399	-
ADA2	22	17659679	17702738	-
ADAD1	4	123300165	123350939	+
ADAD2	16	84224762	84230772	+
ADAL	15	43622548	43646767	+
ADAM10	15	58881007	59041906	-
ADAM11	17	42836355	42859214	+
ADAM12	10	127700960	128077046	-
ADAM15	1	155023791	155035251	+
ADAM17	2	9628614	9695959	-
ADAM18	8	39442086	39587584	+
ADAM19	5	156904311	157002783	-
ADAM2	8	39601254	39695746	-
ADAM20	14	70989074	71001721	-
ADAM20P1	14	70935595	70950473	-
ADAM21	14	70918890	70926622	+
ADAM21P1	14	70712469	70714518	-
ADAM22	7	87563457	87832204	+
ADAM23	2	207308255	207485851	+
ADAM28	8	24151552	24216527	+
ADAM29	4	175839508	175899331	+
ADAM30	1	120436155	120439138	-
ADAM32	8	38965047	39142436	+
ADAM33	20	3648621	3662657	-
ADAM3A	8	39308563	39380508	-
ADAM3B	16	49551556	49552496	-
ADAM5	8	39172181	39260375	+
ADAM6	14	106435817	106438358	-
ADAM7	8	24298538	24367077	+
ADAM8	10	135075926	135090372	-
ADAM9	8	38854491	38962779	+
ADAMDEC1	8	24241797	24263526	+
ADAMTS1	21	28208073	28217728	-
ADAMTS10	19	8645123	8675600	-
ADAMTS12	5	33523639	33892095	-
ADAMTS13	9	136279456	136324508	+
ADAMTS14	10	72432261	72522195	+
ADAMTS15	11	130318868	130346540	+
ADAMTS16	5	5140442	5320417	+
ADAMTS17	15	100511641	100882180	-
ADAMTS18	16	77316024	77468931	-
ADAMTS19	5	128795990	129074376	+
ADAMTS19-AS1	5	128795251	128796382	-
ADAMTS2	5	178537853	178772462	-
ADAMTS20	12	43747668	43946006	-
ADAMTS3	4	73146685	73434938	-
ADAMTS4	1	161154091	161168844	-
ADAMTS5	21	28290240	28339407	-
ADAMTS6	5	64444564	64777747	-
ADAMTS7	15	79051548	79103806	-
ADAMTS7P1	15	82585620	82924242	+
ADAMTS8	11	130274817	130298504	-
ADAMTS9	3	64501330	64673676	-
ADAMTS9-AS1	3	64547021	64575760	+
ADAMTS9-AS2	3	64670545	64997146	+
ADAMTSL1	9	18474150	18910947	+
ADAMTSL2	9	136397285	136440641	+
ADAMTSL3	15	84322874	84708593	+
ADAMTSL4	1	150521883	150533412	+
ADAMTSL4-AS1	1	150533370	150547028	-
ADAMTSL5	19	1505020	1513018	-
ADAP1	7	937536	995043	-
ADAP2	17	29248753	29286340	+
ADAR	1	154554533	154600473	-
ADARB1	21	46494492	46646478	+
ADARB2	10	1223252	1779719	-
ADARB2-AS1	10	1568824	1599203	+
ADAT1	16	75630765	75657179	-
ADAT2	6	143743968	143771832	-
ADAT3	19	1905397	1913446	+
ADCK1	14	78266451	78401357	+
ADCK2	7	140372744	140394910	+
ADCK5	8	145597735	145618453	+
ADCY1	7	45613738	45762714	+
ADCY10	1	167778622	167883372	-
ADCY10P1	6	41068772	41108573	+
ADCY2	5	7396250	7830194	+
ADCY3	2	25042038	25143106	-
ADCY4	14	24787564	24804277	-
ADCY5	3	123001142	123167937	-
ADCY6	12	49159978	49182872	-
ADCY6-DT	12	49182929	49184318	+
ADCY7	16	50300461	50352045	+
ADCY8	8	131792546	132053155	-
ADCY9	16	4012654	4166443	-
ADCYAP1	18	904871	912173	+
ADCYAP1R1	7	31091922	31151093	+
ADD1	4	2845570	2931802	+
ADD2	2	70883915	70995332	-
ADD3	10	111756130	111895323	+
ADD3-AS1	10	111705316	111768139	-
ADGB	6	146920107	147136597	+
ADGRA1	10	134901427	134945179	+
ADGRA1-AS1	10	134898752	134900201	-
ADGRA2	8	37654400	37702414	+
ADGRA3	4	22388998	22517689	-
ADGRB1	8	143531009	143626368	+
ADGRB2	1	32192717	32229941	-
ADGRB3	6	69345173	70099398	+
ADGRD1	12	131438451	131626013	+
ADGRD1-AS1	12	131475170	131478521	-
ADGRE1	19	6887589	6940461	+
ADGRE2	19	14843203	14889372	-
ADGRE3	19	14729928	14785730	-
ADGRE4P	19	6952510	6990857	-
ADGRE5	19	14491955	14519537	+
ADGRF1	6	46965444	47010068	-
ADGRF2	6	47624207	47665530	+
ADGRF3	2	26531040	26569657	-
ADGRF4	6	47666315	47689750	+
ADGRF5	6	46820260	46922676	-
ADGRF5-AS1	6	46871207	46877764	+
ADGRG1	16	57653649	57699479	+
ADGRG2	X	19007424	19140755	-
ADGRG3	16	57702217	57723290	+
ADGRG4	X	135383121	135499049	+
ADGRG5	16	57576554	57611100	+
ADGRG6	6	142623055	142767403	+
ADGRG7	3	100328444	100414325	+
ADGRL1	19	14258554	14316981	-
ADGRL2	1	81771876	82459616	+
ADGRL3	4	62066947	62944053	+
ADGRL3-AS1	4	62937472	63027483	-
ADGRL4	1	79355448	79472415	-
ADGRV1	5	89854613	90460254	+
ADH1A	4	100197525	100212142	-
ADH1B	4	100226127	100242558	-
ADH1C	4	100257653	100273903	-
ADH4	4	100044807	100065449	-
ADH5	4	99992129	100009939	-
ADH6	4	100123795	100140403	-
ADH7	4	100333417	100356667	-
ADHFE1	8	67344738	67381141	+
ADI1	2	3501136	3523302	-
ADIG	20	37209839	37217106	+
ADIPOQ	3	186560498	186576252	+
ADIPOQ-AS1	3	186569675	186579157	-
ADIPOR1	1	202909952	202927700	-
ADIPOR2	12	1800235	1897839	+
ADIRF	10	88728238	88730672	+
ADK	10	75910978	76469048	+
ADM	11	10326619	10328944	+
ADM2	22	50919971	50924866	+
ADM5	19	50191941	50194247	+
ADNP	20	49505454	49547974	-
ADNP-AS1	20	49547520	49561671	+
ADNP2	18	77867145	77898228	+
ADO	10	64564479	64568239	+
ADORA1	1	203096853	203136533	+
ADORA2A	22	24819564	24838328	+
ADORA2A-AS1	22	24825175	24891042	-
ADORA2B	17	15848230	15879210	+
ADORA3	1	112042050	112046255	-
ADPGK	15	73043634	73076099	-
ADPGK-AS1	15	73075175	73090540	+
ADPRH	3	119298338	119308792	+
ADPRHL1	13	114076259	114107803	-
ADPRM	17	10600910	10614875	+
ADPRS	1	36554492	36559533	+
ADRA1A	8	26605666	26724795	-
ADRA1B	5	159343488	159400019	+
ADRA1D	20	4201276	4229934	-
ADRA2A	10	112836786	112840662	+
ADRA2B	2	96778623	96782310	-
ADRA2C	4	3768111	3770253	+
ADRB1	10	115803624	115806663	+
ADRB2	5	148206173	148208186	+
ADRB3	8	37820507	37824117	-
ADRM1	20	60877951	60883918	+
ADSL	22	40742503	40783493	+
ADSS1	14	105190565	105213662	+
ADSS2	1	244571793	244615362	-
ADTRP	6	11713755	11779280	-
AEBP1	7	44143943	44154159	+
AEBP2	12	19592425	19675161	+
AEN	15	89164570	89175512	+
AFAP1	4	7760439	7941653	-
AFAP1-AS1	4	7755816	7780654	+
AFAP1L1	5	148651400	148723198	+
AFAP1L2	10	116054582	116164537	-
AFDN	6	168227243	168372703	+
AFDN-DT	6	168224569	168227476	-
AFF1	4	87856153	88062206	+
AFF1-AS1	4	87846045	87856002	-
AFF2	X	147582136	148082193	+
AFF3	2	100161880	100759052	-
AFF4	5	132211086	132299326	-
AFG1L	6	108616257	108847204	+
AFG3L1P	16	90038987	90067195	+
AFG3L2	18	12328942	12377226	-
AFM	4	74347461	74369718	+
AFMID	17	76183397	76203782	+
AFP	4	74301937	74321891	+
AFTPH	2	64751438	64820138	+
AGA	4	178351927	178363657	-
AGAP1	2	236402686	237040437	+
AGAP1-IT1	2	236414394	236416210	+
AGAP10P	10	46173963	46194828	+
AGAP11	10	88730092	88769960	+
AGAP12P	10	49218158	49239658	-
AGAP13P	10	48902265	48922822	-
AGAP14P	10	47708489	47729082	+
AGAP2	12	58117543	58135944	-
AGAP2-AS1	12	58120022	58122139	+
AGAP3	7	150782953	150841521	+
AGAP4	10	46321039	46349325	-
AGAP5	10	75434032	75461086	-
AGAP6	10	51748077	51770276	+
AGAP7P	10	51464143	51486327	-
AGAP9	10	47191843	48237508	+
AGBL1	15	86622850	87572283	+
AGBL1-AS1	15	86840064	86860199	-
AGBL2	11	47681142	47736921	-
AGBL3	7	134671258	134820530	+
AGBL4	1	48998525	50489626	-
AGBL4-AS1	1	49723082	49734966	+
AGBL4-IT1	1	49839872	49937757	-
AGBL5	2	27274290	27293490	+
AGBL5-AS1	2	27272550	27273132	-
AGER	6	32148744	32152099	-
AGFG1	2	228336871	228425933	+
AGFG2	7	100136825	100165843	+
AGGF1	5	76326228	76361058	+
AGK	7	141251209	141355043	+
AGL	1	100315916	100389579	+
AGMAT	1	15898193	15911546	-
AGMO	7	15239941	15601640	-
AGO1	1	36335408	36396132	+
AGO2	8	141530254	141645732	-
AGO3	1	36396705	36538100	+
AGO4	1	36273236	36323490	+
AGPAT1	6	32135988	32145885	-
AGPAT2	9	139567594	139581909	-
AGPAT3	21	45285103	45407471	+
AGPAT4	6	161551001	161695093	-
AGPAT4-IT1	6	161581163	161583014	-
AGPAT5	8	6566162	6619021	+
AGPS	2	178257500	178408562	+
AGR2	7	16831434	16844623	-
AGR3	7	16899035	16921607	-
AGRN	1	955499	991494	+
AGRP	16	67516473	67517450	-
AGT	1	230838269	230881329	-
AGTPBP1	9	88161453	88356944	-
AGTR1	3	148415657	148460790	+
AGTR2	X	115301996	115306227	+
AGTRAP	1	11796141	11810828	+
AGXT	2	241808240	241819917	+
AGXT2	5	34998206	35048054	-
AHCTF1	1	247002399	247095250	-
AHCTF1P1	2	162355577	162364413	-
AHCY	20	32868070	32899608	-
AHCYL1	1	110527386	110566364	+
AHCYL2	7	128864870	129070052	+
AHDC1	1	27860755	27930655	-
AHI1	6	135604670	135818903	-
AHNAK	11	62201015	62314278	-
AHNAK2	14	105403589	105444711	-
AHR	7	17338275	17385771	+
AHRR	5	321828	438397	+
AHSA1	14	77924209	77935815	+
AHSA2P	2	61404552	61416060	+
AHSG	3	186330848	186339107	+
AHSP	16	31539220	31540125	+
AICDA	12	8754765	8765455	-
AIDA	1	222841354	222885833	-
AIF1	6	31583010	31584792	+
AIF1L	9	133971862	133998539	+
AIFM1	X	129263337	129299861	-
AIFM2	10	71872022	71892690	-
AIFM3	22	21319459	21335647	+
AIG1	6	143380499	143665020	+
AIM2	1	159032273	159046691	-
AIMP1	4	107236766	107270613	+
AIMP2	7	6048875	6063465	+
AIP	11	67250496	67258579	+
AIPL1	17	6327057	6338441	-
AIRE	21	45705758	45718531	+
AIRN	6	160424322	160428696	-
AJAP1	1	4714668	4852582	+
AJM1	9	139736929	139741797	+
AJUBA	14	23440385	23451760	-
AK1	9	130628758	130641900	-
AK2	1	33473540	33502512	-
AK3	9	4709555	4742043	-
AK4	1	65613231	65697828	+
AK5	1	77747703	78025651	+
AK6	5	68646810	68665651	-
AK7	14	96858464	96955764	+
AK8	9	135600964	135754433	-
AK9	6	109814058	110012415	-
AKAIN1	18	5142909	5197751	-
AKAP1	17	55162606	55198705	+
AKAP10	17	19807615	19881169	-
AKAP11	13	42846287	42897397	+
AKAP12	6	151561101	151679697	+
AKAP13	15	85923833	86292589	+
AKAP14	X	119029855	119054679	+
AKAP3	12	4724673	4758217	-
AKAP4	X	49955419	49965658	-
AKAP5	14	64932216	64941221	+
AKAP6	14	32798503	33306889	+
AKAP7	6	131456606	131604672	+
AKAP8	19	15464195	15490598	-
AKAP8L	19	15490860	15529799	-
AKAP9	7	91570175	91739987	+
AKIP1	11	8932735	8941626	+
AKIRIN1	1	39456915	39471737	+
AKIRIN2	6	88384577	88411951	-
AKNA	9	117096435	117156685	-
AKNAD1	1	109358524	109400866	-
AKR1A1	1	46016454	46035723	+
AKR1B1	7	134127101	134143991	-
AKR1B10	7	134212318	134226164	+
AKR1B15	7	134233861	134264621	+
AKR1C1	10	5005606	5025474	+
AKR1C2	10	5029967	5060225	-
AKR1C3	10	5090957	5149878	+
AKR1C4	10	5238799	5260912	+
AKR1C6P	10	4913858	4958465	-
AKR1C8P	10	5196654	5227150	-
AKR1D1	7	137761204	137803051	+
AKR1E2	10	4868368	4890251	+
AKR7A2	1	19629201	19638640	-
AKR7A2P1	1	113465971	113467295	+
AKR7A3	1	19609066	19615264	-
AKR7L	1	19592475	19600616	-
AKT1	14	105235685	105262085	-
AKT1S1	19	50372289	50381613	-
AKT2	19	40736223	40791252	-
AKT3	1	243651534	244014381	-
AKTIP	16	53524951	53537216	-
ALAD	9	116148591	116163618	-
ALAS1	3	52232098	52248343	+
ALAS2	X	55035487	55057410	-
ALB	4	74270003	74287199	+
ALCAM	3	105085556	105295744	+
ALDH16A1	19	49956481	49974307	+
ALDH18A1	10	97365699	97416468	-
ALDH1A1	9	75515586	75567969	-
ALDH1A2	15	58245621	58358121	-
ALDH1A3	15	101420035	101456830	+
ALDH1B1	9	38392698	38398657	+
ALDH1L1	3	125822403	125900029	-
ALDH1L1-AS1	3	125822482	125826912	+
ALDH1L1-AS2	3	125898907	125929011	+
ALDH1L2	12	105413567	105478236	-
ALDH2	12	112204736	112255335	+
ALDH3A1	17	19641297	19651611	-
ALDH3A2	17	19551462	19580909	+
ALDH3B1	11	67776016	67796743	+
ALDH3B2	11	67429625	67448695	-
ALDH4A1	1	19197923	19229293	-
ALDH5A1	6	24495196	24537435	+
ALDH6A1	14	74523549	74551156	-
ALDH7A1	5	125877532	125930911	-
ALDH8A1	6	135238530	135271239	-
ALDH9A1	1	165631448	165667900	-
ALDOA	16	30075599	30081741	+
ALDOB	9	104182841	104198056	-
ALDOC	17	26900137	26903913	-
ALG1	16	5121843	5137380	+
ALG10	12	34175430	34181236	+
ALG10B	12	38710575	38723523	+
ALG11	13	52586533	52607736	+
ALG12	22	50293876	50312086	-
ALG13	X	110924397	111003875	+
ALG14	1	95439960	95538507	-
ALG14-AS1	1	95527151	95533101	+
ALG1L	3	125648114	125709380	-
ALG1L2	3	129800673	129817233	+
ALG1L9P	11	71505408	71524905	-
ALG2	9	101978706	101984224	-
ALG3	3	183960088	183967313	-
ALG5	13	37523874	37573504	-
ALG6	1	63833297	63904223	+
ALG8	11	77811987	77850699	-
ALG9	11	111652918	111742305	-
ALK	2	29415639	30144452	-
ALKAL1	8	53446596	53477990	-
ALKAL2	2	279557	288091	-
ALKBH1	14	78138746	78174366	-
ALKBH2	12	109525992	109531293	-
ALKBH3	11	43902380	43941824	+
ALKBH3-AS1	11	43930839	43942494	-
ALKBH4	7	102096689	102105310	-
ALKBH5	17	18087141	18113267	+
ALKBH6	19	36500021	36505141	-
ALKBH7	19	6372804	6375261	+
ALKBH8	11	107373452	107436461	-
ALLC	2	3705789	3750260	+
ALMS1	2	73612885	73837046	+
ALMS1-IT1	2	73684229	73686604	+
ALMS1P1	2	73872045	73912694	+
ALOX12	17	6899367	6914073	+
ALOX12-AS1	17	6888441	6915653	-
ALOX12B	17	7975953	7991034	-
ALOX12P2	17	6756894	6803668	+
ALOX15	17	4534213	4544973	-
ALOX15B	17	7942357	7952451	+
ALOX15P1	17	6561037	6564701	+
ALOX5	10	45869613	45941567	+
ALOX5AP	13	31287614	31338565	+
ALOXE3	17	7999217	8022234	-
ALPG	2	233271553	233275424	+
ALPI	2	233320862	233325463	+
ALPK1	4	113218498	113363777	+
ALPK2	18	56148481	56296323	-
ALPK3	15	85360586	85416708	+
ALPL	1	21835476	21904903	+
ALPP	2	233243460	233247599	+
ALS2	2	202564989	202645656	-
ALS2CL	3	46710484	46735169	-
ALX1	12	85673997	85695561	+
ALX3	1	110602491	110613294	-
ALX4	11	44281989	44331689	-
ALYREF	17	79845710	79849463	-
AMACR	5	33986269	34008155	-
AMBN	4	71457972	71473004	+
AMBP	9	116822407	116840580	-
AMBRA1	11	46417961	46615573	-
AMD1	6	111135823	111216915	+
AMDHD1	12	96337108	96362498	+
AMDHD2	16	2570371	2581418	+
AMELX	X	11311532	11318881	+
AMELY	Y	6733958	6742068	-
AMER1	X	63404996	63425588	-
AMER2	13	25735816	25746421	-
AMER3	2	131513112	131525707	+
AMFR	16	56395363	56459457	-
AMH	19	2249321	2252072	+
AMHR2	12	53817638	53825456	+
AMIGO1	1	110046799	110052349	-
AMIGO2	12	47469489	47473742	-
AMIGO3	3	49754261	49757117	-
AMMECR1	X	109437413	109683461	-
AMMECR1L	2	128619206	128643530	-
AMN	14	103388999	103397179	+
AMN1	12	31824070	31882108	-
AMOT	X	112017730	112084059	-
AMOTL1	11	94501521	94609913	+
AMOTL2	3	134074186	134094259	-
AMPD1	1	115215719	115238239	-
AMPD2	1	110162434	110174677	+
AMPD3	11	10471867	10529126	+
AMPH	7	38423296	38671167	-
AMT	3	49454210	49459906	-
AMTN	4	71384285	71398460	+
AMY1A	1	104198140	104301311	+
AMY1B	1	104198324	104301310	-
AMY1C	1	104198137	104301314	+
AMY2A	1	104159953	104168402	+
AMY2B	1	104097265	104122156	+
AMZ1	7	2719155	2804772	+
AMZ2	17	66202269	66253305	+
AMZ2P1	17	62962667	62971703	-
ANAPC1	2	112525216	112641770	-
ANAPC10	4	145915726	146019693	-
ANAPC11	17	79848665	79858409	+
ANAPC13	3	134196545	134204865	-
ANAPC15	11	71817418	71823822	-
ANAPC16	10	73975757	73995618	+
ANAPC1P1	2	87088947	87122165	+
ANAPC1P2	2	87257797	87303536	-
ANAPC1P4	2	88000501	88038768	+
ANAPC1P6	2	106986200	106992994	+
ANAPC2	9	140069235	140083012	-
ANAPC4	4	25378884	25420120	+
ANAPC5	12	121746047	121792012	-
ANAPC7	12	110810704	110841535	-
ANG	14	21152335	21162345	+
ANGEL1	14	77252351	77279225	-
ANGEL2	1	213165523	213189217	-
ANGPT1	8	108261709	108510146	-
ANGPT2	8	6357153	6420766	-
ANGPT4	20	850542	896977	-
ANGPTL1	1	178818669	178840212	-
ANGPTL2	9	129849626	129884914	-
ANGPTL3	1	63063190	63071984	+
ANGPTL4	19	8429038	8439254	+
ANGPTL5	11	101761404	101787253	-
ANGPTL6	19	10203012	10213425	-
ANGPTL7	1	11249411	11256038	+
ANGPTL8	19	11350294	11352619	+
ANHX	12	133794897	133812463	-
ANK1	8	41510743	41754259	-
ANK2	4	113627173	114304896	+
ANK3	10	61786055	62493286	-
ANKAR	2	190539395	190611376	+
ANKDD1A	15	65204100	65251033	+
ANKDD1B	5	74907277	74967671	+
ANKEF1	20	10015634	10038949	+
ANKFN1	17	54230835	54594377	+
ANKFY1	17	4067111	4167274	-
ANKH	5	14704908	14871887	-
ANKHD1	5	139781398	139919434	+
ANKHD1-EIF4EBP3	5	139781398	139929163	+
ANKIB1	7	91875287	92030697	+
ANKK1	11	113258500	113271138	+
ANKLE1	19	17392709	17398455	+
ANKLE2	12	133302089	133338418	-
ANKMY1	2	241418838	241500527	-
ANKMY2	7	16639404	16685379	-
ANKRA2	5	72848015	72861464	-
ANKRD1	10	92671853	92680844	-
ANKRD10	13	111530886	111567416	-
ANKRD11	16	89334039	89556969	-
ANKRD12	18	9136778	9285983	+
ANKRD13A	12	110437234	110477568	+
ANKRD13B	17	27920149	27941779	+
ANKRD13C	1	70724681	70820405	-
ANKRD13D	11	67056773	67069955	+
ANKRD16	10	5903578	5931860	-
ANKRD17	4	73939092	74124515	-
ANKRD18A	9	38571360	38620593	-
ANKRD18B	9	33524248	33575440	+
ANKRD18CP	9	99918174	100001024	-
ANKRD18DP	3	197784404	197807542	-
ANKRD19P	9	95571892	95600739	+
ANKRD2	10	99332197	99343641	+
ANKRD20A1	9	67926376	67969840	+
ANKRD20A11P	21	15316099	15352765	-
ANKRD20A12P	1	142697420	142713605	-
ANKRD20A19P	13	24481422	24523454	-
ANKRD20A4-ANKRD20A20P	9	69381811	69481660	+
ANKRD20A5P	18	14179095	14227049	+
ANKRD20A8P	2	95426672	95522820	-
ANKRD20A9P	13	19385282	19446107	-
ANKRD22	10	90579652	90611601	-
ANKRD23	2	97503648	97509758	-
ANKRD24	19	4183350	4224811	+
ANKRD26	10	27293044	27389423	-
ANKRD26P1	16	46503248	46603009	-
ANKRD26P3	13	19836939	19919113	-
ANKRD27	19	33087911	33166086	-
ANKRD28	3	15708743	15901321	-
ANKRD29	18	21178889	21242875	-
ANKRD30A	10	37414784	37521495	+
ANKRD30B	18	14748170	14854258	+
ANKRD30BL	2	132905166	133015606	-
ANKRD30BP2	21	14410486	14490571	+
ANKRD30BP3	10	45650109	45681489	+
ANKRD31	5	74364121	74532703	-
ANKRD33	12	52281886	52285511	+
ANKRD33B	5	10564181	10657928	+
ANKRD34A	1	145470514	145475647	+
ANKRD34B	5	79852573	79866099	-
ANKRD34C	15	79575063	79590581	+
ANKRD34C-AS1	15	79484048	79576287	-
ANKRD35	1	145549208	145568526	+
ANKRD36	2	97778889	97930257	+
ANKRD36B	2	98121260	98206428	-
ANKRD36BP1	1	168214818	168216668	-
ANKRD36BP2	2	89065418	89106109	+
ANKRD36C	2	96514679	96657572	-
ANKRD37	4	186317994	186321391	+
ANKRD39	2	97513726	97523753	-
ANKRD40	17	48770558	48785275	-
ANKRD40CL	17	48838390	48844879	-
ANKRD42	11	82904753	82967141	+
ANKRD44	2	197851385	198175504	-
ANKRD44-AS1	2	198062714	198063997	+
ANKRD44-IT1	2	198115581	198167243	-
ANKRD45	1	173577474	173638990	-
ANKRD46	8	101521979	101571987	-
ANKRD49	11	94227149	94232744	+
ANKRD50	4	125585202	125633887	-
ANKRD52	12	56631590	56652168	-
ANKRD53	2	71205574	71212629	+
ANKRD54	22	38226861	38245325	-
ANKRD55	5	55395506	55529157	-
ANKRD6	6	90142870	90343553	+
ANKRD60	20	56791181	56803709	-
ANKRD61	7	6071006	6076183	+
ANKRD62	18	12093841	12129748	+
ANKRD62P1-PARP4P3	22	17134598	17156430	-
ANKRD63	15	40570572	40574787	-
ANKRD65	1	1353799	1356824	-
ANKRD66	6	46714653	46726954	+
ANKRD7	7	117864757	117882784	+
ANKRD9	14	102968104	102976113	-
ANKS1A	6	34857031	35059183	+
ANKS1B	12	99128568	100378432	-
ANKS3	16	4746510	4784378	-
ANKS4B	16	21245019	21265171	+
ANKS6	9	101494290	101558837	-
ANKUB1	3	149478889	149510341	-
ANKZF1	2	220094527	220101401	+
ANLN	7	36429470	36493400	+
ANO1	11	69832012	70035636	+
ANO10	3	43407339	43733086	-
ANO2	12	5671821	6055398	-
ANO3	11	26210669	26684836	+
ANO3-AS1	11	26307131	26309554	-
ANO4	12	101188553	101522419	+
ANO5	11	22214630	22304903	+
ANO6	12	45609877	45834187	+
ANO7	2	242128091	242165390	+
ANO8	19	17434031	17445664	-
ANO9	11	417937	442011	-
ANOS1	X	8496914	8700178	-
ANP32A	15	69070874	69113234	-
ANP32A-IT1	15	69096159	69099440	-
ANP32AP1	15	35529526	35530264	+
ANP32B	9	100745622	100778224	+
ANP32C	4	165118158	165118863	-
ANP32D	12	48866341	48867405	+
ANP32E	1	150190716	150208460	-
ANPEP	15	90328125	90358084	-
ANTKMT	16	771145	772590	+
ANTXR1	2	69240275	69476459	+
ANTXR2	4	80822299	80994626	-
ANTXRL	10	47658232	47701443	+
ANTXRLP1	10	47590260	47640844	-
ANXA1	9	75766780	75785309	+
ANXA10	4	169013687	169108887	+
ANXA11	10	81910644	81965564	-
ANXA13	8	124693033	124749633	-
ANXA2	15	60639349	60690185	-
ANXA2P1	4	154228620	154229963	-
ANXA2P2	9	33624222	33625532	+
ANXA2P3	10	66585284	66586634	+
ANXA2R	5	43039472	43043349	-
ANXA3	4	79472923	79531599	+
ANXA4	2	69870939	70054244	+
ANXA5	4	122589100	122618135	-
ANXA6	5	150480266	150537340	-
ANXA7	10	75134858	75173816	-
ANXA8	10	47157983	48271368	-
ANXA8L1	10	47747035	47763035	+
ANXA9	1	150954767	150968109	+
AOAH	7	36552548	36764154	-
AOAH-IT1	7	36637439	36639726	-
AOC1	7	150549604	150558592	+
AOC2	17	40996596	41002724	+
AOC3	17	41003200	41010147	+
AOC4P	17	41019161	41021234	+
AOPEP	9	97488950	97849500	+
AOX1	2	201450736	201536217	+
AOX3P-AOX2P	2	201560445	201659638	+
AP1AR	4	113152942	113194266	+
AP1B1	22	29723668	29784572	-
AP1B1P1	22	32517963	32529456	+
AP1G1	16	71762904	71842737	-
AP1G2	14	24028775	24037000	-
AP1M1	19	16308721	16356714	+
AP1M2	19	10683346	10697988	-
AP1S1	7	100797756	100804557	+
AP1S2	X	15843928	15872936	-
AP1S3	2	224620042	224702299	-
AP2A1	19	50270257	50310371	+
AP2A2	11	925808	1012245	+
AP2B1	17	33914340	34053430	+
AP2M1	3	183892633	183901879	+
AP2S1	19	47341392	47354103	-
AP3B1	5	77296345	77590522	-
AP3B2	15	83328032	83378660	-
AP3D1	19	2100986	2151565	-
AP3M1	10	75880012	75910586	-
AP3M2	8	42010463	42028701	+
AP3S1	5	115177631	115249778	+
AP3S2	15	90373830	90437226	-
AP4B1	1	114436816	114447650	-
AP4B1-AS1	1	114355233	114443859	+
AP4E1	15	51200879	51298092	+
AP4M1	7	99699265	99706647	+
AP4S1	14	31494311	31565656	+
AP5B1	11	65541368	65548447	-
AP5M1	14	57735688	57765460	+
AP5S1	20	3801170	3809485	+
AP5Z1	7	4815253	4834028	+
APAF1	12	99039067	99129211	+
APBA1	9	72042447	72287287	-
APBA2	15	29131119	29410516	+
APBA3	19	3750769	3761690	-
APBB1	11	6416353	6440683	-
APBB1IP	10	26727269	26856732	+
APBB2	4	40812043	41216559	-
APBB3	5	139937852	139944189	-
APC	5	112043194	112181936	+
APC2	19	1450119	1473243	+
APCDD1	18	10454631	10489946	+
APCDD1L	20	57034159	57090455	-
APCDD1L-DT	20	57090434	57194948	+
APCS	1	159557615	159558655	+
APEH	3	49711783	49721404	+
APELA	4	165798329	165818679	+
APEX1	14	20923384	20925926	+
APEX2	X	55026795	55035490	+
APH1A	1	150237798	150241609	-
APH1B	15	63569748	63601325	+
API5	11	43333545	43366079	+
APIP	11	34903842	34937926	-
APLF	2	68694716	68807294	+
APLN	X	128779235	128788933	-
APLNR	11	57001050	57004927	-
APLP1	19	36359346	36370699	+
APLP2	11	129939788	130014706	+
APMAP	20	24943560	24973387	-
APOA1	11	116706466	116708666	-
APOA1-AS	11	116706832	116726445	+
APOA2	1	161192081	161193418	-
APOA4	11	116691415	116694020	-
APOA5	11	116660082	116663136	-
APOB	2	21224300	21266945	-
APOBEC1	12	7801995	7823195	-
APOBEC2	6	41020939	41032630	+
APOBEC3A	22	39353613	39359189	+
APOBEC3A_B	22	39353526	39388783	+
APOBEC3B	22	39378351	39388784	+
APOBEC3B-AS1	22	39387563	39394225	-
APOBEC3C	22	39410261	39416357	+
APOBEC3D	22	39417131	39429282	+
APOBEC3F	22	39436868	39451975	+
APOBEC3G	22	39473009	39483748	+
APOBEC3H	22	39493228	39500072	+
APOBEC4	1	183615410	183622451	-
APOBR	16	28505963	28510285	+
APOC1	19	45417581	45422601	+
APOC1P1	19	45430059	45434643	+
APOC2	19	45449307	45452822	+
APOC3	11	116700622	116703788	+
APOC4	19	45445493	45448753	+
APOC4-APOC2	19	45445494	45452822	+
APOD	3	195295575	195310811	-
APOE	19	45409052	45412652	+
APOF	12	56754351	56756641	-
APOH	17	64208150	64225533	-
APOL1	22	36649116	36663577	+
APOL2	22	36622254	36636000	-
APOL3	22	36536370	36562225	-
APOL4	22	36585175	36600879	-
APOL5	22	36113918	36125529	+
APOL6	22	36044492	36064451	+
APOLD1	12	12878850	12944399	+
APOM	6	31620180	31625987	+
APOO	X	23851475	23926055	-
APOOL	X	84258882	84348321	+
APOOP5	16	59788044	59789095	-
APP	21	27252860	27543446	-
APPBP2	17	58520509	58603603	-
APPL1	3	57261756	57307498	+
APPL2	12	105567074	105630008	-
APRT	16	88875746	88878336	-
APTR	7	77286976	77326662	-
APTX	9	32972603	33025118	-
AQP1	7	30951467	30965131	+
AQP10	1	154293568	154297801	+
AQP11	11	77300679	77321401	+
AQP12A	2	241631282	241637900	+
AQP12B	2	241615834	241622302	-
AQP2	12	50344519	50352661	+
AQP3	9	33441159	33447591	-
AQP4	18	24432001	24445767	-
AQP4-AS1	18	24445271	24515910	+
AQP5	12	50355654	50359465	+
AQP6	12	50366729	50370922	+
AQP7	9	33383190	33402680	-
AQP7P1	9	67270214	67289492	-
AQP7P3	9	42858151	67289251	+
AQP8	16	25228267	25240253	+
AQP9	15	58430367	58478110	+
AQR	15	35143982	35261943	-
AR	X	66763862	66950461	+
ARAF	X	47420498	47431320	+
ARAP1	11	72396113	72463434	-
ARAP1-AS2	11	72411518	72416652	+
ARAP2	4	36007025	36246136	-
ARAP3	5	141032968	141061797	-
ARC	8	143692409	143695840	-
ARCN1	11	118443101	118473747	+
AREG	4	75310852	75490480	+
AREL1	14	75127958	75179783	-
ARF1	1	228270360	228286913	+
ARF3	12	49329505	49351270	-
ARF4	3	57557089	57583071	-
ARF4-AS1	3	57583515	57586642	+
ARF5	7	127228464	127231754	+
ARF6	14	50359799	50363772	+
ARFGAP1	20	61904136	61921142	+
ARFGAP2	11	47185848	47198676	-
ARFGAP3	22	43192508	43253279	-
ARFGEF1	8	68109892	68256016	-
ARFGEF2	20	47538247	47653230	+
ARFGEF3	6	138483075	138665800	+
ARFIP1	4	153701088	153833509	+
ARFIP2	11	6497748	6502561	-
ARFRP1	20	62329994	62339365	-
ARG1	6	131894365	131905469	+
ARG2	14	68086636	68118422	+
ARGFX	3	121286795	121309469	+
ARGFXP2	17	30477386	30478590	-
ARGLU1	13	107194020	107220485	-
ARHGAP1	11	46698630	46722169	-
ARHGAP10	4	148653238	148993927	+
ARHGAP11A	15	32907344	32932142	+
ARHGAP11A-SCG5	15	32907676	32989299	+
ARHGAP11B	15	30918350	30941385	+
ARHGAP12	10	32094325	32217804	-
ARHGAP15	2	143886987	144525921	+
ARHGAP17	16	24930711	25026690	-
ARHGAP18	6	129897276	130031322	-
ARHGAP19	10	98981929	99052430	-
ARHGAP19-SLIT1	10	98912798	99052430	-
ARHGAP20	11	110447766	110583912	-
ARHGAP21	10	24872542	25012816	-
ARHGAP22	10	49654078	49864310	-
ARHGAP22-IT1	10	49717894	49719632	-
ARHGAP23	17	36584707	36668621	+
ARHGAP24	4	86396302	86923819	+
ARHGAP25	2	68961942	69053957	+
ARHGAP26	5	142149941	142608576	+
ARHGAP26-AS1	5	142239169	142248475	-
ARHGAP26-IT1	5	142572064	142573731	+
ARHGAP27	17	43471273	43510236	-
ARHGAP27P1	17	62774256	62777622	-
ARHGAP27P1-BPTFP1-KPNA2P3	17	62745779	62778117	-
ARHGAP27P2	17	66194800	66196443	+
ARHGAP28	18	6729714	6915712	+
ARHGAP29	1	94634460	94713302	-
ARHGAP30	1	161016735	161039681	-
ARHGAP31	3	119013229	119139561	+
ARHGAP31-AS1	3	119033139	119041607	-
ARHGAP32	11	128834954	129149413	-
ARHGAP33	19	36266465	36279724	+
ARHGAP35	19	47364253	47508333	+
ARHGAP36	X	130192319	130223859	+
ARHGAP39	8	145754562	145911231	-
ARHGAP4	X	153172831	153191718	-
ARHGAP40	20	37230451	37279296	+
ARHGAP42	11	100558018	100864672	+
ARHGAP42-AS1	11	100554891	100558686	-
ARHGAP44	17	12692814	12894960	+
ARHGAP45	19	1065957	1087830	+
ARHGAP5	14	32546509	32628934	+
ARHGAP5-AS1	14	32544624	32545905	-
ARHGAP6	X	11155664	11684040	-
ARHGAP8	22	45148437	45258664	+
ARHGAP9	12	57866051	57882607	-
ARHGDIA	17	79825596	79829213	-
ARHGDIB	12	15094948	15114535	-
ARHGDIG	16	330590	333010	+
ARHGEF1	19	42387250	42411604	+
ARHGEF10	8	1772091	1906807	+
ARHGEF10L	1	17866192	18024370	+
ARHGEF11	1	156904631	157016695	-
ARHGEF12	11	120207121	120360646	+
ARHGEF15	17	8213558	8225834	+
ARHGEF16	1	3371228	3397677	+
ARHGEF17	11	73019320	73080433	+
ARHGEF18	19	7413841	7537364	+
ARHGEF19	1	16524348	16539147	-
ARHGEF2	1	155916629	155949351	-
ARHGEF25	12	58003898	58011028	+
ARHGEF26	3	153838791	153975616	+
ARHGEF26-AS1	3	153742189	153838999	-
ARHGEF28	5	72921982	73237818	+
ARHGEF3	3	56761447	57113296	-
ARHGEF3-AS1	3	56974067	56994880	+
ARHGEF33	2	39117015	39202593	+
ARHGEF34P	7	143956088	143983096	-
ARHGEF35	7	143883175	143892972	-
ARHGEF35-AS1	7	143892413	143996682	+
ARHGEF37	5	148961060	149014530	+
ARHGEF38	4	106473776	106602071	+
ARHGEF38-IT1	4	106482747	106491392	+
ARHGEF39	9	35659339	35665192	-
ARHGEF4	2	131594486	131804826	+
ARHGEF40	14	21538462	21558406	+
ARHGEF5	7	144052494	144077725	+
ARHGEF6	X	135747711	135863091	-
ARHGEF7	13	111766965	111958081	+
ARHGEF7-AS1	13	111796651	111800912	-
ARHGEF7-AS2	13	111766158	111768025	-
ARHGEF9	X	62854846	63005094	-
ARHGEF9-IT1	X	62890075	62891382	-
ARID1A	1	27022505	27108595	+
ARID1B	6	157097159	157531913	+
ARID2	12	46123488	46301820	+
ARID3A	19	926034	975937	+
ARID3B	15	74833517	74890472	+
ARID3C	9	34621045	34629052	-
ARID4A	14	58765221	58840591	+
ARID4B	1	235330209	235491494	-
ARID5A	2	97202488	97218375	+
ARID5B	10	63661457	63856703	+
ARIH1	15	72766670	72895328	+
ARIH2	3	48956274	49023815	+
ARIH2OS	3	48955220	48956818	-
ARL1	12	101786893	101801598	-
ARL10	5	175792470	175808912	+
ARL11	13	50202642	50208008	+
ARL13A	X	100224696	100245820	+
ARL13B	3	93698982	93774522	+
ARL14	3	160394947	160396235	+
ARL14EP	11	30344650	30359770	+
ARL14EPL	5	115368168	115395186	+
ARL15	5	53179771	53606403	-
ARL16	17	79648194	79650954	-
ARL17A	17	43623168	45126718	+
ARL17B	17	44351549	45137515	-
ARL2	11	64781631	64789656	+
ARL2-SNX15	11	64781584	64808044	+
ARL2BP	16	57279170	57287547	+
ARL3	10	104433487	104474154	-
ARL4A	7	12726451	12730583	+
ARL4C	2	235401685	235405725	-
ARL4D	17	41476360	41478505	+
ARL5A	2	152655310	152684935	-
ARL5B	10	18948359	18970568	+
ARL5C	17	37313146	37322414	-
ARL6	3	97483364	97520086	+
ARL6IP1	16	18802988	18812871	-
ARL6IP4	12	123464606	123467460	+
ARL6IP5	3	69134087	69155243	+
ARL6IP6	2	153574161	153618910	+
ARL8A	1	202102531	202113871	-
ARL8B	3	5163976	5222596	+
ARL9	4	57371374	57390622	+
ARLNC1	16	80862631	80926493	-
ARMC1	8	66514690	66546452	-
ARMC10	7	102715327	102740210	+
ARMC12	6	35704808	35716856	+
ARMC2	6	109169618	109295677	+
ARMC2-AS1	6	109229342	109245306	-
ARMC3	10	23216952	23327452	+
ARMC4	10	28101096	28288008	-
ARMC4P1	10	27547690	27623984	+
ARMC5	16	31469624	31478488	+
ARMC6	19	19144411	19168985	+
ARMC7	17	73106063	73126367	+
ARMC8	3	137906089	138017228	+
ARMC9	2	232063344	232241559	+
ARMCX1	X	100805529	100809675	+
ARMCX2	X	100910267	100914835	-
ARMCX3	X	100878119	100882833	+
ARMCX4	X	100673265	100790975	+
ARMCX5	X	101854133	101859085	+
ARMCX5-GPRASP2	X	101854275	102163032	+
ARMCX6	X	100870107	100872991	-
ARMH1	1	45140385	45191263	+
ARMH2	6	24797562	24799145	-
ARMH3	10	103605355	103815930	-
ARMH4	14	58467482	58618931	-
ARMS2	10	124214168	124216868	+
ARMT1	6	151773392	151791234	+
ARNT	1	150782189	150849075	-
ARNT2	15	80696723	80890274	+
ARNTL	11	13298198	13408812	+
ARNTL2	12	27485768	27578746	+
ARNTL2-AS1	12	27542721	27599567	-
ARPC1A	7	98923495	98963885	+
ARPC1B	7	98972352	98992439	+
ARPC2	2	219081911	219119071	+
ARPC3	12	110872627	110888216	-
ARPC4	3	9834178	9849408	+
ARPC4-TTLL3	3	9834231	9878040	+
ARPC5	1	183589980	183604918	-
ARPC5L	9	127624408	127640012	+
ARPIN	15	90438238	90456184	-
ARPIN-AP3S2	15	90373830	90456184	-
ARPP19	15	52839241	52861643	-
ARPP21	3	35680344	35835988	+
ARR3	X	69488183	69501690	+
ARRB1	11	74971165	75062705	-
ARRB2	17	4613926	4624792	+
ARRDC1	9	140500091	140509812	+
ARRDC1-AS1	9	140509783	140513347	-
ARRDC2	19	18111932	18124911	+
ARRDC3	5	90664447	90679134	-
ARRDC3-AS1	5	90676163	90716532	+
ARRDC4	15	98503932	98517063	+
ARRDC5	19	4890448	4902908	-
ARSA	22	51061181	51066580	-
ARSB	5	78073036	78281781	-
ARSD	X	2822012	2847380	-
ARSD-AS1	X	2822944	2824163	+
ARSF	X	2958274	3030770	+
ARSG	17	66255310	66448160	+
ARSH	X	2924586	2952151	+
ARSI	5	149675905	149682468	-
ARSJ	4	114821439	114900803	-
ARSK	5	94890804	94940806	+
ARSL	X	2852561	2886286	-
ART1	11	3666357	3685646	+
ART3	4	76932342	77033939	+
ART4	12	14978502	14996460	-
ART5	11	3659735	3663546	-
ARTN	1	44398991	44402912	+
ARV1	1	231114839	231136479	+
ARVCF	22	19957418	20004346	-
ARX	X	25021810	25034082	-
AS-PTPRE	10	129855995	129860689	-
AS3MT	10	104629226	104661655	+
ASAH1	8	17913500	17942470	-
ASAH2	10	51944620	52011276	-
ASAH2B	10	52499695	52519012	+
ASAP1	8	131064350	131455920	-
ASAP1-IT1	8	131307600	131308779	-
ASAP1-IT2	8	131094983	131097014	-
ASAP2	2	9346893	9545812	+
ASAP3	1	23755055	23810672	-
ASB1	2	239335567	239360891	+
ASB10	7	150872784	150884879	-
ASB11	X	15299830	15333762	-
ASB12	X	63444073	63450487	-
ASB13	10	5680829	5708558	-
ASB14	3	57302369	57326713	-
ASB15	7	123241874	123279534	+
ASB15-AS1	7	123254214	123265011	-
ASB16	17	42248071	42256452	+
ASB16-AS1	17	42253341	42264085	-
ASB17	1	76384557	76398089	-
ASB18	2	237102094	237172988	-
ASB2	14	94400511	94442916	-
ASB3	2	53897116	54014090	-
ASB4	7	95115212	95169545	+
ASB5	4	177134825	177190373	-
ASB6	9	132396882	132404448	-
ASB7	15	101142754	101191904	+
ASB8	12	48541571	48551298	-
ASB9	X	15262108	15288589	-
ASB9P1	15	93338713	93340338	+
ASCC1	10	73855789	73976892	-
ASCC2	22	30184600	30234263	-
ASCC3	6	100956070	101329248	-
ASCL1	12	103351451	103354289	+
ASCL2	11	2289727	2291818	-
ASCL3	11	8959118	8964580	-
ASCL4	12	108168161	108170421	+
ASCL5	1	201083080	201084500	-
ASDURF	2	190526124	190531127	+
ASF1A	6	119215315	119230335	+
ASF1B	19	14230323	14247401	-
ASGR1	17	7076750	7082883	-
ASGR2	17	7004640	7018130	-
ASH1L	1	155305058	155532594	-
ASH1L-AS1	1	155531832	155533735	+
ASH2L	8	37963010	37997598	+
ASIC1	12	50451378	50477405	+
ASIC2	17	31340105	32483825	-
ASIC3	7	150745378	150749843	+
ASIC4	2	220379203	220403494	+
ASIC5	4	156750880	156787429	-
ASIP	20	32782367	32857150	+
ASL	7	65540805	65558560	+
ASNS	7	97480988	97557753	-
ASNSD1	2	190526124	190535557	+
ASNSP1	8	47490836	47529265	-
ASPA	17	3377403	3406699	+
ASPDH	19	51014859	51017941	-
ASPG	14	104552036	104581919	+
ASPH	8	62413114	62627199	-
ASPHD1	16	29911808	29917377	+
ASPHD2	22	26825225	26840981	+
ASPM	1	197053256	197115824	-
ASPN	9	95218488	95244788	-
ASPRV1	2	70187220	70189397	-
ASPSCR1	17	79935504	79975282	+
ASRGL1	11	62104919	62160884	+
ASS1	9	133320093	133376661	+
ASTE1	3	130732716	130745698	-
ASTL	2	96789588	96804175	-
ASTN1	1	176826440	177134040	-
ASTN2	9	119185390	120177335	-
ASTN2-AS1	9	119266561	119324572	+
ASXL1	20	30946133	31027122	+
ASXL2	2	25956621	26101356	-
ASXL3	18	31158182	31331158	+
ASZ1	7	117003275	117067547	-
ATAD1	10	89511268	89577988	-
ATAD2	8	124332090	124408687	-
ATAD2B	2	23971533	24149993	-
ATAD3A	1	1447541	1470067	+
ATAD3B	1	1407144	1433228	+
ATAD3C	1	1385068	1405542	+
ATAD5	17	29158983	29222883	+
ATAT1	6	30594650	30614598	+
ATCAY	19	3880682	3928080	+
ATE1	10	123499935	123688316	-
ATE1-AS1	10	123687826	123711480	+
ATF1	12	51157883	51214945	+
ATF2	2	175936977	176032934	-
ATF3	1	212738675	212794119	+
ATF4	22	39916563	39918691	+
ATF5	19	50431958	50437193	+
ATF6	1	161736109	161933860	+
ATF6B	6	32083040	32096023	-
ATF7	12	53901639	54020199	-
ATF7-NPFF	12	53900471	54020166	-
ATF7IP	12	14518565	14655869	+
ATF7IP2	16	10479917	10577495	+
ATG10	5	81267841	81551952	+
ATG101	12	52463757	52471279	+
ATG12	5	115163896	115177262	-
ATG13	11	46638825	46697568	+
ATG14	14	55833108	55878548	-
ATG16L1	2	234160216	234204320	+
ATG16L2	11	72525455	72540680	+
ATG2A	11	64662017	64684681	-
ATG2B	14	96745531	96829678	-
ATG3	3	112251356	112280809	-
ATG4A	X	107334896	107397901	+
ATG4B	2	242577107	242613271	+
ATG4C	1	63249776	63331185	+
ATG4D	19	10654579	10664094	+
ATG5	6	106632351	106773695	-
ATG7	3	11314082	11606126	+
ATG9A	2	220084101	220094358	-
ATG9B	7	150709296	150721586	-
ATIC	2	216176781	216214487	+
ATL1	14	50999799	51099784	+
ATL2	2	38521095	38605726	-
ATL3	11	63391558	63439446	-
ATM	11	108093558	108239829	+
ATMIN	16	81069446	81080955	+
ATN1	12	7033621	7051484	+
ATOH1	4	94749903	94752115	+
ATOH7	10	69990351	69991870	-
ATOH8	2	85981113	86018506	+
ATOX1	5	151122382	151138192	-
ATP10A	15	25923859	26108349	-
ATP10B	5	159990126	160279218	-
ATP10D	4	47487291	47595503	+
ATP11A	13	113344642	113541482	+
ATP11A-AS1	13	113399762	113409045	-
ATP11AUN	13	113301357	113338811	+
ATP11B	3	182511291	182639417	+
ATP11C	X	138808506	139015212	-
ATP12A	13	25254545	25286610	+
ATP13A1	19	19756009	19774485	-
ATP13A2	1	17312452	17338423	-
ATP13A3	3	194123402	194207731	-
ATP13A4	3	193116755	193272684	-
ATP13A4-AS1	3	193271001	193273373	+
ATP13A5	3	192992577	193096542	-
ATP13A5-AS1	3	193025032	193032310	+
ATP1A1	1	116915865	116947396	+
ATP1A1-AS1	1	116935486	116961244	-
ATP1A2	1	160085548	160113374	+
ATP1A3	19	42470733	42498382	-
ATP1A4	1	160121392	160156770	+
ATP1B1	1	169075927	169101957	+
ATP1B2	17	7549944	7561089	+
ATP1B3	3	141595484	141645390	+
ATP1B4	X	119495943	119517091	+
ATP23	12	58335349	58352931	+
ATP2A1	16	28889808	28915832	+
ATP2A1-AS1	16	28890277	28891242	-
ATP2A2	12	110719051	110788897	+
ATP2A3	17	3827162	3867758	-
ATP2B1	12	89981825	90103143	-
ATP2B1-AS1	12	90102731	90105729	+
ATP2B2	3	10365706	10661646	-
ATP2B2-IT2	3	10667700	10668492	-
ATP2B3	X	152801579	152848387	+
ATP2B4	1	203595914	203713209	+
ATP2C1	3	130569438	130735555	+
ATP2C2	16	84402128	84497793	+
ATP2C2-AS1	16	84492864	84500967	-
ATP4A	19	36040932	36054560	-
ATP4B	13	114303120	114312513	-
ATP5F1A	18	43660213	43684199	-
ATP5F1B	12	57031958	57039768	-
ATP5F1C	10	7830066	7849762	+
ATP5F1D	19	1241749	1244824	+
ATP5F1E	20	57600529	57607390	-
ATP5IF1	1	28562601	28564616	+
ATP5MC1	17	46970148	46973232	+
ATP5MC2	12	54058943	54070114	-
ATP5MC3	2	176040985	176046438	-
ATP5MD	10	105148808	105156232	-
ATP5ME	4	666224	668065	-
ATP5MF	7	99055780	99063790	-
ATP5MF-PTCD1	7	99014361	99063790	-
ATP5MG	11	118272103	118280562	+
ATP5MGL	22	43035808	43036607	-
ATP5MPL	14	104378624	104387866	-
ATP5PB	1	111992085	112005395	+
ATP5PD	17	73034957	73043064	-
ATP5PF	21	27096790	27107965	-
ATP5PO	21	35275756	35288108	-
ATP6AP1	X	153657022	153664862	+
ATP6AP1L	5	81574468	81615751	+
ATP6AP2	X	40440221	40466100	+
ATP6V0A1	17	40610895	40674597	+
ATP6V0A2	12	124196899	124246301	+
ATP6V0A4	7	138391038	138482941	-
ATP6V0B	1	44440631	44443967	+
ATP6V0C	16	2563726	2570224	+
ATP6V0CP3	6	42695313	42695932	+
ATP6V0D1	16	67471921	67515060	-
ATP6V0D2	8	87111138	87166454	+
ATP6V0E1	5	172410773	172462448	+
ATP6V0E2	7	149570052	149577801	+
ATP6V0E2-AS1	7	149564782	149570951	-
ATP6V1A	3	113465881	113530903	+
ATP6V1B1	2	71163029	71192561	+
ATP6V1B1-AS1	2	71169142	71175741	-
ATP6V1B2	8	20054891	20079207	+
ATP6V1C1	8	104033310	104085279	+
ATP6V1C2	2	10861755	10925236	+
ATP6V1D	14	67804588	67826521	-
ATP6V1E1	22	18074902	18111588	-
ATP6V1E2	2	46738985	46769716	-
ATP6V1F	7	128502909	128505901	+
ATP6V1FNB	7	128506383	128512101	+
ATP6V1G1	9	117350048	117361159	+
ATP6V1G2	6	31512220	31514519	-
ATP6V1G2-DDX39B	6	31497995	31514625	-
ATP6V1G3	1	198492351	198510075	-
ATP6V1H	8	54628102	54755871	-
ATP7A	X	77166152	77305892	+
ATP7B	13	52506805	52585630	-
ATP8A1	4	42410390	42659122	-
ATP8A2	13	25946111	26599989	+
ATP8B1	18	55313658	55470547	-
ATP8B2	1	154298000	154323780	+
ATP8B3	19	1782073	1812275	-
ATP8B4	15	50150434	50411430	-
ATP8B5P	9	35406751	35483026	+
ATP9A	20	50213054	50384929	-
ATP9B	18	76829393	77138282	+
ATPAF1	1	47098410	47134115	-
ATPAF2	17	17921334	17942482	-
ATPSCKMT	5	10225619	10250021	-
ATR	3	142168076	142297575	-
ATRAID	2	27435227	27440050	+
ATRIP	3	48488113	48509044	+
ATRIP-TREX1	3	48488182	48509044	+
ATRN	20	3451664	3631762	+
ATRNL1	10	116853123	117708509	+
ATRX	X	76760355	77041702	-
ATXN1	6	16299342	16761721	-
ATXN1-AS1	6	16761368	16767114	+
ATXN10	22	46067677	46241187	+
ATXN1L	16	71879878	71891231	+
ATXN2	12	111890017	112037480	-
ATXN2-AS	12	112037301	112038059	+
ATXN2L	16	28834368	28848558	+
ATXN3	14	92524895	92572965	-
ATXN3L	X	13336765	13338518	-
ATXN7	3	63848819	63989136	+
ATXN7L1	7	105245218	105517045	-
ATXN7L2	1	110026526	110035420	+
ATXN7L3	17	42269172	42277252	-
ATXN7L3B	12	74931614	74939210	+
ATXN8OS	13	70681344	70713885	+
AUH	9	93976096	94124251	-
AUNIP	1	26158403	26185949	-
AUP1	2	74753778	74756833	-
AURKA	20	54944444	54967393	-
AURKAIP1	1	1309115	1310587	-
AURKAP1	1	220439520	220441057	-
AURKB	17	8108048	8113893	-
AURKC	19	57742390	57746916	+
AUTS2	7	69063460	70258492	+
AVEN	15	34158427	34331405	-
AVIL	12	58191159	58209852	-
AVL9	7	32535100	32628338	+
AVP	20	3063201	3065370	-
AVPI1	10	99437180	99446998	-
AVPR1A	12	63536538	63544981	-
AVPR1B	1	206223942	206234394	+
AVPR2	X	153168078	153172620	+
AWAT1	X	69454504	69460509	+
AWAT2	X	69260391	69269788	-
AXDND1	1	179335105	179523870	+
AXIN1	16	337439	402723	-
AXIN2	17	63524682	63557766	-
AXL	19	41725127	41767672	+
AZGP1	7	99564352	99573654	-
AZGP1P1	7	99578384	99581860	+
AZI2	3	28362538	28390315	-
AZIN1	8	103838529	103876428	-
AZIN2	1	33546753	33589093	+
AZU1	19	827836	832018	+
B2M	15	45003714	45010343	+
B3GALNT1	3	160801670	160823160	-
B3GALNT2	1	235610504	235667752	-
B3GALT1	2	168149510	168730554	+
B3GALT1-AS1	2	168671283	168797654	-
B3GALT2	1	193147859	193155743	-
B3GALT4	6	33244899	33246602	+
B3GALT5	21	40984866	41045064	+
B3GALT5-AS1	21	40969074	40984749	-
B3GALT6	1	1167616	1170420	+
B3GAT1	11	134248397	134282136	-
B3GAT1-DT	11	134306375	134375555	+
B3GAT2	6	71566381	71666763	-
B3GAT3	11	62382767	62389458	-
B3GLCT	13	31774111	31906411	+
B3GNT10	9	123555773	123564006	+
B3GNT2	2	62423249	62451866	+
B3GNT3	19	17905946	17924385	+
B3GNT4	12	122688227	122693499	+
B3GNT5	3	182971040	182991173	+
B3GNT6	11	76745441	76753005	+
B3GNT7	2	232260420	232265875	+
B3GNT8	19	41931263	41934635	-
B3GNT9	16	67182006	67184901	-
B3GNTL1	17	80900024	81009686	-
B4GALNT1	12	58017191	58027022	-
B4GALNT2	17	47209821	47254200	+
B4GALNT3	12	569104	672666	+
B4GALNT4	11	369498	382117	+
B4GALT1	9	33104074	33167334	-
B4GALT1-AS1	9	33166945	33179981	+
B4GALT2	1	44444873	44456843	+
B4GALT3	1	161141099	161147758	-
B4GALT4	3	118930588	118959725	-
B4GALT4-AS1	3	118945332	119009513	+
B4GALT5	20	48249482	48330415	-
B4GALT6	18	29202208	29266006	-
B4GALT7	5	177027132	177037331	+
B4GAT1	11	66112844	66115100	-
B9D1	17	19238009	19281226	-
B9D2	19	41860321	41870054	-
BAALC	8	104152952	104242533	+
BAALC-AS1	8	104169217	104184368	-
BAALC-AS2	8	104145190	104153570	-
BAAT	9	104122698	104147288	-
BABAM1	19	17378184	17390162	+
BABAM2	2	28111575	28561767	+
BABAM2-AS1	2	28112322	28113981	-
BACE1	11	117155922	117186972	-
BACE1-AS	11	117162061	117162886	+
BACE2	21	42540086	42654457	+
BACH1	21	30671242	30734217	+
BACH1-IT2	21	30744820	30746300	+
BACH1-IT3	21	30868366	30872702	+
BACH2	6	90636246	91006627	-
BAD	11	64037299	64052176	-
BAG1	9	33252469	33264706	-
BAG2	6	57037123	57054631	+
BAG3	10	121410891	121437329	+
BAG4	8	38034372	38070819	+
BAG5	14	104022880	104029151	-
BAG6	6	31606804	31620477	-
BAGE	21	11057795	11098937	-
BAGE2	21	10994182	11098960	-
BAGE3	21	11020841	11098925	-
BAGE4	21	11020841	11098925	-
BAGE5	21	11020841	11098925	-
BAHCC1	17	79369256	79433357	+
BAHD1	15	40731955	40760435	+
BAIAP2	17	79008950	79091234	+
BAIAP2-DT	17	79002932	79008519	-
BAIAP2L1	7	97920961	98030402	-
BAIAP2L2	22	38480907	38506691	-
BAIAP3	16	1383645	1399442	+
BAK1	6	33540328	33548053	-
BAMBI	10	28966449	28971861	+
BANCR	9	71911596	71921972	-
BANF1	11	65769549	65771620	+
BANF2	20	17674319	17716517	+
BANK1	4	102711763	102995969	+
BANP	16	87982843	88110924	+
BAP1	3	52435024	52444024	-
BARD1	2	215590369	215674407	-
BARHL1	9	135457992	135465639	+
BARHL2	1	91177095	91182859	-
BARX1	9	96713908	96717637	-
BARX1-DT	9	96718115	96720204	+
BARX2	11	129245742	129322174	+
BASP1	5	17216931	17276954	+
BASP1-AS1	5	17130136	17217531	-
BASP1P1	13	23471168	23472320	-
BATF	14	75988811	76013334	+
BATF2	11	64755416	64764443	-
BATF3	1	212859758	212873182	-
BAX	19	49458116	49465055	+
BAZ1A	14	35221936	35344566	-
BAZ1B	7	72854736	72936623	-
BAZ2A	12	56989379	57030143	-
BAZ2B	2	160175489	160568953	-
BBC3	19	47724080	47735924	-
BBIP1	10	112658487	112678938	-
BBOF1	14	74486051	74532795	+
BBOX1	11	27062361	27149356	+
BBOX1-AS1	11	27068732	27241660	-
BBS1	11	66278105	66301069	+
BBS10	12	76738253	76742195	-
BBS12	4	123653856	123666098	+
BBS2	16	56504314	56553936	-
BBS4	15	72978519	73030817	+
BBS5	2	170336003	170363165	+
BBS7	4	122745483	122791652	-
BBS9	7	33168896	33675379	+
BBX	3	107241808	107530186	+
BCAM	19	45312315	45324678	+
BCAN	1	156611908	156629320	+
BCAP29	7	107220451	107263762	+
BCAP31	X	152965946	152989842	-
BCAR1	16	75262078	75301905	-
BCAR3	1	94027297	94312775	-
BCAR3-AS1	1	94057524	94065587	+
BCAR4	16	11913690	11922689	-
BCAS1	20	52560076	52687304	-
BCAS2	1	115110180	115124236	-
BCAS3	17	58755211	59470192	+
BCAS4	20	49411430	49493714	+
BCAT1	12	24962957	25102035	-
BCAT2	19	49298320	49314286	-
BCCIP	10	127512114	127542264	+
BCDIN3D	12	50229825	50236889	-
BCDIN3D-AS1	12	50222325	50234937	+
BCHE	3	165490691	165555211	-
BCKDHA	19	41903722	41930907	+
BCKDHB	6	80816326	81055987	+
BCKDK	16	31119706	31124112	+
BCL10	1	85731459	85742315	-
BCL11A	2	60677654	60780789	-
BCL11B	14	99635624	99738534	-
BCL2	18	60790578	60987002	-
BCL2A1	15	80253233	80263538	-
BCL2L1	20	30252254	30311766	-
BCL2L10	15	52401465	52404972	-
BCL2L11	2	111878490	111926022	+
BCL2L12	19	50168398	50177173	+
BCL2L13	22	18121349	18213621	+
BCL2L14	12	12202794	12252627	+
BCL2L15	1	114419437	114430203	-
BCL2L2	14	23776041	23780968	+
BCL2L2-PABPN1	14	23776041	23795394	+
BCL3	19	45251964	45263301	+
BCL6	3	187439164	187463256	-
BCL6B	17	6926368	6932963	+
BCL7A	12	122459789	122499950	+
BCL7B	7	72950685	72972020	-
BCL7C	16	30844946	30905398	-
BCL9	1	147013270	147098015	+
BCL9L	11	118766844	118796635	-
BCLAF1	6	136577764	136610989	-
BCLAF3	X	19930979	19988382	-
BCO1	16	81272293	81324747	+
BCO2	11	112046234	112089669	+
BCOR	X	39910498	40036582	-
BCORL1	X	129114954	129192043	+
BCORP1	Y	21617316	21665039	-
BCR	22	23522695	23660224	+
BCRP2	22	21457304	21476575	+
BCRP3	22	25028881	25049327	+
BCS1L	2	219524405	219528166	+
BCYRN1	2	47562453	47562653	+
BDH1	3	197236653	197300194	-
BDH2	4	103998748	104020991	-
BDKRB1	14	96722546	96731100	+
BDKRB2	14	96671175	96710501	+
BDNF	11	27676440	27743577	-
BDNF-AS	11	27528398	27719718	+
BDP1	5	70751477	70863647	+
BEAN1	16	66461197	66529191	+
BEAN1-AS1	16	66503698	66510305	-
BECN1	17	40962149	40976333	-
BECN2	1	242121068	242122364	+
BEGAIN	14	101003483	101053754	-
BEND2	X	18181050	18239024	-
BEND3	6	107386384	107436719	-
BEND3P3	10	81442730	81448650	+
BEND4	4	42112869	42154672	-
BEND5	1	49193190	49242641	-
BEND6	6	56819772	56892142	+
BEND7	10	13480480	13571014	-
BEST1	11	61717292	61732987	+
BEST2	19	12862604	12869271	+
BEST3	12	70037287	70093196	-
BEST4	1	45249256	45253842	-
BET1	7	93592075	93633667	-
BET1L	11	202923	207422	-
BEX1	X	102317578	102319099	-
BEX2	X	102564273	102565918	-
BEX3	X	102631250	102633092	+
BEX4	X	102470019	102472172	+
BEX5	X	101408678	101410949	-
BFAR	16	14726807	14763093	+
BFSP1	20	17474549	17549865	-
BFSP2	3	133118899	133194052	+
BFSP2-AS1	3	133145245	133209990	-
BGLAP	1	156211974	156213108	+
BGLT3	11	5265783	5266776	-
BGN	X	152760437	152775004	+
BHLHA15	7	97840750	97844769	+
BHLHA9	17	1173737	1175109	+
BHLHB9	X	101975670	102008468	+
BHLHE22	8	65492921	65496183	+
BHLHE23	20	61637278	61638316	-
BHLHE40	3	5021121	5027008	+
BHLHE40-AS1	3	4938492	5021646	-
BHLHE41	12	26272962	26277970	-
BHMT	5	78407631	78428111	+
BHMT2	5	78365589	78385892	+
BICC1	10	60272631	60591195	+
BICD1	12	32259740	32536567	+
BICD2	9	95473644	95527115	-
BICDL1	12	120427039	120532299	+
BICDL2	16	3077682	3086945	-
BICRA	19	48111452	48206534	+
BICRAL	6	42714724	42836298	+
BID	22	18216903	18257431	-
BIK	22	43506755	43525718	+
BIN1	2	127805598	127864730	-
BIN2	12	51674821	51718452	-
BIN3	8	22477945	22526661	-
BIN3-IT1	8	22497883	22499722	-
BIRC2	11	102217912	102249401	+
BIRC3	11	102188214	102210134	+
BIRC5	17	76210333	76221716	+
BIRC6	2	32582095	32843965	+
BIRC6-AS2	2	32782587	32799885	-
BIRC7	20	61867256	61871847	+
BIRC8	19	53792853	53794687	-
BISPR	19	17516494	17526545	+
BIVM	13	103451468	103493883	+
BIVM-ERCC5	13	103459495	103528345	+
BLACAT1	1	205404013	205425214	-
BLACE	7	155149682	155160628	-
BLCAP	20	36145818	36156333	-
BLID	11	121986050	121986923	-
BLK	8	11351895	11422108	+
BLM	15	91260576	91359396	+
BLMH	17	28575220	28618962	-
BLNK	10	97948926	98031333	-
BLOC1S1	12	56109817	56113491	+
BLOC1S1-RDH5	12	56109817	56118526	+
BLOC1S2	10	102033034	102046469	-
BLOC1S3	19	45682041	45685058	+
BLOC1S4	4	6717900	6719389	+
BLOC1S5	6	8013799	8064647	-
BLOC1S5-TXNDC5	6	7881482	8064647	-
BLOC1S6	15	45879320	45901914	+
BLVRA	7	43798271	43846941	+
BLVRB	19	40953674	40971652	-
BLZF1	1	169337116	169365780	+
BMERB1	16	15528444	15682116	+
BMF	15	40380090	40401080	-
BMI1	10	22610027	22620413	+
BMP1	8	22022884	22069839	+
BMP10	2	69088040	69098529	-
BMP15	X	50653734	50659641	+
BMP2	20	6748332	6760893	+
BMP2K	4	79697503	79833341	+
BMP3	4	81951861	81978781	+
BMP4	14	54416454	54423609	-
BMP5	6	55618450	55740388	-
BMP6	6	7726331	7881961	+
BMP7	20	55743808	55841697	-
BMP7-AS1	20	55788751	55790922	+
BMP8A	1	39957307	39995541	+
BMP8B	1	40222853	40254537	-
BMPER	7	33944526	34196039	+
BMPR1A	10	88516375	88687726	+
BMPR1B	4	95679105	96079601	+
BMPR1B-DT	4	95664818	95678684	-
BMPR2	2	203241049	203432472	+
BMS1	10	43278242	43330385	+
BMS1P1	10	46737612	48952629	-
BMS1P14	9	67324218	67340165	-
BMS1P2	10	47225570	48203780	-
BMS1P2-AGAP9	10	47191742	48237609	-
BMS1P20	22	22652462	22677324	+
BMS1P21	10	81664653	81691557	+
BMS1P4	10	75458908	75490272	-
BMS1P4-AGAP5	10	75434032	75490264	-
BMT2	7	112459201	112579930	-
BMX	X	15518929	15574642	+
BNC1	15	83924636	83953416	-
BNC2	9	16409500	16870668	-
BNC2-AS1	9	16726811	16727522	+
BNIP1	5	172571533	172591390	+
BNIP2	15	59951344	59981519	-
BNIP3	10	133781186	133795517	-
BNIP3L	8	26240569	26270643	+
BNIP5	6	36283537	36304665	-
BNIPL	1	151009061	151020196	+
BOC	3	112930403	113006305	+
BOD1	5	173034147	173043653	-
BOD1L1	4	13570363	13629349	-
BOD1L2	18	54814317	54817641	+
BOK	2	242498159	242513546	+
BOK-AS1	2	242483800	242498558	-
BOLA1	1	149871120	149872348	+
BOLA2	16	29464908	30205627	-
BOLA2-SMG1P6	16	29454225	29466285	-
BOLA2B	16	29464908	30204987	-
BOLA3	2	74362526	74375039	-
BOLA3-AS1	2	74375107	74379516	+
BOLL	2	198591602	198651036	-
BOP1	8	145486000	145515120	-
BORA	13	73301886	73330336	+
BORCS5	12	12510011	12624166	+
BORCS6	17	8091662	8093498	-
BORCS7	10	104614015	104624718	+
BORCS7-ASMT	10	104613966	104661655	+
BORCS8	19	19287715	19302961	-
BORCS8-MEF2B	19	19256375	19302961	-
BPESC1	3	138823026	138844005	+
BPGM	7	134331530	134364567	+
BPHL	6	3118609	3153809	+
BPI	20	36932557	36965907	+
BPIFA1	20	31823801	31831112	+
BPIFA2	20	31749575	31769218	+
BPIFA3	20	31805115	31815612	+
BPIFA4P	20	31781410	31798268	+
BPIFB1	20	31871019	31897677	+
BPIFB2	20	31595509	31611509	+
BPIFB3	20	31641708	31661653	+
BPIFB4	20	31669317	31699557	+
BPIFB6	20	31619453	31631853	+
BPIFC	22	32809833	32853373	-
BPNT1	1	220230823	220263195	-
BPNT2	8	57870489	57906426	-
BPTF	17	65821618	65980494	+
BPY2	Y	25130409	27198251	+
BPY2B	Y	25130409	27198251	+
BPY2C	Y	25130409	27198251	+
BRAF	7	140413127	140624729	-
BRAP	12	112079949	112123760	-
BRAT1	7	2577443	2595158	-
BRCA1	17	41196311	41277381	-
BRCA2	13	32889644	32974405	+
BRCC3	X	154299694	154351352	+
BRD1	22	50166925	50221521	-
BRD2	6	32936370	32949282	+
BRD3	9	136895445	136933148	-
BRD3OS	9	136890597	136896709	+
BRD4	19	15346329	15443350	-
BRD7	16	50349867	50402899	-
BRD7P3	6	118822535	118824996	+
BRD8	5	137475458	137514358	-
BRD9	5	863849	892916	-
BRDT	1	92414927	92479985	+
BRDTP1	X	95592084	95592901	-
BRF1	14	105675623	105781914	-
BRF2	8	37700785	37707379	-
BRI3	7	97910997	97922275	+
BRI3BP	12	125478190	125515776	+
BRICD5	16	2259253	2261069	-
BRINP1	9	121928906	122131713	-
BRINP2	1	177140093	177251558	+
BRINP3	1	190066788	190446994	-
BRIP1	17	59756499	59940889	-
BRIX1	5	34915815	34926101	+
BRK1	3	10157358	10168874	+
BRMS1	11	66104809	66112575	-
BRMS1L	14	36295543	36341169	+
BROX	1	222885894	222908538	+
BRPF1	3	9773412	9789701	+
BRPF3	6	36164520	36200567	+
BRS3	X	135570105	135575938	+
BRSK1	19	55795364	55823903	+
BRSK2	11	1411163	1483919	+
BRWD1	21	40556101	40685712	-
BRWD1-AS1	21	40687632	40695144	+
BRWD1-AS2	21	40685832	40686841	+
BRWD3	X	79925001	80065376	-
BSCL2	11	62457733	62477091	-
BSDC1	1	32830233	32860042	-
BSG	19	571282	583493	+
BSN	3	49591909	49708982	+
BSN-DT	3	49586738	49591799	-
BSND	1	55464605	55482845	+
BSPH1	19	48471302	48495427	-
BSPRY	9	116111820	116133502	+
BST1	4	15704687	15734410	+
BST2	19	17513747	17516439	-
BSX	11	122848277	122852542	-
BTAF1	10	93683526	93791194	+
BTBD1	15	83685180	83736004	-
BTBD10	11	13409542	13484844	-
BTBD11	12	107712210	108053419	+
BTBD16	10	124030810	124097685	+
BTBD17	17	72352555	72358007	-
BTBD18	11	57510985	57519253	-
BTBD19	1	45274153	45279801	+
BTBD2	19	1985446	2015713	-
BTBD3	20	11871370	11907243	+
BTBD6	14	105714869	105717430	+
BTBD7	14	93703895	93799382	-
BTBD8	1	92545901	92650280	+
BTBD9	6	38136226	38607705	-
BTBD9-AS1	6	38449371	38450303	+
BTC	4	75669969	75719733	-
BTD	3	15642858	15764022	+
BTF3	5	72794249	72801448	+
BTF3L4	1	52521856	52556388	+
BTF3P11	13	77502584	77503224	+
BTG1	12	92534053	92539622	-
BTG2	1	203274646	203278729	+
BTG3	21	18965970	18985219	-
BTG3-AS1	21	18984003	18986422	+
BTG4	11	111338250	111385450	-
BTK	X	100604434	100645784	-
BTLA	3	112182812	112218319	-
BTN1A1	6	26500530	26510652	+
BTN2A1	6	26458131	26476850	+
BTN2A2	6	26383335	26395100	+
BTN2A3P	6	26421618	26430816	+
BTN3A1	6	26402502	26415436	+
BTN3A2	6	26365386	26378548	+
BTN3A3	6	26440731	26453643	+
BTNL10	1	228698059	228699989	-
BTNL2	6	32361115	32374907	-
BTNL3	5	180415845	180433727	+
BTNL8	5	180326076	180377906	+
BTNL9	5	180467265	180488520	+
BTRC	10	103113789	103317078	+
BUB1	2	111395104	111435684	-
BUB1B	15	40453269	40513323	+
BUB1B-PAK6	15	40509628	40569688	+
BUB3	10	124913759	124929983	+
BUD13	11	116618885	116643714	-
BUD23	7	73097926	73112542	+
BUD31	7	99006591	99017239	+
BVES	6	105544696	105585032	-
BVES-AS1	6	105585561	105617819	+
BYSL	6	41889236	41900784	+
BZW1	2	201676268	201692059	+
BZW1-AS1	2	201645217	201676893	-
BZW2	7	16685758	16746148	+
C10orf105	10	73471457	73497607	-
C10orf120	10	124457224	124459362	-
C10orf126	10	29135336	29170826	+
C10orf143	10	131862161	131909094	-
C10orf53	10	50887696	50918307	+
C10orf55	10	75669726	75682535	-
C10orf62	10	99349477	99350691	+
C10orf67	10	23490844	23633726	-
C10orf71	10	50507214	50535537	+
C10orf71-AS1	10	50504327	50506938	-
C10orf82	10	118421722	118429793	-
C10orf88	10	124690416	124713743	-
C10orf88B	10	124639148	124658230	+
C10orf90	10	128113565	128359262	-
C10orf95	10	104209593	104211300	-
C10orf99	10	85933556	85945050	+
C11orf1	11	111749947	111756699	+
C11orf16	11	8941622	8954494	-
C11orf21	11	2316859	2324370	-
C11orf24	11	68028805	68039441	-
C11orf42	11	6226786	6232365	+
C11orf45	11	128769459	128776126	-
C11orf49	11	46958239	47185935	+
C11orf52	11	111789636	111797595	+
C11orf53	11	111116449	111157126	+
C11orf54	11	93474759	93497915	+
C11orf58	11	16760193	16779887	+
C11orf65	11	108179245	108338258	-
C11orf68	11	65684282	65686533	-
C11orf71	11	114262165	114271233	-
C11orf72	11	67370350	67374177	-
C11orf80	11	66512206	66610987	+
C11orf86	11	66742774	66744480	+
C11orf87	11	109292915	109299893	+
C11orf91	11	33719653	33722286	-
C11orf94	11	45928085	45928822	-
C11orf95	11	63527363	63536247	-
C11orf96	11	43964186	43965428	+
C11orf97	11	94245626	94265289	+
C11orf98	11	62430288	62432688	-
C12orf29	12	88429312	88443937	+
C12orf4	12	4596895	4647674	-
C12orf40	12	40019984	40302102	+
C12orf42	12	103631368	103889788	-
C12orf43	12	121438288	121454290	-
C12orf45	12	105380093	105411403	+
C12orf50	12	88373813	88423178	-
C12orf54	12	48876280	48890307	+
C12orf56	12	64658541	64784538	-
C12orf57	12	7052600	7055166	+
C12orf60	12	14956603	14977349	+
C12orf65	12	123717982	123742507	+
C12orf66	12	64580091	64616076	-
C12orf71	12	27233989	27237060	-
C12orf73	12	104343971	104350993	-
C12orf75	12	105724468	105765296	+
C12orf76	12	110478981	110511444	-
C12orf77	12	25146364	25150399	-
C13orf42	13	51656983	51746524	-
C14orf119	14	23564713	23569665	+
C14orf132	14	96505660	96560308	+
C14orf177	14	99177949	99184103	+
C14orf178	14	78227110	78236085	+
C14orf180	14	105046100	105056852	+
C14orf28	14	45366477	45376460	+
C14orf39	14	60902673	60952781	-
C14orf93	14	23455102	23479352	-
C15orf32	15	93014906	93044347	+
C15orf39	15	75494222	75504510	+
C15orf40	15	83657714	83680391	-
C15orf48	15	45722807	45725537	+
C15orf54	15	39542869	39547043	+
C15orf56	15	40542865	40545160	-
C15orf61	15	67813468	67822483	+
C15orf62	15	41062177	41064647	+
C15orf65	15	55700692	55710994	+
C16orf46	16	81087101	81110872	-
C16orf54	16	29753785	29757311	-
C16orf70	16	67143843	67182447	+
C16orf71	16	4784537	4799397	+
C16orf72	16	9185500	9215492	+
C16orf74	16	85741123	85784702	-
C16orf78	16	49407714	49433342	+
C16orf82	16	27078247	27080487	+
C16orf86	16	67700716	67702657	+
C16orf87	16	46830514	46865092	-
C16orf89	16	5094122	5116146	-
C16orf90	16	3543483	3546652	-
C16orf91	16	1469752	1470748	-
C16orf92	16	30034518	30039057	+
C16orf95	16	87336404	87351026	-
C16orf96	16	4606490	4650318	+
C17orf100	17	6555081	6556795	+
C17orf102	17	32901141	32906388	-
C17orf107	17	4802830	4806229	+
C17orf113	17	40190249	40202619	-
C17orf49	17	6918100	6920839	+
C17orf50	17	34087905	34092098	+
C17orf58	17	65987214	65992585	-
C17orf64	17	58499849	58508787	+
C17orf67	17	54869273	54911281	-
C17orf75	17	30655459	30669192	-
C17orf77	17	72580817	72590348	+
C17orf78	17	35732926	35749662	+
C17orf80	17	71228571	71245095	+
C17orf97	17	260115	264457	+
C17orf98	17	36991338	36997691	-
C17orf99	17	76142465	76162375	+
C18orf12	18	45778671	45779208	+
C18orf15	18	13239541	13242075	+
C18orf21	18	33552587	33559250	+
C18orf25	18	43753987	43846955	+
C18orf32	18	47003612	47013604	-
C18orf54	18	51884275	51908405	+
C18orf61	18	12200777	12224709	+
C18orf63	18	71983073	72026424	+
C19orf12	19	30189792	30206696	-
C19orf18	19	58469804	58485902	-
C19orf25	19	1473199	1479214	-
C19orf33	19	38794890	38795646	+
C19orf38	19	10959090	10980466	+
C19orf44	19	16607204	16632163	+
C19orf47	19	40825459	40854434	-
C19orf48	19	51300949	51308110	-
C19orf53	19	13885269	13889586	+
C19orf54	19	41246765	41256382	-
C19orf57	19	13993160	14016978	-
C19orf67	19	14192435	14196595	-
C19orf71	19	3539154	3544028	+
C19orf73	19	49621658	49622400	-
C19orf81	19	51152701	51162561	+
C19orf84	19	51891542	51893845	-
C1D	2	68268261	68290136	-
C1GALT1	7	7222174	7288246	+
C1GALT1C1	X	119759528	119764005	-
C1GALT1C1L	2	43902289	43903568	-
C1QA	1	22963120	22966175	+
C1QB	1	22979728	22988129	+
C1QBP	17	5336096	5342475	-
C1QC	1	22970125	22974601	+
C1QL1	17	43037060	43045671	-
C1QL2	2	119913818	119916327	-
C1QL3	10	16555733	16563878	-
C1QL4	12	49726191	49730971	-
C1QTNF1	17	77019015	77045870	+
C1QTNF1-AS1	17	77015290	77023737	-
C1QTNF12	1	1177832	1182102	-
C1QTNF2	5	159774774	159797633	-
C1QTNF3	5	34017962	34244829	-
C1QTNF3-AMACR	5	33987090	34124633	-
C1QTNF4	11	47611218	47615963	-
C1QTNF5	11	119209651	119217415	-
C1QTNF6	22	37576205	37595463	-
C1QTNF7	4	15341611	15447791	+
C1QTNF7-AS1	4	15006565	15429538	-
C1QTNF8	16	1138225	1146244	-
C1QTNF9	13	24881303	24896669	+
C1QTNF9B	13	24465237	24471641	-
C1R	12	7187522	7245041	-
C1RL	12	7247149	7261810	-
C1RL-AS1	12	7260903	7274447	+
C1S	12	7168021	7178335	+
C1orf100	1	244515936	244552965	+
C1orf105	1	172389824	172437969	+
C1orf109	1	38147241	38157914	-
C1orf112	1	169763870	169823220	+
C1orf115	1	220863704	220872495	+
C1orf116	1	207191866	207206101	-
C1orf122	1	38273461	38275126	+
C1orf127	1	11006529	11042094	-
C1orf131	1	231359510	231376921	-
C1orf141	1	67557849	67600653	-
C1orf146	1	92683471	92711370	+
C1orf158	1	12806147	12823847	+
C1orf159	1	1017202	1051469	-
C1orf162	1	112016605	112021134	+
C1orf167	1	11822249	11849642	+
C1orf167-AS1	1	11837133	11839676	-
C1orf174	1	3805696	3816836	-
C1orf185	1	51567899	51613757	+
C1orf189	1	154171561	154178809	-
C1orf194	1	109648572	109656453	-
C1orf195	1	15490687	15498120	-
C1orf198	1	230972864	231005337	-
C1orf21	1	184356162	184598153	+
C1orf210	1	43747550	43751252	-
C1orf216	1	36179476	36184485	-
C1orf220	1	178511930	178518024	+
C1orf226	1	162348630	162356608	+
C1orf229	1	247273456	247275719	-
C1orf232	1	26490591	26495454	-
C1orf35	1	228288431	228291026	-
C1orf43	1	154179197	154193273	-
C1orf50	1	43232919	43245161	+
C1orf52	1	85715635	85725345	-
C1orf53	1	197871759	197876489	+
C1orf54	1	150244686	150253335	+
C1orf56	1	151020226	151023871	+
C1orf68	1	152691997	152692946	+
C1orf74	1	209952552	209957904	-
C1orf87	1	60456065	60539442	-
C1orf94	1	34632593	34684731	+
C2	6	31865559	31913451	+
C2-AS1	6	31902250	31909501	-
C20orf141	20	2795632	2796476	+
C20orf144	20	32250132	32251714	+
C20orf173	20	34108569	34117481	-
C20orf194	20	3229947	3388309	-
C20orf197	20	58630979	58648008	+
C20orf202	20	1184097	1188923	+
C20orf203	20	31219426	31261743	-
C20orf204	20	62665079	62670354	+
C20orf27	20	3734145	3749035	-
C20orf85	20	56725957	56736206	+
C20orf96	20	251503	271419	-
C21orf58	21	47720343	47743813	-
C21orf62	21	34162983	34186013	-
C21orf62-AS1	21	34144410	34170016	+
C21orf91	21	19161290	19191673	-
C21orf91-OT1	21	19149720	19164826	-
C22orf15	22	24105176	24108050	+
C22orf23	22	38339056	38349676	-
C22orf24	22	32329506	32341348	-
C22orf31	22	29454659	29457907	-
C22orf34	22	49808173	50051167	-
C22orf39	22	19428409	19435234	-
C22orf42	22	32544992	32555290	-
C22orf46	22	42084940	42094140	+
C2CD2	21	43305220	43374127	-
C2CD2L	11	118977459	118989254	+
C2CD3	11	73723762	73882047	-
C2CD4A	15	62359175	62363116	+
C2CD4B	15	62455733	62457484	-
C2CD4C	19	405444	409147	-
C2CD4D	1	151810338	151813033	-
C2CD4D-AS1	1	151810752	151824011	+
C2CD5	12	22601479	22697480	-
C2CD6	2	202352143	202483901	-
C2orf15	2	99758169	99768132	+
C2orf16	2	27799388	27805589	+
C2orf27A	2	132440071	132524977	+
C2orf42	2	70377011	70418151	-
C2orf49	2	105953996	105965668	+
C2orf50	2	11273253	11291443	+
C2orf66	2	197669140	197674079	-
C2orf68	2	85832376	85839189	-
C2orf69	2	200776015	200792996	+
C2orf72	2	231902237	231914432	+
C2orf73	2	54558020	54588716	+
C2orf74	2	61372202	61391964	+
C2orf76	2	120059792	120124410	-
C2orf78	2	74011315	74044275	+
C2orf80	2	209030070	209054754	-
C2orf81	2	74641302	74648746	-
C2orf83	2	228474805	228498036	-
C2orf88	2	191002502	191068210	+
C2orf91	2	42162507	42180946	-
C2orf92	2	98286205	98319529	+
C3	19	6677714	6720661	-
C3AR1	12	8209439	8218955	-
C3P1	19	10152031	10184813	+
C3orf14	3	62304647	62321888	+
C3orf18	3	50595455	50608458	-
C3orf20	3	14716647	14814543	+
C3orf22	3	126245841	126277775	-
C3orf33	3	155480400	155524076	-
C3orf35	3	37427759	37476988	+
C3orf36	3	133646989	133648656	-
C3orf38	3	88199108	88207115	+
C3orf49	3	63804974	63834312	+
C3orf52	3	111805181	111837073	+
C3orf56	3	126911973	126917027	+
C3orf62	3	49306028	49314665	-
C3orf70	3	184794625	184870848	-
C3orf80	3	159943208	159946000	+
C3orf84	3	49215066	49229291	-
C3orf85	3	108855565	108870248	+
C3orf86	3	44462623	44481390	-
C4A	6	31949833	31970458	+
C4B	6	31949833	32003195	+
C4BPA	1	207277577	207318317	+
C4BPB	1	207262204	207273337	+
C4B_2	6	31949833	32003195	+
C4orf17	4	100432177	100463460	+
C4orf19	4	37455546	37595132	+
C4orf3	4	120217573	120225600	-
C4orf33	4	130014866	130037791	+
C4orf36	4	87797357	87813575	-
C4orf45	4	159814285	159956381	-
C4orf46	4	159587826	159593208	-
C4orf47	4	186350487	186370982	+
C4orf48	4	2043719	2045697	+
C4orf50	4	5958838	6020273	-
C4orf51	4	146601297	146653948	+
C4orf54	4	100557687	100578985	-
C5	9	123714613	123837143	-
C5-OT1	9	123704529	123715109	-
C5AR1	19	47813117	47825322	+
C5AR2	19	47835431	47850586	+
C5orf15	5	133291200	133304316	-
C5orf17	5	23951456	24178374	+
C5orf22	5	31532372	31555165	+
C5orf24	5	134181369	134195425	+
C5orf34	5	43486810	43515250	-
C5orf38	5	2752006	2758692	+
C5orf46	5	147272284	147286101	-
C5orf47	5	173416172	173433143	+
C5orf49	5	7830490	7851246	-
C5orf51	5	41904445	41921738	+
C5orf52	5	157098540	157107165	+
C5orf58	5	169659988	169679572	+
C5orf60	5	179068544	179072047	-
C5orf63	5	126378249	126409184	-
C5orf64	5	60933586	61026824	+
C5orf64-AS1	5	61028616	61031525	-
C5orf66	5	134368963	134680370	+
C5orf66-AS1	5	134374520	134375737	-
C5orf66-AS2	5	134571923	134583867	-
C5orf67	5	55807108	55902083	-
C6	5	41142217	41261571	-
C6orf118	6	165693152	165723094	-
C6orf120	6	170102207	170106456	+
C6orf132	6	42068856	42110358	-
C6orf136	6	30614909	30620982	+
C6orf141	6	49518380	49529626	+
C6orf15	6	31078999	31080352	-
C6orf163	6	88054530	88075181	+
C6orf201	6	4079439	4131185	+
C6orf223	6	43968321	43975349	+
C6orf226	6	42858002	42858559	-
C6orf47	6	31626074	31628555	-
C6orf52	6	10671650	10695030	-
C6orf58	6	127898318	127912965	+
C6orf62	6	24705089	24719382	-
C6orf89	6	36839619	36896740	+
C6orf99	6	159290845	159331385	+
C7	5	40909598	40984745	+
C7orf25	7	42948871	42951689	-
C7orf26	7	6629651	6648357	+
C7orf31	7	25174310	25219973	-
C7orf33	7	148287857	148312952	+
C7orf50	7	1017599	1177893	-
C7orf57	7	48075107	48100894	+
C7orf61	7	100054242	100061883	-
C7orf65	7	47694841	47701246	+
C7orf66	7	108524031	108524644	-
C7orf69	7	47834888	47859444	+
C7orf77	7	124417345	124430864	-
C8A	1	57320469	57383896	+
C8B	1	57394879	57431813	-
C8G	9	139839694	139841427	+
C8orf31	8	144120625	144135720	+
C8orf33	8	146277852	146281416	+
C8orf34	8	69242607	69731258	+
C8orf34-AS1	8	69215702	69243726	-
C8orf37	8	96257140	96281429	-
C8orf37-AS1	8	96281063	96822371	+
C8orf44	8	67579830	67593766	+
C8orf44-SGK3	8	67579830	67774257	+
C8orf48	8	13424377	13425797	+
C8orf49	8	11618764	11620732	+
C8orf58	8	22457111	22461662	+
C8orf74	8	10530137	10558100	+
C8orf76	8	124232206	124253617	-
C8orf82	8	145751116	145754495	-
C8orf86	8	38368351	38386180	-
C8orf87	8	94146323	94179079	-
C8orf88	8	91970698	91997466	-
C8orf89	8	74153658	74171737	-
C9	5	39284242	39364597	-
C9orf106	9	132083294	132084882	+
C9orf116	9	138387026	138391715	-
C9orf129	9	96091769	96108585	-
C9orf131	9	35041091	35045988	+
C9orf135	9	72435732	72521143	+
C9orf135-DT	9	72434320	72435655	-
C9orf139	9	139921915	139931234	+
C9orf147	9	115214077	115249924	-
C9orf152	9	112961844	112970439	-
C9orf153	9	88835179	88874572	-
C9orf16	9	130922543	130926203	+
C9orf163	9	139377461	139380519	+
C9orf24	9	34379017	34397808	-
C9orf40	9	77561498	77567828	-
C9orf43	9	116173026	116191968	+
C9orf47	9	91605777	91611057	+
C9orf50	9	132374503	132383055	-
C9orf57	9	74666293	74675529	-
C9orf62	9	138235094	138238404	+
C9orf64	9	86553226	86571901	-
C9orf72	9	27546543	27573864	-
C9orf78	9	132589568	132597554	-
C9orf85	9	74526554	74600973	+
C9orf92	9	16203932	16276311	-
CA1	8	86239836	86290342	-
CA10	17	49707673	50237377	-
CA11	19	49141202	49149444	-
CA12	15	63613576	63674309	-
CA13	8	86157686	86196302	+
CA14	1	150230168	150237478	+
CA2	8	86376130	86393722	+
CA3	8	86351087	86361267	+
CA3-AS1	8	86354036	86377144	-
CA4	17	58227333	58256382	+
CA5A	16	87915154	87970135	-
CA5B	X	15756392	15806534	+
CA5BP1	X	15693038	15721844	+
CA5BP1-CA5B	X	15693580	15806534	+
CA6	1	9005926	9035148	+
CA7	16	66878316	66888049	+
CA8	8	61097970	61193959	-
CA9	9	35673924	35681154	+
CAAP1	9	26840682	26892826	-
CAB39	2	231577556	231685790	+
CAB39L	13	49882785	50018200	-
CABCOCO1	10	63422686	63526524	+
CABIN1	22	24407753	24574596	+
CABLES1	18	20714527	20840434	+
CABLES2	20	60963685	60982339	-
CABP1	12	121078421	121105127	+
CABP2	11	67286382	67290917	-
CABP4	11	67219873	67229223	+
CABP5	19	48532639	48547336	-
CABP7	22	30115991	30127820	+
CABS1	4	71200697	71202833	+
CABYR	18	21718919	21741564	+
CACFD1	9	136325086	136335970	+
CACHD1	1	64935811	65158741	+
CACNA1A	19	13317255	13617293	-
CACNA1B	9	140772233	141019069	+
CACNA1C	12	2162152	2807116	+
CACNA1C-AS1	12	2785166	2800323	-
CACNA1C-AS2	12	2777665	2781386	-
CACNA1C-AS4	12	2329702	2332647	-
CACNA1C-IT2	12	2157517	2158628	+
CACNA1C-IT3	12	2378941	2397911	+
CACNA1D	3	53528637	53847757	+
CACNA1E	1	181452652	181777219	+
CACNA1F	X	49061522	49089802	-
CACNA1G	17	48638075	48704832	+
CACNA1G-AS1	17	48633567	48639469	-
CACNA1H	16	1203105	1271772	+
CACNA1I	22	39966757	40085740	+
CACNA1S	1	201008639	201081554	-
CACNA2D1	7	81575759	82073272	-
CACNA2D1-AS1	7	81638492	81659271	+
CACNA2D2	3	50400043	50541675	-
CACNA2D3	3	54156578	55108584	+
CACNA2D3-AS1	3	54908631	54935282	-
CACNA2D4	12	1901128	2027818	-
CACNB1	17	37329705	37353922	-
CACNB2	10	18429352	18832486	+
CACNB3	12	49208262	49222724	+
CACNB4	2	152689285	152955681	-
CACNG1	17	65040669	65052911	+
CACNG2	22	36956903	37099797	-
CACNG3	16	24267655	24373733	+
CACNG4	17	64960822	65029512	+
CACNG5	17	64831234	64890868	+
CACNG6	19	54494402	54515920	+
CACNG7	19	54412531	54447204	+
CACNG8	19	54466190	54493469	+
CACTIN	19	3610642	3626813	-
CACTIN-AS1	19	3607244	3613928	+
CACUL1	10	120435922	120514482	-
CACYBP	1	174968570	174981163	+
CAD	2	27440236	27466811	+
CADM1	11	115039955	115375133	-
CADM2	3	85008139	86123579	+
CADM2-AS2	3	85849136	85877200	-
CADM3	1	159141404	159173103	+
CADM3-AS1	1	159165774	159172212	-
CADM4	19	44126519	44144002	-
CADPS	3	62384022	62861091	-
CADPS2	7	121958465	122526813	-
CAGE1	6	7326892	7389975	-
CAHM	6	163834096	163834982	-
CALB1	8	91070835	91095107	-
CALB2	16	71392615	71424342	+
CALCA	11	14988213	14993897	-
CALCB	11	15095138	15100183	+
CALCOCO1	12	54102301	54121236	-
CALCOCO2	17	46908396	46942607	+
CALCR	7	93053797	93204042	-
CALCRL	2	188206691	188312979	-
CALD1	7	134464384	134655480	+
CALHM1	10	105212996	105218657	-
CALHM2	10	105206542	105212127	-
CALHM3	10	105232560	105238997	-
CALHM4	6	116850205	116882290	+
CALHM5	6	116832801	116845951	+
CALHM6	6	116782537	116784934	+
CALM1	14	90862845	90874619	+
CALM2	2	47387220	47404075	-
CALM3	19	47104330	47114039	+
CALML3	10	5566923	5568734	+
CALML3-AS1	10	5556206	5568209	-
CALML4	15	68483042	68498448	-
CALML5	10	5540659	5541533	-
CALML6	1	1846698	1848735	+
CALN1	7	71244475	71912128	-
CALR	19	13049422	13055303	+
CALR3	19	16589872	16606978	-
CALR4P	1	52027537	52049403	-
CALU	7	128379412	128413454	+
CALY	10	135137575	135150400	-
CAMK1	3	9799030	9811631	-
CAMK1D	10	12391545	12877545	+
CAMK1G	1	209757058	209787284	+
CAMK2A	5	149599053	149669693	-
CAMK2B	7	44256748	44365230	-
CAMK2D	4	114372187	114683083	-
CAMK2G	10	75572258	75634349	-
CAMK2N1	1	20808883	20812703	-
CAMK2N2	3	183977000	183979341	-
CAMK4	5	110559280	110830582	+
CAMKK1	17	3763616	3796347	-
CAMKK2	12	121675494	121736111	-
CAMKMT	2	44589085	44999731	+
CAMKV	3	49895421	49907339	-
CAMLG	5	134074237	134087843	+
CAMP	3	48264984	48266975	+
CAMSAP1	9	138700332	138799392	-
CAMSAP2	1	200708699	200829831	+
CAMSAP3	19	7660748	7683190	+
CAMTA1	1	6845383	7829766	+
CAMTA1-AS2	1	7442547	7449814	-
CAMTA1-DT	1	6843951	6845040	-
CAMTA2	17	4871291	4890970	-
CAND1	12	67663137	67713733	+
CAND1.11	11	10329859	10452220	+
CAND2	3	12838178	12876302	+
CANT1	17	76987797	77005846	-
CANX	5	179125427	179158639	+
CAP1	1	40505911	40538320	+
CAP2	6	17393735	17558023	+
CAPG	2	85621870	85641197	-
CAPN1	11	64948843	64979477	+
CAPN10	2	241526150	241538521	+
CAPN10-DT	2	241522166	241525733	-
CAPN11	6	44126556	44152138	+
CAPN12	19	39220831	39235114	-
CAPN13	2	30945637	31030312	-
CAPN14	2	31395921	31456823	-
CAPN15	16	577711	604636	+
CAPN2	1	223889294	223963720	+
CAPN3	15	42651697	42704515	+
CAPN5	11	76778017	76837198	+
CAPN6	X	110488326	110513711	-
CAPN7	3	15247752	15294423	+
CAPN8	1	223714978	223853403	-
CAPN9	1	230883129	230937734	+
CAPNS1	19	36630967	36641255	+
CAPNS2	16	55600595	55601596	+
CAPRIN1	11	34073277	34124157	+
CAPRIN2	12	30862485	30907885	-
CAPS	19	5914264	5916222	+
CAPS2	12	75669758	75784681	-
CAPSL	5	35904389	35938881	-
CAPZA1	1	113162453	113214236	+
CAPZA2	7	116502640	116562103	+
CAPZA3	12	18891052	18892122	+
CAPZB	1	19665268	19812033	-
CARD10	22	37886399	37915422	-
CARD11	7	2945775	3083501	-
CARD14	17	78143828	78183130	+
CARD16	11	104912052	104916062	-
CARD17	11	104963195	104972158	-
CARD18	11	105008441	105010496	-
CARD19	9	95858498	95875565	+
CARD6	5	40841468	40855456	+
CARD8	19	48706404	48759203	-
CARD8-AS1	19	48758931	48761450	+
CARD9	9	139258407	139268121	-
CARF	2	203776940	203852986	+
CARHSP1	16	8946798	8962869	-
CARM1	19	10982228	11033749	+
CARMIL1	6	25279601	25620758	+
CARMIL2	16	67679046	67691472	+
CARMIL3	14	24521217	24538938	+
CARMN	5	148786407	148812399	+
CARNMT1	9	77595705	77643346	-
CARNMT1-AS1	9	77567880	77612296	+
CARNS1	11	67183148	67193075	+
CARS1	11	3022158	3078653	-
CARS1-AS1	11	3050623	3062490	+
CARS2	13	111293756	111358862	-
CARTPT	5	71015101	71016872	+
CASC11	8	128712852	128746213	-
CASC15	6	21666643	22196049	+
CASC16	16	52585998	52640887	-
CASC17	17	69093914	69198320	-
CASC18	12	106097980	106137841	+
CASC19	8	128200030	128209872	-
CASC2	10	119806331	119969665	+
CASC20	20	6407378	6509106	+
CASC21	8	128256881	128404876	+
CASC22	16	52292475	52314211	+
CASC23	11	8032824	8038056	-
CASC3	17	38296789	38328424	+
CASC6	6	92338757	92400146	-
CASC8	8	128301920	128494384	-
CASC9	8	76135351	76191124	-
CASD1	7	94139120	94186328	+
CASK	X	41374188	41782807	-
CASKIN1	16	2227180	2246606	-
CASKIN2	17	73496341	73511618	-
CASP1	11	104896169	104905884	-
CASP10	2	202047620	202094129	+
CASP12	11	104756444	104769397	-
CASP14	19	15160290	15169103	+
CASP16P	16	3194291	3199947	+
CASP1P2	11	104933328	104942257	-
CASP2	7	142985443	143004789	+
CASP3	4	185548849	185570629	-
CASP4	11	104813592	104839301	-
CASP4LP	11	104772275	104788902	-
CASP5	11	104864961	104893895	-
CASP6	4	110609783	110624601	-
CASP7	10	115438920	115490668	+
CASP8	2	202098165	202152434	+
CASP8AP2	6	90539598	90584155	+
CASP9	1	15817895	15851285	-
CASQ1	1	160160364	160171676	+
CASQ2	1	116242641	116311335	-
CASR	3	121902514	122010475	+
CASS4	20	54987091	55035437	+
CAST	5	95997740	96110385	+
CASTOR1	22	30681105	30685494	-
CASTOR2	7	74800784	74867622	-
CASTOR3	7	99798276	99869855	-
CASZ1	1	10696665	10856703	-
CAT	11	34460480	34493607	+
CATIP	2	219221579	219232817	+
CATIP-AS1	2	219231387	219232625	-
CATIP-AS2	2	219190963	219222689	-
CATSPER1	11	65784222	65793950	-
CATSPER2	15	43920700	43941082	-
CATSPER2P1	15	44028145	44038496	-
CATSPER3	5	134303596	134347386	+
CATSPER4	1	26517092	26529455	+
CATSPERB	14	92047041	92198430	-
CATSPERD	19	5720647	5778745	+
CATSPERE	1	244624574	244803806	+
CATSPERG	19	38826469	38861583	+
CATSPERZ	11	64067829	64072242	+
CAV1	7	116165062	116201239	+
CAV2	7	116139791	116148595	+
CAV3	3	8775487	8788444	+
CAVIN1	17	40554466	40575274	-
CAVIN2	2	192699035	192711814	-
CAVIN3	11	6340175	6341731	-
CAVIN4	9	103340360	103350669	+
CBARP	19	1228285	1238004	-
CBFA2T2	20	32077901	32237837	+
CBFA2T3	16	88941265	89043615	-
CBFB	16	67063051	67134958	+
CBL	11	119077048	119178859	+
CBLB	3	105374304	105588245	-
CBLC	19	45281125	45303909	+
CBLIF	11	59596745	59612972	-
CBLL1	7	107384141	107402112	+
CBLL2	X	22291029	22292576	+
CBLN1	16	49311828	49315749	-
CBLN2	18	70203915	70211577	-
CBLN3	14	24895750	24898874	-
CBLN4	20	54572412	54580575	-
CBR1	21	37442321	37445462	+
CBR3	21	37507376	37518860	+
CBR3-AS1	21	37504064	37528606	-
CBR4	4	169908741	169931406	-
CBS	21	44473300	44496971	-
CBSL	21	44473300	44497053	-
CBWD1	9	120836	179075	-
CBWD2	2	114195267	114253781	+
CBWD3	9	69204514	70914951	+
CBWD5	9	69256633	70862784	-
CBWD6	9	69204537	69262593	-
CBX1	17	46147420	46178840	-
CBX2	17	77751946	77761782	+
CBX3	7	26241062	26253227	+
CBX3P2	18	2652168	2655394	-
CBX4	17	77806954	77813239	-
CBX5	12	54624725	54673906	-
CBX6	22	39257426	39268221	-
CBX7	22	39526778	39548685	-
CBX8	17	77765930	77770876	-
CBY1	22	39052657	39069856	+
CBY2	13	46276454	46288694	+
CBY3	5	179105560	179108035	-
CC2D1A	19	14017013	14041692	+
CC2D1B	1	52816264	52831877	-
CC2D2A	4	15471488	15603180	+
CC2D2B	10	97667731	97793502	+
CCAR1	10	70480995	70552134	+
CCAR2	8	22462269	22479027	+
CCAT1	8	128219626	128231513	-
CCAT2	8	128412643	128414395	+
CCBE1	18	57098170	57364655	-
CCDC102A	16	57546092	57570483	-
CCDC102B	18	66382452	66722426	+
CCDC103	17	42977079	42982758	+
CCDC105	19	15121537	15134088	+
CCDC106	19	56158765	56164526	+
CCDC107	9	35658286	35661505	+
CCDC110	4	186366337	186392887	-
CCDC112	5	114602884	114632351	-
CCDC113	16	58283839	58317734	+
CCDC114	19	48799708	48825228	-
CCDC115	2	131095505	131100254	-
CCDC116	22	21987048	21991618	+
CCDC117	22	29168661	29185289	+
CCDC12	3	46963219	47023500	-
CCDC120	X	48911100	48927510	+
CCDC121	2	27848504	27851879	-
CCDC122	13	44410488	44453876	-
CCDC124	19	18043823	18054794	+
CCDC125	5	68576001	68628628	-
CCDC126	7	23637000	23684327	+
CCDC127	5	196982	218268	-
CCDC13	3	42747247	42814745	-
CCDC13-AS1	3	42774066	42786650	+
CCDC130	19	13842565	13874103	+
CCDC134	22	42196682	42228168	+
CCDC136	7	128431491	128462184	+
CCDC137	17	79633766	79640927	+
CCDC138	2	109403205	109501941	+
CCDC14	3	123632273	123680076	-
CCDC140	2	223162865	223169936	+
CCDC141	2	179694483	179914864	-
CCDC142	2	74699958	74710125	-
CCDC144A	17	16593554	16681194	+
CCDC144B	17	18441114	18528930	-
CCDC144CP	17	20224486	20305504	+
CCDC144NL	17	20766707	20799476	-
CCDC144NL-AS1	17	20771839	20833354	+
CCDC146	7	76751931	76924521	+
CCDC148	2	159027584	159313265	-
CCDC148-AS1	2	159023161	159092681	+
CCDC149	4	24807738	24981826	-
CCDC15	11	124824097	124911385	+
CCDC150	2	197504438	197597530	+
CCDC151	19	11531272	11546603	-
CCDC152	5	42756919	42802541	+
CCDC153	11	119060346	119066551	-
CCDC154	16	1484388	1494490	-
CCDC157	22	30752612	30774662	+
CCDC158	4	77234191	77328458	-
CCDC159	19	11457194	11465620	+
CCDC160	X	133371242	133380237	+
CCDC162P	6	109487033	109676151	+
CCDC163	1	45959537	45965745	-
CCDC166	8	144788863	144790279	-
CCDC167	6	37450713	37467669	-
CCDC168	13	103381716	103411422	-
CCDC169	13	36796140	36871951	-
CCDC169-SOHLH2	13	36742353	36871951	-
CCDC17	1	46085715	46089726	-
CCDC170	6	151815151	151942328	+
CCDC171	9	15553040	15974037	+
CCDC172	10	118083959	118139541	+
CCDC173	2	170501934	170550915	-
CCDC174	3	14693252	14714166	+
CCDC175	14	59971784	60043530	-
CCDC177	14	70036515	70041588	-
CCDC178	18	30517369	31021004	-
CCDC179	11	22868468	22882020	-
CCDC18	1	93646272	93744287	+
CCDC18-AS1	1	93775665	93811368	-
CCDC180	9	100069618	100141033	+
CCDC181	1	169364107	169429907	-
CCDC182	17	55821855	55822660	-
CCDC183	9	139690789	139702193	+
CCDC183-AS1	9	139698378	139703300	-
CCDC184	12	48577426	48579709	+
CCDC185	1	223566756	223568807	+
CCDC186	10	115880620	115933979	-
CCDC187	9	139141818	139166855	-
CCDC188	22	20135938	20138578	-
CCDC189	16	30768743	30773565	-
CCDC190	1	162824086	162838605	-
CCDC191	3	113682983	113775460	-
CCDC192	5	127039082	127277199	+
CCDC196	14	66953088	66965271	+
CCDC197	14	94463615	94478041	+
CCDC198	14	57936017	57960575	-
CCDC200	17	41373436	41381062	-
CCDC22	X	49091929	49106981	+
CCDC24	1	44457267	44462198	+
CCDC25	8	27590832	27630157	-
CCDC26	8	130363939	130692485	-
CCDC27	1	3669013	3688209	+
CCDC28A	6	139094905	139114456	+
CCDC28A-AS1	6	139046351	139094840	-
CCDC28B	1	32666195	32670988	+
CCDC3	10	12938624	13141989	-
CCDC30	1	42921777	43122861	+
CCDC32	15	40813191	40857241	-
CCDC33	15	74528666	74628482	+
CCDC34	11	27360058	27384795	-
CCDC37-DT	3	126111874	126113641	-
CCDC38	12	96260825	96336392	-
CCDC39	3	180331795	180397277	-
CCDC40	17	78010430	78074412	+
CCDC42	17	8633252	8648154	-
CCDC43	17	42754804	42767165	-
CCDC47	17	61822616	61850957	-
CCDC50	3	191047182	191116448	+
CCDC51	3	48473584	48481529	-
CCDC54	3	107096285	107097482	+
CCDC57	17	80059345	80170718	-
CCDC58	3	122078437	122102078	-
CCDC59	12	82746082	82752584	-
CCDC6	10	61548505	61666314	-
CCDC60	12	119772533	119978845	+
CCDC61	19	46498724	46521874	+
CCDC62	12	123259118	123312075	+
CCDC63	12	111284790	111345339	+
CCDC65	12	49297915	49315359	+
CCDC66	3	56591183	56655848	+
CCDC68	18	52568739	52626692	-
CCDC69	5	150560612	150603653	-
CCDC7	10	32735067	33171792	+
CCDC70	13	52436104	52440368	+
CCDC71	3	49199967	49203764	-
CCDC71L	7	106294806	106301604	-
CCDC73	11	32623625	32816204	-
CCDC74A	2	132285247	132291239	+
CCDC74B	2	130896859	130902685	-
CCDC77	12	498512	551806	+
CCDC78	16	772581	776880	-
CCDC8	19	46913585	46916821	-
CCDC80	3	112315643	112359990	-
CCDC81	11	86085777	86134151	+
CCDC82	11	96085928	96123083	-
CCDC83	11	85566425	85631056	+
CCDC85A	2	56411124	56613309	+
CCDC85B	11	65658143	65659106	+
CCDC85C	14	99966526	100070544	-
CCDC86	11	60609585	60618554	+
CCDC87	11	66357648	66360534	-
CCDC88A	2	55514977	55646992	-
CCDC88B	11	64107675	64125006	+
CCDC88C	14	91737666	91884164	-
CCDC89	11	85394890	85397238	-
CCDC9	19	47759781	47775210	+
CCDC90B	11	82970134	82997450	-
CCDC91	12	28343388	28703099	+
CCDC92	12	124420173	124457378	-
CCDC92B	17	2624094	2652946	-
CCDC93	2	118673056	118771646	-
CCDC96	4	7042575	7044728	-
CCDC97	19	41816076	41830778	+
CCDC9B	15	40623652	40633168	-
CCEPR	10	60933722	60936224	-
CCER1	12	91345991	91348953	-
CCER2	19	39399619	39402798	-
CCHCR1	6	31110215	31125974	-
CCIN	9	36169384	36171331	+
CCK	3	42299315	42307677	-
CCKAR	4	26483017	26492106	-
CCKBR	11	6281067	6293357	+
CCL1	17	32687346	32690252	-
CCL11	17	32612760	32615353	+
CCL13	17	32683498	32685629	+
CCL14	17	34310324	34313765	-
CCL15	17	34324617	34328592	-
CCL15-CCL14	17	34310691	34329084	-
CCL16	17	34303534	34308533	-
CCL17	16	57438678	57449975	+
CCL18	17	34391631	34399392	+
CCL19	9	34689566	34691273	-
CCL2	17	32582303	32584220	+
CCL20	2	228678557	228682272	+
CCL21	9	34709001	34710133	-
CCL22	16	57392694	57400101	+
CCL23	17	34340097	34345009	-
CCL24	7	75440142	75452690	-
CCL25	19	8117645	8127547	+
CCL26	7	75398841	75420915	-
CCL27	9	34661886	34662654	-
CCL28	5	43376747	43412493	-
CCL3	17	34415601	34417489	-
CCL3L1	17	34522268	34625731	-
CCL3L3	17	34522268	34625731	-
CCL4	17	34431219	34433007	+
CCL4L1	17	34538309	34641846	+
CCL4L2	17	34538464	34641840	+
CCL5	17	34198495	34207364	-
CCL7	17	32597239	32599261	+
CCL8	17	32646453	32648421	+
CCM2	7	45039344	45116069	+
CCM2L	20	30598240	30619982	+
CCN1	1	86046443	86049632	+
CCN2	6	132269316	132272512	-
CCN3	8	120428685	120436673	+
CCN4	8	134203281	134243932	+
CCN5	20	43343484	43356453	+
CCN6	6	112375306	112390887	+
CCNA1	13	37005966	37017019	+
CCNA2	4	122737598	122745038	-
CCNB1	5	68462836	68474070	+
CCNB1IP1	14	20779526	20801471	-
CCNB2	15	59397344	59417244	+
CCNB3	X	49969415	50094911	+
CCNC	6	99990262	100016690	-
CCND1	11	69455923	69469242	+
CCND2	12	4382927	4414518	+
CCND2-AS1	12	4357932	4385350	-
CCND3	6	41902670	42016632	-
CCNDBP1	15	43477600	43489375	+
CCNE1	19	30302897	30315219	+
CCNE2	8	95892452	95907482	-
CCNF	16	2479447	2508855	+
CCNG1	5	162864576	162875205	+
CCNG2	4	78078359	78091213	+
CCNH	5	86607287	86708850	-
CCNI	4	77968307	77997142	-
CCNI2	5	132083117	132090095	+
CCNJ	10	97803339	97820625	+
CCNJL	5	159676089	159766577	-
CCNK	14	99947745	99978767	+
CCNL1	3	156860909	156877936	-
CCNL2	1	1321090	1334722	-
CCNO	5	54526980	54529545	-
CCNP	19	40728114	40732596	-
CCNQ	X	152853382	152864595	-
CCNT1	12	49082240	49110490	-
CCNT2	2	135676391	135716911	+
CCNT2-AS1	2	135624202	135676176	-
CCNY	10	35535952	35861598	+
CCNYL1	2	208576263	208620896	+
CCNYL2	10	42903621	42967688	-
CCNYL3	16	34264719	34294699	+
CCNYL4	10	38464598	38503273	+
CCNYL6	19	21933546	21936240	+
CCP110	16	19535263	19564728	+
CCPG1	15	55647420	55700708	-
CCR1	3	46243201	46249804	-
CCR10	17	40830906	40833861	-
CCR2	3	46395234	46402431	+
CCR3	3	46283871	46308197	+
CCR4	3	32993135	32997839	+
CCR5	3	46411632	46417697	+
CCR5AS	3	46406150	46448550	-
CCR6	6	167525294	167552629	+
CCR7	17	38710021	38721724	-
CCR8	3	39371199	39375171	+
CCR9	3	45927995	45944667	+
CCRL2	3	46448749	46451014	+
CCS	11	66360655	66373490	+
CCSAP	1	229456761	229478794	-
CCSER1	4	91048544	92526445	+
CCSER2	10	86088344	86278277	+
CCT2	12	69979238	69995350	+
CCT3	1	156278751	156308206	-
CCT4	2	62095219	62115806	-
CCT5	5	10250032	10266524	+
CCT6A	7	56119457	56131682	+
CCT6B	17	33254880	33288479	-
CCT6P1	7	65216091	65228662	+
CCT6P3	7	64498731	64535091	+
CCT7	2	73461363	73480150	+
CCT8	21	30428642	30446118	-
CCT8L2	22	17071640	17073700	-
CCZ1	7	5938363	5966181	+
CCZ1B	7	6838569	6865906	-
CCZ1P-OR7E38P	7	97595719	97601670	-
CD101	1	117544371	117579173	+
CD109	6	74405807	74538041	+
CD14	5	140011312	140013286	-
CD151	11	832951	838835	+
CD160	1	145695797	145715586	-
CD163	12	7623406	7656414	-
CD163L1	12	7507555	7596781	-
CD164	6	109687716	109704015	-
CD164L2	1	27705665	27709823	-
CD177	19	43857837	43867324	+
CD180	5	66475441	66492627	-
CD19	16	28943291	28950663	+
CD1A	1	158218125	158228058	+
CD1B	1	158297744	158301321	-
CD1C	1	158259712	158264564	+
CD1D	1	158147819	158156216	+
CD1E	1	158323485	158327343	+
CD2	1	117297051	117311851	+
CD200	3	112051419	112081658	+
CD200R1	3	112640053	112693950	-
CD200R1L	3	112534557	112565703	-
CD200R1L-AS1	3	112521324	112539063	+
CD207	2	71057341	71062946	-
CD209	19	7804880	7812420	-
CD22	19	35820071	35838264	+
CD226	18	67520509	67624035	-
CD24	Y	21152525	21438350	-
CD244	1	160799949	160832677	-
CD247	1	167399876	167487766	-
CD248	11	66081964	66084515	-
CD27	12	6554120	6560879	+
CD27-AS1	12	6548166	6560683	-
CD274	9	5450502	5470567	+
CD276	15	73976621	74006859	+
CD28	2	204571197	204603635	+
CD2AP	6	47445524	47594996	+
CD2BP2	16	30362086	30366629	-
CD300A	17	72462511	72480937	+
CD300C	17	72537211	72542254	-
CD300E	17	72606023	72619877	-
CD300H	17	72556839	72563482	-
CD300LB	17	72517312	72527614	-
CD300LD	17	72575503	72588422	-
CD300LF	17	72690455	72709062	-
CD300LG	17	41924543	41941007	+
CD302	2	160625138	160654766	-
CD320	19	8367010	8373242	-
CD33	19	51728335	51743271	+
CD34	1	208054316	208084470	-
CD36	7	80231522	80308593	+
CD37	19	49838662	49843861	+
CD38	4	15779950	15854855	+
CD3D	11	118209668	118213420	-
CD3E	11	118175444	118186888	+
CD3G	11	118215058	118225876	+
CD4	12	6898693	6929965	+
CD40	20	44746952	44758494	+
CD40LG	X	135730316	135742549	+
CD44	11	35160717	35253949	+
CD46	1	207925382	207968861	+
CD47	3	107761937	107809878	-
CD48	1	160648535	160681641	-
CD5	11	60861434	60895323	+
CD52	1	26644448	26647014	+
CD53	1	111413820	111442558	+
CD55	1	207495022	207534311	+
CD58	1	117057155	117113715	-
CD59	11	33724555	33758025	-
CD5L	1	157796857	157811598	-
CD6	11	60739151	60787848	+
CD63	12	56119106	56123457	-
CD68	17	7482955	7485429	+
CD69	12	9905081	9913497	-
CD7	17	80272748	80275484	-
CD70	19	6581658	6591161	-
CD72	9	35609978	35618410	-
CD74	5	149779603	149792499	-
CD79A	19	42381348	42385439	+
CD79B	17	62006099	62009691	-
CD80	3	119243139	119278461	-
CD81	11	2397406	2418649	+
CD81-AS1	11	2349978	2399222	-
CD82	11	44587212	44641908	+
CD83	6	14117486	14137148	+
CD84	1	160510883	160549306	-
CD86	3	121774208	121839988	+
CD8A	2	87011727	87035519	-
CD8B	2	87042459	87089047	-
CD8B2	2	107103819	107160752	+
CD9	12	6309111	6347432	+
CD93	20	23059996	23066961	-
CD96	3	111261043	111384843	+
CD99L2	X	149934808	150067289	-
CDA	1	20915589	20945396	+
CDADC1	13	49822060	49867621	+
CDAN1	15	43015741	43029326	-
CDC123	10	12238186	12292588	+
CDC14A	1	100810570	100985833	+
CDC14B	9	99262389	99382125	-
CDC14C	7	48964142	48967050	+
CDC16	13	115000319	115038201	+
CDC20	1	43824651	43828873	+
CDC20B	5	54408798	54469005	-
CDC23	5	137523338	137549012	-
CDC25A	3	48198635	48229907	-
CDC25B	20	3767418	3786768	+
CDC25C	5	137620953	137674044	-
CDC26	9	116029271	116037852	-
CDC27	17	45195068	45266661	-
CDC34	19	531759	542087	+
CDC37	19	10501808	10514218	-
CDC37L1	9	4679568	4708398	+
CDC37L1-DT	9	4676600	4679480	-
CDC40	6	110501629	110553433	+
CDC42	1	22379201	22427853	+
CDC42BPA	1	227177558	227506193	-
CDC42BPB	14	103398716	103523886	-
CDC42BPG	11	64590523	64612125	-
CDC42EP1	22	37956486	37965410	+
CDC42EP2	11	65082336	65089887	+
CDC42EP3	2	37869086	37900092	-
CDC42EP4	17	71279762	71308140	-
CDC42EP5	19	54976209	54984443	-
CDC42P3	8	144077244	144079080	+
CDC42SE1	1	151023446	151032125	-
CDC42SE2	5	130599745	130730365	+
CDC45	22	19466988	19508135	+
CDC5L	6	44355442	44418162	+
CDC6	17	38444130	38460909	+
CDC7	1	91966403	91991321	+
CDC73	1	193091160	193223942	+
CDCA2	8	25316446	25365433	+
CDCA3	12	6953961	6960450	-
CDCA4	14	105475909	105487420	-
CDCA5	11	64844924	64851512	-
CDCA7	2	174219599	174233721	+
CDCA7L	7	21940516	21985517	-
CDCA8	1	38158187	38175391	+
CDCP1	3	45123768	45187914	-
CDCP2	1	54598392	54618854	-
CDH1	16	68771194	68869439	+
CDH10	5	24487208	24645087	-
CDH11	16	64977656	65155966	-
CDH12	5	21750784	22853453	-
CDH13	16	82660573	83834245	+
CDH15	16	89238155	89261900	+
CDH16	16	66942024	66952788	-
CDH17	8	95139389	95229506	-
CDH18	5	19471404	20575822	-
CDH18-AS1	5	20305659	20332555	+
CDH19	18	64168321	64271327	-
CDH2	18	25530929	25757094	-
CDH20	18	59000662	59223010	+
CDH22	20	44802377	44937137	-
CDH23	10	73156676	73575704	+
CDH23-AS1	10	73267909	73271677	-
CDH24	14	23516269	23526747	-
CDH26	20	58533477	58589584	+
CDH3	16	68679212	68734195	+
CDH4	20	59827316	60515673	+
CDH5	16	66400593	66438687	+
CDH6	5	31193792	31329253	+
CDH7	18	63417487	63557572	+
CDH8	16	61681154	62070342	-
CDH9	5	26880705	27038693	-
CDHR1	10	85954292	85979376	+
CDHR2	5	175969511	176022975	+
CDHR3	7	105603709	105676878	+
CDHR4	3	49828166	49837306	-
CDHR5	11	616564	624955	-
CDIN1	15	36871826	37102441	+
CDIP1	16	4560670	4588774	-
CDIPT	16	29869677	29874547	-
CDIPTOSP	16	29875003	29879374	+
CDK1	10	62538088	62554611	+
CDK10	16	89753096	89762762	+
CDK11A	1	1633817	1655796	-
CDK11B	1	1570602	1655769	-
CDK12	17	37617738	37690818	+
CDK13	7	39989854	40139179	+
CDK14	7	90225634	90839905	+
CDK15	2	202671151	202760273	+
CDK16	X	47077701	47089394	+
CDK17	12	96672038	96794217	-
CDK18	1	205473796	205501917	+
CDK19	6	110931180	111137058	-
CDK2	12	56360613	56366573	+
CDK20	9	90581358	90589695	-
CDK2AP1	12	123745516	123756787	-
CDK2AP2	11	67273967	67275633	-
CDK3	17	73996986	74002080	+
CDK4	12	58141509	58146093	-
CDK5	7	150750901	150754984	-
CDK5R1	17	30814010	30818271	+
CDK5R2	2	219824387	219826877	+
CDK5RAP1	20	31946644	31989375	-
CDK5RAP2	9	123151146	123342448	-
CDK5RAP3	17	46047893	46059152	+
CDK6	7	92234234	92465887	-
CDK6-AS1	7	92465796	92546501	+
CDK7	5	68530621	68573257	+
CDK8	13	26828265	26979373	+
CDK9	9	130548312	130553064	+
CDKAL1	6	20534687	21232634	+
CDKL1	14	50792984	50864016	-
CDKL2	4	76501705	76555712	-
CDKL3	5	133634114	133706738	-
CDKL4	2	39395185	39471124	-
CDKL5	X	18443724	18671749	+
CDKN1A	6	36644239	36655109	+
CDKN1B	12	12870301	12875303	+
CDKN1C	11	2904447	2907005	-
CDKN2A	9	21967750	21995323	-
CDKN2A-DT	9	21967137	21967753	+
CDKN2AIP	4	184365788	184370217	+
CDKN2AIPNL	5	133737755	133747572	-
CDKN2B	9	22002901	22009312	-
CDKN2B-AS1	9	21994789	22121093	+
CDKN2C	1	51434366	51440306	+
CDKN2D	19	10677135	10679655	-
CDKN3	14	54863585	54886934	+
CDNF	10	14861243	14880036	-
CDO1	5	115140429	115152356	-
CDON	11	125826715	125933187	-
CDPF1	22	46639909	46646190	-
CDR1	X	139865424	139866723	-
CDR2	16	22357256	22385940	-
CDR2L	17	72983726	73001892	+
CDRT1	17	15468795	15523018	-
CDRT15	17	14138989	14140179	-
CDRT15L2	17	20483036	20484224	+
CDRT15P1	17	13927814	13928915	+
CDRT15P2	17	15668016	15669003	+
CDRT15P3	2	132552533	132559234	-
CDRT3	17	15373624	15374150	-
CDRT4	17	15339331	15370935	-
CDRT7	17	14934291	14935274	+
CDRT8	17	15008301	15009504	-
CDS1	4	85504279	85572487	+
CDS2	20	5107653	5178533	+
CDSN	6	31082863	31088223	-
CDT1	16	88870196	88875666	+
CDV3	3	133292529	133309118	+
CDX1	5	149546340	149564121	+
CDX2	13	28535054	28543505	-
CDX4	X	72667089	72674421	+
CDY1	Y	26191376	27771048	-
CDY1B	Y	26191376	27771048	-
CDY2A	Y	19990140	20139626	-
CDY2B	Y	19990139	20139627	-
CDYL	6	4706371	4955778	+
CDYL2	16	80631803	80838495	-
CEACAM1	19	43011457	43032633	-
CEACAM16	19	45202420	45213990	+
CEACAM18	19	51981896	51993859	+
CEACAM19	19	45174723	45187627	+
CEACAM20	19	45010210	45033698	-
CEACAM21	19	42055885	42093197	+
CEACAM22P	19	45041044	45060150	-
CEACAM3	19	42300518	42315592	+
CEACAM4	19	42125343	42133442	-
CEACAM5	19	42212544	42234341	+
CEACAM6	19	42259437	42276115	+
CEACAM7	19	42177230	42192199	-
CEACAM8	19	43084394	43099076	-
CEBPA	19	33790839	33793470	-
CEBPA-DT	19	33793726	33795963	+
CEBPB	20	48807119	48809227	+
CEBPB-AS1	20	48801139	48808606	-
CEBPD	8	48649474	48650726	-
CEBPE	14	23586514	23588464	-
CEBPG	19	33864614	33873592	+
CEBPZ	2	37428755	37458739	-
CEBPZOS	2	37423638	37443336	+
CECR2	22	17840838	18037856	+
CECR3	22	17737749	17747623	-
CECR7	22	17517459	17540960	+
CEL	9	135937367	135947248	+
CELA1	12	51722225	51740463	-
CELA2A	1	15783226	15798586	+
CELA2B	1	15802598	15817889	+
CELA3A	1	22328149	22339035	+
CELA3B	1	22303514	22315847	+
CELF1	11	47487488	47587091	-
CELF2	10	10504512	11378672	+
CELF2-AS1	10	11358795	11386673	-
CELF2-AS2	10	11113505	11147451	-
CELF2-DT	10	10461500	10504312	-
CELF3	1	151672533	151689279	-
CELF4	18	34823007	35145761	-
CELF5	19	3224658	3297073	+
CELF6	15	72577067	72612498	-
CELP	9	135957925	135962478	+
CELSR1	22	46757070	46933517	-
CELSR2	1	109792160	109818373	+
CELSR3	3	48673895	48700319	-
CEMIP	15	81071710	81244112	+
CEMIP2	9	74298281	74383429	-
CEMP1	16	2580035	2581409	-
CENATAC	11	118868847	118886502	+
CEND1	11	787114	790090	-
CENPA	2	27008882	27017455	+
CENPB	20	3764497	3767387	-
CENPBD1	16	90036182	90039240	-
CENPBD1P1	19	59086765	59095762	+
CENPC	4	68334479	68411221	-
CENPE	4	104026967	104119500	-
CENPF	1	214776537	214837914	+
CENPH	5	68485409	68506184	+
CENPI	X	100353170	100418662	+
CENPJ	13	25456416	25496999	-
CENPK	5	64812118	64858995	-
CENPL	1	173768687	173793777	-
CENPM	22	42334724	42343168	-
CENPN	16	81040102	81066709	+
CENPO	2	25015983	25045245	+
CENPP	9	95087749	95382809	+
CENPQ	6	49431082	49460820	+
CENPS	1	10490489	10502865	+
CENPS-CORT	1	10490489	10512210	+
CENPT	16	67862059	67881596	-
CENPU	4	185615240	185655250	-
CENPV	17	16245850	16256783	-
CENPVL1	X	51424145	51455226	-
CENPVL2	X	51424145	51455226	-
CENPVL3	X	51359873	51361764	-
CENPW	6	126660934	126804466	+
CENPX	17	79976578	79980754	-
CEP104	1	3728650	3773775	-
CEP112	17	63631654	64188251	-
CEP120	5	122680578	122759536	-
CEP126	11	101785740	101871793	+
CEP128	14	80962820	81408082	-
CEP131	17	79163395	79196765	-
CEP135	4	56815110	56899527	+
CEP152	15	49030134	49103266	-
CEP162	6	84833968	84937361	-
CEP164	11	117192493	117283982	+
CEP170	1	243287729	243418708	-
CEP170B	14	105331604	105363084	+
CEP170P1	4	119437479	119475359	+
CEP19	3	196433147	196439121	-
CEP192	18	12991360	13125035	+
CEP20	16	15959575	15982460	-
CEP250	20	34043418	34107108	+
CEP290	12	88442792	88535865	-
CEP295	11	93394847	93463524	+
CEP295NL	17	76886660	76899283	-
CEP350	1	179923944	180084010	+
CEP41	7	130033611	130081051	-
CEP43	6	167412804	167466206	+
CEP44	4	175205054	175254531	+
CEP55	10	95256368	95288849	+
CEP57	11	95523624	95565857	+
CEP57L1	6	109416365	109495621	+
CEP63	3	134204565	134293855	+
CEP68	2	65283549	65314138	+
CEP70	3	138213186	138313225	-
CEP72	5	612454	668859	+
CEP76	18	12661954	12702776	-
CEP78	9	80850990	80894606	+
CEP83	12	94700169	94854230	-
CEP83-DT	12	94853778	94856344	+
CEP85	1	26560690	26605299	+
CEP85L	6	118781934	119031238	-
CEP89	19	33366830	33462864	-
CEP95	17	62503094	62534062	+
CEP97	3	101443457	101489406	+
CEPT1	1	111682004	111727726	+
CER1	9	14719723	14722731	-
CERCAM	9	131181438	131199630	+
CERK	22	47080306	47134149	-
CERKL	2	182401400	182521834	-
CERNA1	15	52472222	52498076	+
CERNA2	10	85926983	85931832	-
CERNA3	8	56987150	56987833	+
CEROX1	16	1025760	1031613	-
CERS1	19	18979353	19007536	-
CERS2	1	150937648	150947479	-
CERS3	15	100940599	101084888	-
CERS3-AS1	15	100913143	100978119	+
CERS4	19	8274253	8327304	+
CERS5	12	50523071	50561316	-
CERS6	2	169312781	169631644	+
CERS6-AS1	2	169628460	169642939	-
CERT1	5	74664310	74807806	-
CES1	16	55836763	55867008	-
CES1P1	16	55794510	55808826	+
CES1P2	16	55758836	55784123	+
CES2	16	66968373	66978994	+
CES3	16	66995168	67009052	+
CES4A	16	67022491	67044320	+
CES5A	16	55880065	55989943	-
CES5AP1	22	23701792	23724313	-
CETN1	18	580379	582114	+
CETN2	X	151995537	151999301	-
CETN3	5	89688073	89705603	-
CETN4P	4	123651343	123653613	-
CETP	16	56995861	57017757	+
CFAP100	3	126113751	126155399	+
CFAP126	1	161334522	161337666	-
CFAP157	9	130469266	130478281	+
CFAP161	15	81426610	81441520	+
CFAP20	16	58147491	58163329	-
CFAP206	6	88117689	88174183	+
CFAP20DC	3	58727734	59035758	-
CFAP20DC-AS1	3	58810196	59004819	+
CFAP221	2	120302007	120414237	+
CFAP251	12	122356497	122441825	+
CFAP298	21	33971664	33985181	-
CFAP298-TCP10L	21	33935814	33984687	-
CFAP299	4	81256873	81884910	+
CFAP300	11	101918167	101955291	+
CFAP36	2	55746730	55772216	+
CFAP410	21	45748826	45759273	-
CFAP43	10	105889645	105992122	-
CFAP44	3	113005776	113160361	-
CFAP44-AS1	3	113122844	113152839	+
CFAP45	1	159842153	159869955	-
CFAP46	10	134621895	134756074	-
CFAP47	X	35937850	36403432	+
CFAP52	17	9479958	9546764	+
CFAP53	18	47753563	47792865	-
CFAP54	12	96883354	97269333	+
CFAP57	1	43638000	43720029	+
CFAP58	10	106113590	106214860	+
CFAP58-DT	10	106111058	106113333	-
CFAP61	20	20033175	20341340	+
CFAP65	2	219867567	219906273	-
CFAP69	7	89874487	89940377	+
CFAP70	10	75013515	75118622	-
CFAP73	12	113587662	113597081	+
CFAP74	1	1853395	1935225	-
CFAP77	9	135285597	135448706	+
CFAP91	3	119421868	119485949	+
CFAP92	3	128628715	128722845	-
CFAP94	12	25261222	25348094	-
CFAP97	4	186080818	186125154	-
CFAP97D1	17	41857802	41864982	+
CFAP99	4	2420681	2464690	+
CFB	6	31913871	31919861	+
CFC1	2	131349737	131357148	-
CFC1B	2	131278794	131286176	+
CFD	19	859663	863641	+
CFDP1	16	75327607	75467401	-
CFH	1	196621007	196716634	+
CFHR1	1	196788860	196801319	+
CFHR2	1	196912867	196928750	+
CFHR3	1	196743929	196764537	+
CFHR4	1	196857181	196887763	+
CFHR5	1	196946685	196978808	+
CFI	4	110652137	110723155	-
CFL1	11	65622143	65625651	-
CFL1P1	10	89578069	89605369	+
CFL2	14	35178318	35184029	-
CFLAR	2	201980826	202041410	+
CFLAR-AS1	2	202005011	202022515	-
CFP	X	47482680	47489704	-
CFTR	7	117120078	117308718	+
CFTR-AS1	7	117182574	117204730	-
CGA	6	87795215	87804824	-
CGAS	6	74133433	74162020	-
CGB1	19	49538825	49540152	-
CGB2	19	49535146	49536495	+
CGB3	19	49526125	49527632	-
CGB5	19	49547104	49548568	+
CGB7	19	49557530	49561006	-
CGB8	19	49550894	49552368	-
CGGBP1	3	88101099	88199016	-
CGN	1	151483862	151511167	+
CGNL1	15	57668702	57842915	+
CGREF1	2	27322220	27341996	-
CGRRF1	14	54976623	55006009	+
CH17-340M24.3	X	153652722	153656825	-
CH25H	10	90965385	90967074	-
CHAC1	15	41245668	41248710	+
CHAC2	2	53994919	54002333	+
CHAD	17	48541856	48546241	-
CHADL	22	41625516	41636935	-
CHAF1A	19	4402636	4443394	+
CHAF1B	21	37757689	37791313	+
CHAMP1	13	115079977	115092797	+
CHASERR	15	93426072	93441977	+
CHAT	10	50817140	50875987	+
CHCHD1	10	75541805	75543410	+
CHCHD10	22	24108020	24110159	-
CHCHD2	7	56169254	56174323	-
CHCHD3	7	132469622	132766918	-
CHCHD4	3	14153576	14166370	-
CHCHD5	2	113342023	113346617	+
CHCHD6	3	126423082	126679263	+
CHCHD7	8	57124196	57131368	+
CHD1	5	98189690	98264711	-
CHD1L	1	146644325	146767447	+
CHD2	15	93443553	93571226	+
CHD3	17	7788113	7816073	+
CHD4	12	6679247	6716545	-
CHD5	1	6161846	6240381	-
CHD6	20	40030722	40247016	-
CHD7	8	61591298	61780586	+
CHD8	14	21853357	21924282	-
CHD9	16	53088902	53361409	+
CHDH	3	53846361	53880446	-
CHEK1	11	125495030	125546151	+
CHEK2	22	29083730	29137822	-
CHEK2P2	15	20487996	20496811	+
CHERP	19	16628704	16653248	-
CHFR	12	133408941	133464204	-
CHGA	14	93389494	93401630	+
CHGB	20	5892155	5905999	+
CHI3L1	1	203148058	203155832	-
CHI3L2	1	111770280	111786062	+
CHIA	1	111833472	111863185	+
CHIAP2	1	111823145	111828730	+
CHIC1	X	72782983	72906944	+
CHIC2	4	54875957	54930772	-
CHID1	11	867858	915058	-
CHIT1	1	203185206	203198801	-
CHKA	11	67820325	67888855	-
CHKB	22	51017391	51021278	-
CHKB-CPT1B	22	51007289	51021428	-
CHKB-DT	22	51021454	51033710	+
CHL1	3	238278	451097	+
CHL1-AS1	3	405055	427478	-
CHL1-AS2	3	237440	239024	-
CHM	X	85116184	85302562	-
CHML	1	241792152	241803671	-
CHMP1A	16	89710843	89724116	-
CHMP1B	18	11851411	11854443	+
CHMP1B2P	X	79483987	79590817	-
CHMP2A	19	59062932	59066472	-
CHMP2B	3	87276458	87304706	+
CHMP3	2	86730552	86790566	-
CHMP4A	14	24678820	24682694	-
CHMP4B	20	32399153	32442172	+
CHMP4C	8	82644682	82671748	+
CHMP5	9	33264876	33282068	+
CHMP6	17	78965640	78973933	+
CHMP7	8	23101149	23119512	+
CHN1	2	175663536	175870109	-
CHN2	7	29186162	29553951	+
CHN2-AS1	7	29238655	29248586	-
CHODL	21	19289656	19639687	+
CHODL-AS1	21	19207988	19257925	-
CHORDC1	11	89933597	89956532	-
CHORDC1P4	18	2943210	2946621	-
CHP1	15	41523465	41574083	+
CHP1P2	6	160514113	160517244	+
CHP2	16	23766346	23770256	+
CHPF	2	220403668	220408531	-
CHPF2	7	150929568	150935913	+
CHPT1	12	102091417	102122852	+
CHRAC1	8	141521420	141527253	+
CHRD	3	184097860	184108526	+
CHRDL1	X	109917083	110039045	-
CHRDL2	11	74407472	74442471	-
CHRFAM7A	15	30652768	30685864	-
CHRM1	11	62676150	62688835	-
CHRM2	7	136553398	136704960	+
CHRM3	1	239549867	240078749	+
CHRM3-AS1	1	240061318	240063172	-
CHRM3-AS2	1	239870425	239882419	-
CHRM4	11	46405340	46413326	-
CHRM5	15	34260697	34359659	+
CHRNA1	2	175612321	175629200	-
CHRNA10	11	3686816	3692614	-
CHRNA2	8	27317272	27336778	-
CHRNA3	15	78885394	78913338	-
CHRNA4	20	61974574	61992701	-
CHRNA5	15	78857861	78887611	+
CHRNA6	8	42607779	42623929	-
CHRNA7	15	32322685	32465219	+
CHRNA9	4	40337349	40357234	+
CHRNB1	17	7348379	7361029	+
CHRNB2	1	154540253	154552486	+
CHRNB3	8	42552508	42592550	+
CHRNB4	15	78916452	78933552	-
CHRND	2	233390869	233401375	+
CHRNE	17	4801065	4806393	-
CHRNG	2	233404401	233412825	+
CHROMR	2	179278385	179304970	+
CHST1	11	45669238	45687172	-
CHST10	2	101008321	101034130	-
CHST11	12	104850725	105155792	+
CHST12	7	2443245	2488119	+
CHST13	3	126242997	126262134	+
CHST14	15	40763182	40765357	+
CHST15	10	125767183	125853114	-
CHST2	3	142838612	142842856	+
CHST3	10	73724152	73773314	+
CHST4	16	71560022	71572651	+
CHST5	16	75562427	75570006	-
CHST6	16	75505939	75529339	-
CHST7	X	46433199	46457931	+
CHST8	19	34112858	34264414	+
CHST9	18	24486444	24765272	-
CHSY1	15	101715931	101792253	-
CHSY3	5	129240157	129522327	+
CHTF18	16	838619	848074	+
CHTF8	16	69151912	69166491	-
CHTOP	1	153606457	153618782	+
CHUK	10	101948054	101989367	-
CHURC1	14	65381078	65402084	+
CHURC1-FNTB	14	65381078	65529373	+
CIAO1	2	96931962	96939900	+
CIAO2A	15	64364757	64386207	-
CIAO2B	16	66965967	66968305	-
CIAO3	16	779764	790997	-
CIAPIN1	16	57462080	57481440	-
CIART	1	150254963	150259504	+
CIB1	15	90773206	90808991	-
CIB2	15	78396947	78423877	-
CIB3	19	16272178	16284336	-
CIB4	2	26804072	26864234	-
CIBAR1	8	94712777	94743755	+
CIBAR1P2	4	183958817	183961272	+
CIBAR2	16	85131963	85146078	-
CIC	19	42772681	42799948	+
CIDEA	18	12254359	12277594	+
CIDEB	14	24774301	24780641	-
CIDEC	3	9908393	9921938	-
CIDECP1	3	10059236	10067820	-
CIITA	16	10971054	11030250	+
CILK1	6	52866103	52926622	-
CILP	15	65487097	65503811	-
CILP2	19	19649073	19657468	+
CINP	14	102814618	102829253	-
CIP2A	3	108268712	108308285	-
CIPC	14	77564600	77583630	+
CIR1	2	175212749	175260440	-
CIRBP	19	1269266	1274879	+
CIRBP-AS1	19	1267469	1270259	-
CISD1	10	60028921	60049345	+
CISD2	4	103790148	103813963	+
CISD3	17	36886593	36891858	+
CISH	3	50643884	50649205	-
CISTR	12	54144230	54150818	-
CIT	12	120123595	120315124	-
CITED1	X	71521487	71527007	-
CITED2	6	139692943	139695785	-
CITED4	1	41326725	41328035	-
CIZ1	9	130928343	130966501	-
CKAP2	13	53029494	53050766	+
CKAP2L	2	113493926	113522186	-
CKAP4	12	106631658	106641798	-
CKAP5	11	46764597	46867859	-
CKB	14	103986003	103989167	-
CKLF	16	66586465	66600190	+
CKLF-CMTM1	16	66586478	66613038	+
CKM	19	45809670	45826133	-
CKMT1A	15	43984983	43991420	+
CKMT1B	15	43885054	43891604	+
CKMT2	5	80529138	80562217	+
CKMT2-AS1	5	80533383	80597388	-
CKS1B	1	154947117	154951727	+
CKS2	9	91926109	91931618	+
CLASP1	2	122095351	122407038	-
CLASP2	3	33537738	33759746	-
CLASRP	19	45542302	45574214	+
CLBA1	14	105452124	105461853	+
CLC	19	40221894	40228669	-
CLCA1	1	86934609	86965942	+
CLCA2	1	86889853	86922236	+
CLCA3P	1	87099958	87121059	+
CLCA4	1	87012760	87046432	+
CLCA4-AS1	1	87036863	87170176	-
CLCC1	1	109472127	109506106	-
CLCF1	11	67131638	67141648	-
CLCN1	7	143013203	143049176	+
CLCN2	3	184063972	184079393	-
CLCN3	4	170541728	170644822	+
CLCN4	X	10124984	10205699	+
CLCN5	X	49687205	49863892	+
CLCN6	1	11866152	11903201	+
CLCN7	16	1494933	1525085	-
CLCNKA	1	16348530	16360545	+
CLCNKB	1	16370276	16383821	+
CLDN1	3	190023500	190040235	-
CLDN10	13	96085852	96232013	+
CLDN10-AS1	13	96131697	96186164	-
CLDN11	3	170136655	170152479	+
CLDN12	7	90032774	90045268	+
CLDN14	21	37832919	37948867	-
CLDN15	7	100875372	100882101	-
CLDN16	3	190008149	190129927	+
CLDN17	21	31537884	31539123	-
CLDN18	3	137717657	137752491	+
CLDN19	1	43198763	43205925	-
CLDN2	X	106143393	106174091	+
CLDN20	6	155585146	155597682	+
CLDN22	4	184239252	184241429	-
CLDN23	8	8559446	8561606	+
CLDN24	4	184242916	184243579	-
CLDN25	11	113650517	113651207	+
CLDN3	7	73183326	73184600	-
CLDN34	X	9935397	9936392	+
CLDN4	7	73245325	73247019	+
CLDN5	22	19510546	19512860	-
CLDN6	16	3064712	3068184	-
CLDN7	17	7163221	7166512	-
CLDN8	21	31586323	31588415	-
CLDN9	16	3062923	3064506	+
CLDND1	3	98234316	98241910	-
CLDND2	19	51870351	51872257	-
CLEC10A	17	6977855	6983570	-
CLEC11A	19	51226620	51228965	+
CLEC12A	12	10103866	10138194	+
CLEC12A-AS1	12	10100735	10105936	-
CLEC12B	12	10163225	10171399	+
CLEC14A	14	38723204	38725298	-
CLEC16A	16	11038344	11276043	+
CLEC17A	19	14693895	14722847	+
CLEC18A	16	69984607	69997889	+
CLEC18B	16	74442528	74456039	-
CLEC18C	16	70207689	70220798	+
CLEC19A	16	19297052	19322269	+
CLEC1A	12	10222152	10251584	-
CLEC1B	12	10145660	10151899	-
CLEC2A	12	10051274	10084969	-
CLEC2B	12	10004967	10022458	-
CLEC2D	12	9822308	9852148	+
CLEC2L	7	139208430	139229731	+
CLEC3A	16	78056444	78065998	+
CLEC3B	3	45067794	45077563	+
CLEC4A	12	8276227	8291203	+
CLEC4C	12	7881978	7902137	-
CLEC4D	12	8666098	8674960	+
CLEC4E	12	8685900	8693501	-
CLEC4F	2	71035775	71047731	-
CLEC4G	19	7793842	7797057	-
CLEC4GP1	19	7852369	7855898	+
CLEC4M	19	7828128	7834491	+
CLEC4O	19	15962803	15975734	-
CLEC5A	7	141627156	141646774	-
CLEC6A	12	8608557	8630926	+
CLEC7A	12	10269375	10282798	-
CLEC9A	12	10183280	10218630	+
CLECL1	12	9868455	9885895	-
CLGN	4	141309606	141348815	-
CLHC1	2	55399685	55459699	-
CLIC1	6	31698357	31705095	-
CLIC2	X	154505499	154563923	-
CLIC3	9	139889059	139891020	-
CLIC4	1	25071937	25170810	+
CLIC5	6	45866189	46097556	-
CLIC6	21	36041292	36090521	+
CLINT1	5	157212754	157286153	-
CLIP1	12	122755977	122907216	-
CLIP1-AS1	12	122880088	122884491	+
CLIP2	7	73703736	73820265	+
CLIP3	19	36505561	36523775	-
CLIP4	2	29320541	29406674	+
CLK1	2	201717731	201729381	-
CLK2	1	155232658	155243295	-
CLK2P1	7	23624334	23626146	-
CLK3	15	74900712	74922542	+
CLK4	5	178029664	178054051	-
CLLU1	12	92815306	92824778	+
CLLU1-AS1	12	92813861	92826775	-
CLMAT3	5	151056505	151067468	+
CLMN	14	95648276	95786245	-
CLMP	11	122940579	123065956	-
CLN3	16	28477973	28503403	-
CLN5	13	77566215	77579252	+
CLN6	15	68499329	68522066	-
CLN8	8	1711954	1734736	+
CLNK	4	10488018	10686392	-
CLNS1A	11	77325574	77348851	-
CLOCK	4	56294067	56413076	-
CLP1	11	57425215	57429337	+
CLPB	11	71996539	72145728	-
CLPP	19	6361541	6370253	+
CLPS	6	35762758	35765121	-
CLPSL1	6	35748795	35761763	+
CLPSL2	6	35744374	35747329	+
CLPTM1	19	45457841	45496604	+
CLPTM1L	5	1317866	1345214	-
CLPX	15	65440557	65477680	-
CLRN1	3	150643949	150690786	-
CLRN1-AS1	3	150690464	150798513	+
CLRN2	4	17516787	17528727	+
CLRN3	10	129676104	129691205	-
CLSPN	1	36185813	36235579	-
CLSTN1	1	9788983	9884584	-
CLSTN2	3	139654026	140296238	+
CLSTN2-AS1	3	140224459	140227631	-
CLSTN3	12	7282966	7311530	+
CLTA	9	36190852	36212059	+
CLTB	5	175819452	175843570	-
CLTC	17	57697049	57774317	+
CLTCL1	22	19166985	19279242	-
CLTRN	X	15645440	15682928	-
CLU	8	27454433	27472217	-
CLUAP1	16	3551003	3589051	+
CLUH	17	2592680	2615314	-
CLUHP3	16	31711933	31718745	+
CLUL1	18	596987	650293	+
CLVS1	8	62200528	62414188	+
CLVS2	6	123317379	123394070	+
CLYBL	13	100258917	100561698	+
CLYBL-AS1	13	100377923	100381255	-
CLYBL-AS2	13	100342351	100343225	-
CMA1	14	24974558	24977471	-
CMAHP	6	25081294	25138620	-
CMAS	12	22199107	22218606	+
CMBL	5	10277706	10308014	-
CMC1	3	28283109	28366618	+
CMC2	16	81000344	81040490	-
CMC4	X	154289897	154299411	-
CMIP	16	81478774	81745367	+
CMKLR1	12	108681820	108733088	-
CMPK1	1	47799461	47844511	+
CMPK2	2	6980683	7006766	-
CMSS1	3	99536705	99900576	+
CMTM1	16	66600341	66613038	+
CMTM2	16	66613365	66622177	+
CMTM3	16	66637898	66647795	+
CMTM4	16	66648652	66730646	-
CMTM5	14	23846254	23848981	+
CMTM6	3	32522803	32544344	-
CMTM7	3	32433344	32497020	+
CMTM8	3	32280170	32411817	+
CMTR1	6	37400996	37449284	+
CMTR2	16	71315295	71323625	-
CMYA5	5	78985658	79096044	+
CNBD1	8	87878642	88395087	+
CNBD2	20	34556511	34618622	+
CNBP	3	128886669	128902739	-
CNDP1	18	72201734	72254447	+
CNDP2	18	72163597	72190689	+
CNEP1R1	16	50059116	50070999	+
CNFN	19	42891170	42894449	-
CNGA1	4	47937993	48018698	-
CNGA2	X	150903217	150914036	+
CNGA3	2	98962918	99015064	+
CNGA4	11	6260318	6265709	+
CNGB1	16	57916243	58005032	-
CNGB3	8	87586406	87755862	-
CNIH1	14	54890278	54908092	-
CNIH2	11	66045645	66051677	+
CNIH3	1	224622341	224928256	+
CNIH4	1	224544580	224567153	+
CNKSR1	1	26503981	26516375	+
CNKSR2	X	21392535	21672807	+
CNKSR3	6	154708648	154831819	-
CNMD	13	53277400	53313955	-
CNN1	19	11649665	11661138	+
CNN2	19	1026606	1039064	+
CNN3	1	95362504	95392779	-
CNN3-DT	1	95391915	95428826	+
CNNM1	10	101088855	101154087	+
CNNM2	10	104678050	104849979	+
CNNM3	2	97482004	97501119	+
CNNM3-DT	2	97477975	97479394	-
CNNM4	2	97426638	97477610	+
CNOT1	16	58553854	58663730	-
CNOT10	3	32726679	32815367	+
CNOT11	2	101869347	101886778	+
CNOT2	12	70636809	70748773	+
CNOT3	19	54641477	54659419	+
CNOT4	7	135046546	135194875	-
CNOT6	5	179921378	180005357	+
CNOT6L	4	78634540	78741423	-
CNOT7	8	17082474	17104418	-
CNOT8	5	154237808	154256352	+
CNOT9	2	219433302	219461799	+
CNP	17	40118812	40129758	+
CNPPD1	2	220036618	220042878	-
CNPY1	7	155293824	155363441	-
CNPY2	12	56703627	56710132	-
CNPY3	6	42895739	42907032	+
CNPY3-GNMT	6	42897217	42931618	+
CNPY4	7	99717256	99723128	+
CNR1	6	88849584	88877068	-
CNR2	1	24197005	24239852	-
CNRIP1	2	68511302	68547081	-
CNST	1	246729638	246831897	+
CNTD1	17	40950878	40963605	+
CNTF	11	58390137	58393205	+
CNTFR	9	34551429	34590138	-
CNTFR-AS1	9	34568009	34583070	+
CNTLN	9	17135037	17503921	+
CNTN1	12	41086240	41466217	+
CNTN2	1	205012076	205047417	+
CNTN3	3	74311719	74570291	-
CNTN4	3	2140486	3099645	+
CNTN4-AS1	3	3081344	3102829	-
CNTN4-AS2	3	2152092	2185925	-
CNTN5	11	98891678	100229616	+
CNTN6	3	1134707	1445901	+
CNTNAP1	17	40834548	40852011	+
CNTNAP2	7	146471362	148118088	+
CNTNAP2-AS1	7	146778029	146794701	-
CNTNAP3	9	39064706	39288164	-
CNTNAP3B	9	43684962	43923827	+
CNTNAP3P2	9	43685195	43924057	+
CNTNAP4	16	76311298	76594652	+
CNTNAP5	2	124782863	125678795	+
CNTRL	9	123837232	123939888	+
CNTROB	17	7835398	7853238	+
COA1	7	43648055	43769140	-
COA3	17	40949642	40950722	-
COA4	11	73583712	73587891	-
COA5	2	99215776	99224975	-
COA6	1	234509201	234520826	+
COA6-AS1	1	234508552	234509339	-
COA7	1	53150120	53164019	-
COA8	14	104029296	104057236	+
COASY	17	40714165	40718295	+
COBL	7	51083908	51384558	-
COBLL1	2	165514440	165698586	-
COCH	14	31343740	31359824	+
COG1	17	71189193	71204645	+
COG2	1	230778226	230829728	+
COG3	13	46039073	46110836	+
COG4	16	70514469	70557457	-
COG5	7	106841816	107204365	-
COG6	13	40229763	40365803	+
COG7	16	23399813	23464510	-
COG8	16	69360330	69373467	-
COIL	17	55015560	55038411	-
COL10A1	6	116440071	116447295	-
COL11A1	1	103342022	103574078	-
COL11A2	6	33130468	33160245	-
COL12A1	6	75794041	75915769	-
COL13A1	10	71561661	71718900	+
COL14A1	8	121137340	121385812	+
COL15A1	9	101706188	101833069	+
COL16A1	1	32117864	32169618	-
COL17A1	10	105791043	105845638	-
COL18A1	21	46825079	46933634	+
COL18A1-AS1	21	46839630	46844985	-
COL18A1-AS2	21	46827300	46829980	-
COL19A1	6	70576447	70922170	+
COL1A1	17	48261461	48278992	-
COL1A2	7	94024206	94060539	+
COL1A2-AS1	7	93996523	94021504	-
COL20A1	20	61924537	61966203	+
COL21A1	6	55921387	56258926	-
COL22A1	8	139600477	139926284	-
COL23A1	5	177664618	178017394	-
COL24A1	1	86194915	86622667	-
COL25A1	4	109729882	110223814	-
COL25A1-DT	4	110224190	110237291	+
COL26A1	7	101006100	101202304	+
COL27A1	9	116917816	117074791	+
COL28A1	7	7397505	7575504	-
COL2A1	12	48366749	48398259	-
COL3A1	2	189839098	189877472	+
COL4A1	13	110801309	110959504	-
COL4A2	13	110959630	111165556	+
COL4A2-AS1	13	111154922	111160526	-
COL4A2-AS2	13	111108743	111115634	-
COL4A3	2	228029339	228179508	+
COL4A4	2	227867431	228028921	-
COL4A5	X	107683067	107940775	+
COL4A6	X	107398836	107682688	-
COL5A1	9	137533648	137736688	+
COL5A1-AS1	9	137541230	137544689	-
COL5A2	2	189896623	190044487	-
COL5A3	19	10070236	10121180	-
COL6A1	21	47401683	47424962	+
COL6A2	21	47518025	47552762	+
COL6A3	2	238232654	238322850	-
COL6A4P1	3	15206868	15247466	-
COL6A4P2	3	129931662	129992649	+
COL6A5	3	130064358	130203690	+
COL6A6	3	130279177	130396981	+
COL7A1	3	48601505	48632762	-
COL8A1	3	99357437	99518061	+
COL8A2	1	36560839	36590823	-
COL9A1	6	70924763	71012787	-
COL9A2	1	40766160	40782958	-
COL9A3	20	61448401	61472511	+
COLCA1	11	111164113	111175773	-
COLCA2	11	111169270	111179460	+
COLEC10	8	119964501	120120694	+
COLEC11	2	3642421	3692234	+
COLEC12	18	316736	500701	-
COLGALT1	19	17666457	17693966	+
COLGALT2	1	183898795	184006862	-
COLQ	3	15491639	15563213	-
COMETT	7	116203647	116328081	-
COMMD1	2	62115525	62368320	+
COMMD10	5	115420721	115628987	+
COMMD2	3	149456256	149470286	-
COMMD3	10	22605316	22609234	+
COMMD3-BMI1	10	22605311	22620414	+
COMMD4	15	75628403	75635567	+
COMMD4P1	15	78230562	78236903	-
COMMD4P2	15	74389453	74392547	-
COMMD5	8	146075550	146078941	-
COMMD6	13	76099349	76123575	-
COMMD7	20	31290502	31331273	-
COMMD8	4	47452805	47465747	-
COMMD9	11	36293841	36310974	-
COMP	19	18893582	18902114	-
COMT	22	19929294	19957498	+
COMTD1	10	76993398	76995715	-
COP1	1	175913961	176176422	-
COPA	1	160258383	160313040	-
COPB1	11	14479048	14521415	-
COPB2	3	139076248	139108522	-
COPE	19	19010322	19030196	-
COPG1	3	128968448	128996616	+
COPG2	7	130146079	130353598	-
COPRS	17	30178890	30186263	-
COPS2	15	49414923	49447796	-
COPS3	17	17149929	17184617	-
COPS4	4	83956335	83996971	+
COPS5	8	67955314	67974368	-
COPS6	7	99686591	99689810	+
COPS7A	12	6833211	6841030	+
COPS7B	2	232646380	232673963	+
COPS8	2	237994083	238009117	+
COPS9	2	241065979	241075764	-
COPZ1	12	54718914	54745629	+
COPZ2	17	46103532	46115159	-
COQ10A	12	56660725	56664750	+
COQ10B	2	198318146	198340033	+
COQ2	4	84184976	84206287	-
COQ3	6	99817276	99842071	-
COQ4	9	131085117	131096351	+
COQ5	12	120941081	120966961	-
COQ6	14	74416636	74430373	+
COQ7	16	19078935	19091417	+
COQ8A	1	227127994	227175245	+
COQ8B	19	41197434	41222791	-
COQ9	16	57481390	57495182	+
CORIN	4	47596014	47840123	-
CORO1A	16	30194730	30200397	+
CORO1B	11	67202980	67211292	-
CORO1C	12	109038884	109125294	-
CORO2A	9	100883256	100954919	-
CORO2B	15	68810711	69020144	+
CORO6	17	27941773	27948441	-
CORO7	16	4404542	4466597	-
CORO7-PAM16	16	4390251	4466597	-
CORT	1	10510087	10512055	+
COSMOC	18	33759963	33767398	-
COTL1	16	84599203	84651684	-
COX10	17	13972820	14111994	+
COX10-AS1	17	13932608	13972775	-
COX11	17	53029264	53046146	-
COX14	12	50506018	50514236	+
COX15	10	101454049	101491884	-
COX16	14	70791797	70826400	-
COX17	3	119382823	119396253	-
COX18	4	73918078	73935476	-
COX19	7	1004487	1015185	-
COX20	1	244998607	245008365	+
COX4I1	16	85833300	85840674	+
COX4I2	20	30225714	30232802	+
COX5A	15	75212132	75230414	-
COX5B	2	98262524	98264846	+
COX6A1	12	120875915	120878533	+
COX6A2	16	31439051	31439681	-
COX6B1	19	36139224	36149684	+
COX6B2	19	55861072	55866087	-
COX6C	8	100890092	100905935	-
COX7A1	19	36641823	36643349	-
COX7A2	6	75947390	75960014	-
COX7A2L	2	42562698	42596097	-
COX7B	X	77154964	77162873	+
COX7B2	4	46736846	46911262	-
COX7C	5	85913757	85916779	+
COX8A	11	63742091	63744015	+
COX8C	14	93813527	93814702	+
CP	3	148880203	148939616	-
CPA1	7	130020334	130027949	+
CPA2	7	129906702	129929637	+
CPA3	3	148583082	148614990	+
CPA4	7	129932973	129964020	+
CPA5	7	129984655	130008571	+
CPA6	8	68334272	68658595	-
CPAMD8	19	17003761	17137620	-
CPB1	3	148545597	148577972	+
CPB2	13	46627320	46679211	-
CPB2-AS1	13	46626982	46675482	+
CPD	17	28705944	28797007	+
CPE	4	166300159	166419699	+
CPEB1	15	83211950	83317546	-
CPEB1-AS1	15	83316520	83361572	+
CPEB2	4	15004104	15071775	+
CPEB2-DT	4	14911584	15003669	-
CPEB3	10	93806448	94050835	-
CPEB4	5	173315351	173388983	+
CPED1	7	120628764	120937496	+
CPHXL	16	75748028	75760388	-
CPLANE1	5	37106329	37249530	-
CPLANE2	1	16558186	16563678	-
CPLX1	4	778744	819917	-
CPLX2	5	175223535	175311024	+
CPLX3	15	75118967	75124138	+
CPLX4	18	56962633	56985881	-
CPM	12	69244954	69357020	-
CPN1	10	101801949	101841626	-
CPN2	3	194060496	194072057	-
CPNE1	20	34213952	34252822	-
CPNE2	16	57126494	57182281	+
CPNE3	8	87526663	87573726	+
CPNE4	3	131252403	131758450	-
CPNE5	6	36708552	36807774	-
CPNE6	14	24540157	24547296	+
CPNE7	16	89642165	89663654	+
CPNE8	12	39046004	39299393	-
CPNE9	3	9745516	9771592	+
CPO	2	207804241	207834198	+
CPOX	3	98298289	98312455	-
CPPED1	16	12753655	12897744	-
CPQ	8	97657469	98155729	+
CPS1	2	211342408	211543831	+
CPS1-IT1	2	211482294	211484599	+
CPSF1	8	145618445	145634719	-
CPSF2	14	92588312	92638489	+
CPSF3	2	9563665	9613239	+
CPSF4	7	99036562	99055000	+
CPSF4L	17	71244587	71258019	-
CPSF6	12	69633348	69668138	+
CPSF7	11	61170200	61197447	-
CPT1A	11	68522087	68609399	-
CPT1B	22	51007289	51017041	-
CPT1C	19	50194104	50216988	+
CPT2	1	53662495	53679869	+
CPTP	1	1260181	1264276	+
CPVL	7	29034253	29235067	-
CPXCR1	X	88002225	88009785	+
CPXM1	20	2774719	2781273	-
CPXM2	10	125505154	125651323	-
CPZ	4	8594386	8621488	+
CR1	1	207669501	207815110	+
CR1L	1	207818477	207897048	+
CR2	1	207627672	207663237	+
CRABP1	15	78632694	78640567	+
CRABP2	1	156669399	156675608	-
CRACD	4	57036360	57196890	+
CRACDL	2	99410308	99552688	-
CRACR2A	12	3724493	3862275	-
CRACR2B	11	827918	831991	+
CRADD	12	94071146	94288616	+
CRAMP1	16	1662360	1727909	+
CRAT	9	131857072	131873072	-
CRAT37	15	92006568	92038080	+
CRB1	1	197170633	197447585	+
CRB2	9	126118475	126142605	+
CRB3	19	6463787	6467230	+
CRBN	3	3191316	3221401	-
CRCP	7	65579804	65619553	+
CRCT1	1	152486957	152488484	+
CREB1	2	208394685	208470712	+
CREB3	9	35732662	35736996	+
CREB3L1	11	46299212	46342944	+
CREB3L2	7	137559724	137686832	-
CREB3L2-AS1	7	137638093	137642712	+
CREB3L3	19	4153627	4173051	+
CREB3L4	1	153940377	153946834	+
CREB5	7	28338939	28865511	+
CREBBP	16	3775055	3930714	-
CREBL2	12	12764809	12798042	+
CREBRF	5	172483354	172566285	+
CREBZF	11	85369034	85393906	-
CREG1	1	167510250	167522999	-
CREG2	2	101962011	102003965	-
CRELD1	3	9975517	9987090	+
CRELD2	22	50312281	50321185	+
CREM	10	35415768	35501886	+
CRH	8	67088610	67090699	-
CRHBP	5	76248869	76265296	+
CRHR1	17	43861645	43913194	+
CRHR2	7	30691557	30739719	-
CRIM1	2	36582920	36778278	+
CRIM1-DT	2	36581891	36582713	-
CRIP1	14	105953222	105955284	+
CRIP2	14	105939281	105946507	+
CRIP3	6	43273209	43276564	-
CRIPT	2	46844353	46857315	+
CRISP1	6	49801980	49844809	-
CRISP2	6	49660070	49681303	-
CRISP3	6	49695090	49712168	-
CRISPLD1	8	75896739	75946793	+
CRISPLD2	16	84853590	84943114	+
CRK	17	1323990	1359526	-
CRKL	22	21271694	21308035	+
CRLF1	19	18704046	18717609	-
CRLF3	17	29109701	29151778	-
CRLS1	20	5986583	6020697	+
CRMP1	4	5822490	5894813	-
CRNDE	16	54952776	54963101	-
CRNKL1	20	20015004	20036690	-
CRNN	1	152381718	152386739	-
CROCC	1	17248425	17299455	+
CROCC2	2	241845752	241932728	+
CROCCP2	1	16944750	16957401	-
CROCCP3	1	16793930	16819196	-
CROT	7	86974979	87029110	+
CRP	1	159682078	159684379	-
CRPPA	7	16127149	16461163	-
CRPPA-AS1	7	16250110	16310229	+
CRSP8P	5	79646423	79647785	-
CRTAC1	10	99624756	99790585	-
CRTAM	11	122709207	122743351	+
CRTAP	3	33155505	33189265	+
CRTC1	19	18794489	18893143	+
CRTC2	1	153920151	153931088	-
CRTC3	15	91073154	91188577	+
CRTC3-AS1	15	91163240	91260371	-
CRX	19	48325193	48346581	+
CRY1	12	107385142	107487327	-
CRY2	11	45868668	45904799	+
CRYAA	21	44589117	44592920	+
CRYAA2	21	44589142	44592915	+
CRYAB	11	111779287	111794464	-
CRYBA1	17	27573876	27581502	+
CRYBA2	2	219854911	219858144	-
CRYBA4	22	27017926	27026633	+
CRYBB1	22	26995241	27013991	-
CRYBB2	22	25615605	25627836	+
CRYBB2P1	22	25844053	25857645	+
CRYBB3	22	25595824	25603326	+
CRYBG1	6	106808591	107019892	+
CRYBG2	1	26648349	26680621	-
CRYBG3	3	97540854	97663828	+
CRYGA	2	209025463	209028313	-
CRYGB	2	209007296	209010882	-
CRYGC	2	208992860	208994552	-
CRYGD	2	208986330	208989248	-
CRYGN	7	151125917	151137899	-
CRYGS	3	186256231	186262169	-
CRYL1	13	20977805	21100012	-
CRYM	16	21269841	21314383	-
CRYM-AS1	16	21312169	21329912	+
CRYZ	1	75171171	75199092	-
CRYZL1	21	34961647	35014047	-
CRYZL2P	1	177975274	178007142	-
CRYZL2P-SEC16B	1	177897923	178007142	-
CS	12	56665482	56694114	-
CSAD	12	53551446	53574709	-
CSAG1	X	151903241	151909518	+
CSAG3	X	151876742	151928738	-
CSAG4	X	151895977	151903136	-
CSDC2	22	41957013	41972670	+
CSDE1	1	115259533	115300671	-
CSE1L	20	47662782	47713497	+
CSE1L-AS1	20	47656999	47662593	-
CSF1	1	110453470	110473614	+
CSF1R	5	149432853	149492935	-
CSF2	5	131409481	131411863	+
CSF2RB	22	37309669	37336479	+
CSF3	17	38171692	38174066	+
CSF3R	1	36931643	36948915	-
CSGALNACT1	8	19261671	19615540	-
CSGALNACT2	10	43633892	43680754	+
CSH1	17	61972277	61973934	-
CSH2	17	61949371	61951089	-
CSHL1	17	61986967	61988618	-
CSK	15	75074420	75095539	+
CSKMT	11	62432783	62435580	+
CSMD1	8	2792882	4852436	-
CSMD2	1	33979597	34631443	-
CSMD2-AS1	1	34334556	34351059	+
CSMD3	8	113235157	114449168	-
CSN1S1	4	70796785	70812290	+
CSN1S2AP	4	70933102	70950988	+
CSN1S2BP	4	70999320	71012421	+
CSN2	4	70820973	70826729	-
CSN3	4	71108332	71117145	+
CSNK1A1	5	148872544	148931002	-
CSNK1A1L	13	37677395	37679801	-
CSNK1A1P1	15	37091300	37110707	-
CSNK1D	17	80196894	80231626	-
CSNK1E	22	38686696	38714089	-
CSNK1G1	15	64457723	64648372	-
CSNK1G2	19	1941170	1981336	+
CSNK1G2-AS1	19	1952525	1954548	-
CSNK1G3	5	122847792	122952743	+
CSNK2A1	20	453141	524434	-
CSNK2A2	16	58191811	58232010	-
CSNK2A3	11	11373488	11374797	-
CSNK2B	6	31633656	31637847	+
CSNKA2IP	3	88387605	88516744	+
CSPG4	15	75966662	76005189	-
CSPG4P1Y	Y	26329580	27632852	-
CSPG5	3	47603727	47621730	-
CSPP1	8	67976602	68108849	+
CSRNP1	3	39183341	39196132	-
CSRNP2	12	51454987	51477379	-
CSRNP3	2	166326207	166545917	+
CSRP1	1	201452657	201476251	-
CSRP2	12	77252488	77272799	-
CSRP3	11	19203576	19223530	-
CST1	20	23728198	23731572	-
CST11	20	23431048	23433513	-
CST13P	20	23499782	23522655	+
CST2	20	23804405	23807366	-
CST3	20	23607342	23618592	-
CST4	20	23666276	23669675	-
CST5	20	23856570	23860385	-
CST6	11	65779478	65780976	+
CST7	20	24929904	24940564	+
CST8	20	23471753	23476647	+
CST9	20	23583046	23586554	-
CST9L	20	23545369	23549121	-
CSTA	3	122044094	122060815	+
CSTB	21	45193830	45196189	-
CSTF1	20	54967426	54981418	+
CSTF2	X	100075351	100096509	+
CSTF2T	10	53455245	53459355	-
CSTF3	11	33106129	33183037	-
CSTF3-DT	11	33183202	33213142	+
CSTL1	20	23420321	23425567	+
CT45A1	X	134847184	134891539	+
CT45A10	X	134945963	134975595	-
CT45A2	X	134866213	134874561	+
CT45A3	X	134883487	134891634	+
CT45A5	X	134866213	134874561	+
CT45A6	X	134866175	134891539	+
CT45A7	X	134847385	134971043	+
CT45A8	X	134866213	134874249	+
CT45A9	X	134866213	134874608	+
CT47A1	X	120011344	120119638	-
CT47A10	X	120011344	120119638	-
CT47A11	X	120011344	120119638	-
CT47A12	X	120011344	120119638	-
CT47A2	X	120011344	120119638	-
CT47A3	X	120011344	120119638	-
CT47A4	X	120011344	120119638	-
CT47A5	X	120011344	120119638	-
CT47A6	X	120067694	120119638	-
CT47A7	X	120087136	120090454	-
CT47A8	X	120011344	120119638	-
CT47A9	X	120011344	120119638	-
CT47B1	X	120006451	120009779	-
CT55	X	134290460	134305751	-
CT62	15	71402582	71407843	-
CT66	7	69059789	69062610	-
CT69	6	134750167	134800035	-
CT75	2	223183189	223222629	+
CT83	X	115592852	115594137	-
CTAG1A	X	153813396	153847543	+
CTAG1B	X	153813417	153847522	-
CTAG2	X	153880245	153881853	-
CTAGE1	18	19993561	19997878	-
CTAGE10P	13	50464544	50467516	+
CTAGE11P	13	75811888	75814517	-
CTAGE15	7	143268893	143271480	+
CTAGE4	7	143880547	143966392	+
CTAGE6	7	143452181	143454789	-
CTAGE7P	10	131904272	131907101	+
CTAGE8	7	143880062	143966877	+
CTAGE9	6	132029580	132032157	-
CTB-178M22.2	5	167656587	167659377	-
CTBP1	4	1205232	1244143	-
CTBP1-AS	4	1203907	1212379	+
CTBP1-DT	4	1243227	1246795	+
CTBP2	10	126672885	126849599	-
CTBS	1	85015293	85040123	-
CTC-338M12.4	5	180673540	180684587	+
CTC1	17	8128132	8151374	-
CTCF	16	67596428	67673088	+
CTCFL	20	56071020	56100708	-
CTD-2194D22.4	5	1887444	1900604	+
CTD-2297D10.2	5	5132197	5140167	-
CTD-2350J17.1	5	15602297	15615111	-
CTD-3080P12.3	5	1173210	1178720	-
CTDNEP1	17	7146910	7155297	-
CTDP1	18	77439802	77516625	+
CTDSP1	2	219262955	219270664	+
CTDSP2	12	58213709	58240512	-
CTDSPL	3	37903370	38025960	+
CTDSPL2	15	44719826	44821236	+
CTF1	16	30907934	30914881	+
CTH	1	70876900	70905534	+
CTHRC1	8	104383765	104395217	+
CTIF	18	46065401	46389586	+
CTLA4	2	204732493	204738688	+
CTNNA1	5	138089074	138270723	+
CTNNA2	2	79740059	80875988	+
CTNNA2-AS1	2	79720841	79727970	-
CTNNA3	10	67672275	69455953	-
CTNNAL1	9	111704856	111775779	-
CTNNB1	3	41240995	41281934	+
CTNNBIP1	1	9908333	9970327	-
CTNNBL1	20	36322356	36500531	+
CTNND1	11	57529273	57587012	+
CTNND2	5	10971948	11904558	-
CTNS	17	3539761	3566397	+
CTPS1	1	41445367	41478237	+
CTPS2	X	16606121	16731033	-
CTR9	11	10772792	10801293	+
CTRB1	16	75252885	75258822	+
CTRB2	16	75238000	75241059	-
CTRC	1	15764938	15775737	+
CTRL	16	67963476	67965765	-
CTSA	20	44518782	44527458	+
CTSB	8	11700033	11725596	-
CTSC	11	88026759	88070904	-
CTSD	11	1773984	1785157	-
CTSE	1	206317472	206332104	+
CTSF	11	66330934	66336077	-
CTSG	14	25042723	25045456	-
CTSH	15	79213400	79237440	-
CTSK	1	150768683	150780736	-
CTSL	9	90341033	90346384	+
CTSL3P	9	90387829	90401799	+
CTSLP2	10	47270680	48158691	-
CTSLP8	9	90459659	90462339	+
CTSO	4	156845269	156875018	-
CTSS	1	150702663	150738254	-
CTSV	9	99791958	99801925	-
CTSW	11	65647307	65651212	+
CTSZ	20	57570239	57582309	-
CTTN	11	70244611	70282690	+
CTTNBP2	7	117350705	117513495	-
CTTNBP2NL	1	112938835	113003786	+
CTU1	19	51600862	51611666	-
CTU2	16	88772910	88781804	+
CTXN1	19	7989375	7991020	-
CTXN2	15	48470634	48495953	+
CTXN3	5	126984712	126994322	+
CTXND1	15	80487822	80544555	-
CTXND2	1	150859728	150885768	+
CUBN	10	16865964	17171810	-
CUEDC1	17	55938603	56032773	-
CUEDC2	10	104183005	104192331	-
CUL1	7	148394847	148498202	+
CUL2	10	35297478	35379542	-
CUL3	2	225334866	225450114	-
CUL4A	13	113862506	113921422	+
CUL4B	X	119657712	119709684	-
CUL5	11	107879623	107978486	+
CUL7	6	43005354	43021589	-
CUL9	6	43149933	43192325	+
CUTA	6	33384218	33385884	-
CUTALP	9	123605352	123616651	+
CUTC	10	101491990	101515891	+
CUX1	7	101459286	101927250	+
CUX2	12	111471968	111788358	+
CUZD1	10	124591673	124605373	-
CWC15	11	94695784	94706776	-
CWC22	2	180809602	180872024	-
CWC25	17	36956686	36981603	-
CWC27	5	64064744	64314590	+
CWF19L1	10	101992054	102027395	-
CWF19L2	11	107197070	107328572	-
CWH43	4	48988291	49064095	+
CX3CL1	16	57406401	57418956	+
CX3CR1	3	39304984	39323226	-
CXADR	21	18885223	18965897	+
CXADRP2	15	22014420	22016878	-
CXADRP3	18	14477950	14498705	-
CXCL1	4	74735109	74737025	+
CXCL10	4	76942270	76944650	-
CXCL11	4	76954839	76957223	-
CXCL12	10	44865612	44880545	-
CXCL13	4	78432906	78532988	+
CXCL14	5	134906370	134914681	-
CXCL16	17	4636827	4643223	-
CXCL17	19	42932437	42947098	-
CXCL2	4	74962756	74964912	-
CXCL3	4	74902307	74904406	-
CXCL5	4	74861358	74864394	-
CXCL6	4	74702394	74704477	+
CXCL8	4	74606285	74609433	+
CXCL9	4	76922427	76928662	-
CXCR1	2	219027563	219031685	-
CXCR2	2	218990016	219001974	+
CXCR2P1	2	218923877	218926013	-
CXCR3	X	70835768	70838361	-
CXCR4	2	136871918	136875719	-
CXCR5	11	118754600	118768496	+
CXCR6	3	45984955	45989842	+
CXXC1	18	47808712	47814692	-
CXXC1P1	X	47566589	47596027	+
CXXC4	4	105389466	105416051	-
CXXC4-AS1	4	105412121	105618749	+
CXXC5	5	139026883	139063470	+
CXXC5-AS1	5	139028583	139029313	-
CXorf38	X	40486172	40506813	-
CXorf49	X	70934223	70987051	+
CXorf49B	X	70934223	70987051	-
CXorf51A	X	145891301	145896249	+
CXorf51B	X	145891288	145896262	+
CXorf56	X	118672111	118699372	-
CXorf58	X	23926122	23957626	+
CXorf65	X	70323738	70326590	-
CXorf66	X	139037887	139047680	-
CYB561	17	61509664	61523667	-
CYB561A3	11	61116216	61129755	-
CYB561D1	1	110036657	110043063	+
CYB561D2	3	50388292	50405628	+
CYB5A	18	71918080	71959198	-
CYB5B	16	69458521	69500167	+
CYB5D1	17	7761320	7765600	+
CYB5D2	17	4046461	4060995	+
CYB5R1	1	202931001	202936385	-
CYB5R2	11	7686325	7695498	-
CYB5R3	22	43013845	43045398	-
CYB5R4	6	84569407	84677142	+
CYB5RL	1	54635330	54665774	-
CYBA	16	88709696	88717461	-
CYBB	X	37639311	37672714	+
CYBC1	17	80400461	80408628	-
CYBRD1	2	172378742	172414639	+
CYC1	8	145149978	145152428	+
CYCS	7	25158274	25164879	-
CYCSP52	1	157098153	157098463	+
CYFIP1	15	22892169	23006015	+
CYFIP2	5	156693132	156822602	+
CYGB	17	74523437	74533791	-
CYHR1	8	145674964	145691084	-
CYLC1	X	83116133	83141708	+
CYLC2	9	105757614	105780770	+
CYLD	16	50775996	50835846	+
CYMP	1	111023387	111033891	+
CYMP-AS1	1	111030301	111032880	-
CYP11A1	15	74630102	74659987	-
CYP11B1	8	143953772	143961241	-
CYP11B2	8	143991974	143999259	-
CYP17A1	10	104590287	104597170	-
CYP19A1	15	51500253	51630793	-
CYP1A1	15	75011882	75017869	-
CYP1A2	15	75041185	75048948	+
CYP1B1	2	38294652	38303293	-
CYP1B1-AS1	2	38358246	38408993	+
CYP20A1	2	204103740	204170749	+
CYP21A1P	6	31973412	31976686	+
CYP21A2	6	32006191	32009421	+
CYP24A1	20	52769984	52790525	-
CYP26A1	10	94833231	94837642	+
CYP26B1	2	72356366	72374991	-
CYP26C1	10	94820554	94829297	+
CYP27A1	2	219646869	219680016	+
CYP27B1	12	58156116	58160861	-
CYP27C1	2	127941409	127977875	-
CYP2A13	19	41594355	41602100	+
CYP2A6	19	41349445	41356352	-
CYP2A7	19	41381343	41388657	-
CYP2B6	19	41497186	41524303	+
CYP2B7P	19	41430169	41456565	+
CYP2C18	10	96443485	96495947	+
CYP2C19	10	96522437	96615304	+
CYP2C8	10	96796528	96829254	-
CYP2C9	10	96698414	96749848	+
CYP2D6	22	42522500	42526812	-
CYP2D7	22	42535586	42540484	-
CYP2E1	10	135340866	135352627	+
CYP2F1	19	41620336	41634286	+
CYP2G1P	19	41396730	41406413	+
CYP2J2	1	60358979	60392470	-
CYP2R1	11	14898985	14913777	-
CYP2S1	19	41699123	41713444	+
CYP2T1P	19	41314347	41317005	-
CYP2U1	4	108852704	108874617	+
CYP2U1-AS1	4	108784634	108853275	-
CYP2W1	7	1022816	1029276	+
CYP39A1	6	46517316	46620567	-
CYP3A4	7	99354589	99381807	-
CYP3A43	7	99425635	99463716	+
CYP3A5	7	99245816	99277619	-
CYP3A7	7	99302658	99332819	-
CYP3A7-CYP3A51P	7	99282299	99332819	-
CYP46A1	14	100150634	100193638	+
CYP4A11	1	47394859	47407148	-
CYP4A22	1	47603096	47615399	+
CYP4B1	1	47264717	47285085	+
CYP4F11	19	16023179	16045676	-
CYP4F12	19	15783896	15807984	+
CYP4F2	19	15988832	16008884	-
CYP4F22	19	15619335	15663128	+
CYP4F24P	19	15870143	15890798	-
CYP4F29P	21	15215453	15220685	-
CYP4F3	19	15751706	15773635	+
CYP4F30P	2	131437622	131443435	+
CYP4F35P	18	14337421	14342523	+
CYP4F62P	2	131193234	131199254	-
CYP4F8	19	15726028	15741449	+
CYP4V2	4	187112720	187134617	+
CYP4X1	1	47427035	47516426	+
CYP4Z1	1	47532902	47583990	+
CYP4Z2P	1	47308766	47366147	-
CYP51A1	7	91741462	91764059	-
CYP51A1-AS1	7	91763876	91810039	+
CYP7A1	8	59402736	59412722	-
CYP7B1	8	65499131	65711294	-
CYP8B1	3	42913683	42917371	-
CYREN	7	134777060	134855578	-
CYRIA	2	16730729	16847102	-
CYRIB	8	130851838	131029375	-
CYS1	2	10196925	10220538	-
CYSLTR1	X	77526968	77583188	-
CYSLTR2	13	49228064	49285361	+
CYSRT1	9	140119625	140120767	+
CYSTM1	5	139554772	139623374	+
CYTH1	17	76670128	76778424	-
CYTH2	19	48972464	48985571	+
CYTH3	7	6201410	6312255	-
CYTH4	22	37678548	37711382	+
CYTIP	2	158271130	158300601	-
CYTL1	4	5016313	5021185	-
CYTOR	2	87754945	87821037	+
CYYR1	21	27838534	27945605	-
CYYR1-AS1	21	27765953	27941571	+
CZ1P-ASNS	7	97481428	97601670	-
CZIB	1	53679771	53686311	-
D21S2088E	21	24733425	24757156	-
D2HGDH	2	242674044	242708226	+
DAAM1	14	59655384	59838123	+
DAAM2	6	39760151	39872653	+
DAAM2-AS1	6	39856565	39865156	-
DAB1	1	57460450	59012398	-
DAB1-AS1	1	58326252	58328888	+
DAB2	5	39371775	39425335	-
DAB2IP	9	124329380	124547809	+
DACH1	13	72012097	72441342	-
DACH2	X	85403454	86087605	+
DACT1	14	59100778	59115038	+
DACT2	6	168693509	168720457	-
DACT3	19	47150807	47164439	-
DACT3-AS1	19	47163620	47180713	+
DAD1	14	23033806	23058130	-
DAG1	3	49506135	49573051	+
DAGLA	11	61447862	61514473	+
DAGLB	7	6448746	6487643	-
DALRD3	3	49052920	49058504	-
DANCR	4	53578560	53586864	+
DAND5	19	13080431	13085567	+
DANT1	X	114957296	115021860	+
DANT2	X	114956728	115085444	-
DAO	12	109273867	109294819	+
DAOA	13	106118215	106143383	+
DAOA-AS1	13	106111405	106158030	-
DAP	5	10679341	10761346	-
DAP3	1	155658881	155708800	+
DAPK1	9	90112142	90323549	+
DAPK1-IT1	9	90168368	90169363	+
DAPK2	15	64199234	64338684	-
DAPK3	19	3958450	3971097	-
DAPL1	2	159651828	159672502	+
DAPP1	4	100737983	100791346	+
DARS-AS1	2	136742745	136765112	+
DARS1	2	136663450	136743254	-
DARS2	1	173793810	173827684	+
DAW1	2	228736091	228789059	+
DAXX	6	33286334	33290793	-
DAZ1	Y	25275501	25345239	-
DAZ2	Y	25365603	27053187	+
DAZ3	Y	25365580	27053187	+
DAZ4	Y	25275501	27053187	-
DAZAP1	19	1407584	1435682	+
DAZAP2	12	51632507	51640501	+
DAZL	3	16628300	16646930	-
DBET	4	190985656	190989019	+
DBF4	7	87505807	87538867	+
DBF4B	17	42786032	42829632	+
DBH	9	136501484	136524451	+
DBH-AS1	9	136519708	136522530	-
DBI	2	120124552	120130136	+
DBIL5P	17	655572	658576	+
DBIL5P2	2	63344985	63346677	-
DBN1	5	176883610	176900635	-
DBNDD1	16	90071272	90086298	-
DBNDD2	20	44034632	44039250	+
DBNL	7	44084238	44109055	+
DBP	19	49133286	49140636	-
DBR1	3	137879829	137893763	-
DBT	1	100652474	100715390	-
DBX1	11	20177700	20182021	-
DBX2	12	45408454	45444882	-
DCAF1	3	51433297	51534031	-
DCAF10	9	37800550	37867665	+
DCAF11	14	24583905	24594451	+
DCAF12	9	34086384	34126696	-
DCAF12L1	X	125683365	125686797	-
DCAF12L2	X	125297481	125300272	-
DCAF13	8	104427613	104455680	+
DCAF13P3	15	51236325	51238762	+
DCAF15	19	14063285	14072261	+
DCAF16	4	17795068	17812380	-
DCAF17	2	172290735	172341562	+
DCAF4	14	73393171	73428775	+
DCAF4L1	4	41983772	41988478	+
DCAF4L2	8	88882975	88886243	-
DCAF5	14	69517597	69619914	-
DCAF6	1	167905476	168045081	+
DCAF7	17	61627837	61671628	+
DCAF8	1	160185509	160232339	-
DCAF8L1	X	27996108	27999566	-
DCAF8L2	X	27608460	27768059	+
DCAKD	17	43100705	43138499	-
DCANP1	5	134779903	134783038	-
DCBLD1	6	117803766	117891020	+
DCBLD2	3	98514784	98620539	-
DCC	18	49866566	51062268	+
DCD	12	55038372	55042149	-
DCDC1	11	30885149	31391286	-
DCDC2	6	24171982	24383520	-
DCDC2B	1	32674694	32681797	+
DCDC2C	2	3751164	3895598	+
DCHS1	11	6642560	6677040	-
DCHS2	4	155152893	155412951	-
DCK	4	71859365	71896629	+
DCLK1	13	36342788	36706076	-
DCLK2	4	150999596	151178585	+
DCLK3	3	36753912	36781352	-
DCLRE1A	10	115594483	115614153	-
DCLRE1B	1	114447240	114456708	+
DCLRE1C	10	14939357	14996431	-
DCLRE1CP1	10	15057070	15077424	-
DCN	12	91534260	91576594	-
DCP1A	3	53317448	53381570	-
DCP1B	12	2050756	2113701	-
DCP2	5	112312494	112357892	+
DCPS	11	126173954	126219900	+
DCST1	1	155006281	155023406	+
DCST1-AS1	1	155017667	155036467	-
DCST2	1	154991002	155006257	-
DCSTAMP	8	105352023	105368917	+
DCT	13	95089064	95201660	-
DCTD	4	183811243	183838630	-
DCTN1	2	74588281	74618993	-
DCTN1-AS1	2	74612629	74625795	+
DCTN2	12	57923832	57941114	-
DCTN3	9	34613541	34620520	-
DCTN4	5	150088001	150138657	-
DCTN5	16	23652786	23688793	+
DCTN6	8	30013884	30041155	+
DCTPP1	16	30434935	30441351	-
DCUN1D1	3	182655861	182703706	-
DCUN1D2	13	114110133	114145026	-
DCUN1D3	16	20866246	20911680	-
DCUN1D4	4	52709165	52783003	+
DCUN1D5	11	102921414	102962889	-
DCX	X	110537006	110655420	-
DCXR	17	79993733	79995573	-
DCXR-DT	17	79995793	79997256	+
DDA1	19	17420371	17434106	+
DDAH1	1	85784167	86043883	-
DDAH2	6	31694816	31698040	-
DDB1	11	61066923	61100577	-
DDB2	11	47236492	47260769	+
DDC	7	50526133	50633102	-
DDC-AS1	7	50599456	50611161	+
DDHD1	14	53503472	53620041	-
DDHD2	8	38089008	38120354	+
DDI1	11	103907367	103909924	+
DDI2	1	15943952	15995539	+
DDIAS	11	82612777	82645699	+
DDIT3	12	57910370	57914300	-
DDIT4	10	74033681	74035794	+
DDIT4L	4	101107026	101111625	-
DDN	12	49388931	49393158	-
DDN-AS1	12	49392129	49413023	+
DDO	6	110709523	110736778	-
DDOST	1	20978270	20987862	-
DDR1	6	30850389	30867933	+
DDR2	1	162600652	162757195	+
DDRGK1	20	3170995	3185328	-
DDT	22	24309075	24322019	-
DDTL	22	24309075	24314745	+
DDX1	2	15731991	15771225	+
DDX10	11	108535795	108811653	+
DDX11	12	31226793	31257733	+
DDX11-AS1	12	31173696	31226781	-
DDX11L1	1	11873	14409	+
DDX11L10	16	61554	64090	+
DDX11L2	2	114356604	114361294	-
DDX11L5	9	11986	14525	+
DDX11L9	15	102516760	102519296	-
DDX12P	12	9570286	9600768	-
DDX17	22	38879442	38902316	-
DDX18	2	118572266	118589953	+
DDX19A	16	70380731	70407286	+
DDX19B	16	70323669	70369208	+
DDX20	1	112298522	112310622	+
DDX21	10	70715925	70744825	+
DDX23	12	49223538	49245946	-
DDX24	14	94514632	94547548	-
DDX25	11	125773222	125798738	+
DDX27	20	47835952	47860609	+
DDX28	16	68054821	68057135	-
DDX31	9	135468383	135545788	-
DDX39A	19	14519609	14530195	-
DDX39B	6	31498002	31509780	-
DDX39B-AS1	6	31510080	31510915	+
DDX3X	X	41192560	41223725	+
DDX3Y	Y	15015909	15032390	+
DDX4	5	55033844	55112985	+
DDX41	5	176938577	176943962	-
DDX42	17	61851529	61896677	+
DDX43	6	74104550	74127289	+
DDX46	5	134094468	134166811	+
DDX47	12	12966279	12982915	+
DDX49	19	19030523	19039439	+
DDX5	17	62494371	62502984	-
DDX50	10	70661070	70706603	+
DDX51	12	132621139	132628864	-
DDX52	17	35969789	36003475	-
DDX53	X	23018076	23021706	+
DDX54	12	113594977	113623283	-
DDX55	12	124086645	124105490	+
DDX56	7	44605015	44614137	-
DDX58	9	32455299	32526194	-
DDX59	1	200609932	200639126	-
DDX59-AS1	1	200638634	200663378	+
DDX6	11	118618472	118661873	-
DDX60	4	169137444	169239903	-
DDX60L	4	169277885	169401665	-
DEAF1	11	644219	707083	-
DECR1	8	91013579	91065861	+
DECR2	16	451884	462482	+
DEDD	1	161090763	161102478	-
DEDD2	19	42702749	42724286	-
DEF6	6	35265594	35289548	+
DEF8	16	90015138	90034468	+
DEFA1	8	6835170	6856724	-
DEFA10P	8	6825662	6826635	-
DEFA11P	8	6886122	6887011	-
DEFA1B	8	6835170	6856724	-
DEFA3	8	6873390	6875819	-
DEFA4	8	6793341	6795828	-
DEFA5	8	6912825	6914261	-
DEFA6	8	6782218	6783598	-
DEFA8P	8	6808247	6809121	-
DEFA9P	8	6816810	6817683	-
DEFB1	8	6728113	6735458	-
DEFB103A	8	7286415	7740180	-
DEFB103B	8	7286415	7740180	-
DEFB104A	8	7327829	7698764	-
DEFB104B	8	7327829	7698764	-
DEFB105A	8	7345190	7681412	+
DEFB105B	8	7345200	7681402	-
DEFB106A	8	7340025	7686575	-
DEFB106B	8	7340025	7686575	-
DEFB107A	8	7353367	7673238	+
DEFB107B	8	7353432	7673173	+
DEFB108B	11	71544245	71548754	+
DEFB109A	8	12250792	12257874	-
DEFB109B	8	7170367	7855043	+
DEFB110	6	49976850	49989707	-
DEFB112	6	50009811	50017642	-
DEFB113	6	49936389	49937338	-
DEFB114	6	49927961	49931877	-
DEFB115	20	29845466	29847435	+
DEFB116	20	29891014	29896388	-
DEFB118	20	29956403	29961705	+
DEFB119	20	29964965	29978452	-
DEFB121	20	29992647	30000641	-
DEFB122	20	30009241	30016983	-
DEFB123	20	30028434	30038060	+
DEFB124	20	30053308	30060816	-
DEFB125	20	68312	77735	+
DEFB126	20	123230	126392	+
DEFB127	20	138094	139804	+
DEFB128	20	168493	170352	-
DEFB129	20	207898	210527	+
DEFB130A	8	11921897	12175825	-
DEFB130B	8	11921897	12175825	-
DEFB131A	4	9446259	9452240	+
DEFB131B	11	71589498	71595607	+
DEFB132	20	238364	241736	+
DEFB133	6	49913813	49917157	-
DEFB134	8	11850685	11858261	-
DEFB135	8	11839829	11842099	+
DEFB136	8	11831445	11832108	-
DEFB4A	8	7752198	7754238	+
DEFB4B	8	7272384	7274354	-
DEFT1P	8	6844699	6866346	-
DEFT1P2	8	6844699	6866346	-
DEGS1	1	224370941	224381142	+
DEGS2	14	100610293	100625982	-
DEK	6	18224090	18264761	-
DELE1	5	141303435	141321612	+
DELEC1	9	117904096	118164923	+
DENND10	10	120863624	120897496	+
DENND10P1	X	129628914	129631421	+
DENND11	7	141356527	141401966	-
DENND1A	9	126141932	126692417	-
DENND1B	1	197473878	197744610	-
DENND1C	19	6467217	6481798	-
DENND2A	7	140218218	140341260	-
DENND2B	11	8714898	8932498	-
DENND2C	1	115125470	115212670	-
DENND2D	1	111728590	111747160	-
DENND3	8	142138687	142205903	+
DENND4A	15	65951460	66084631	-
DENND4B	1	153901976	153919194	-
DENND4C	9	19230690	19374277	+
DENND5A	11	9160374	9286897	-
DENND5B	12	31535156	31744070	-
DENND5B-AS1	12	31742856	31768285	+
DENND6A	3	57611180	57678804	-
DENND6A-DT	3	57678931	57682378	+
DENND6B	22	50747458	50765441	-
DENR	12	123237370	123255611	+
DEPDC1	1	68939834	68962765	-
DEPDC1-AS1	1	68962358	69004310	+
DEPDC1B	5	59892738	59995993	-
DEPDC4	12	100597446	100660857	-
DEPDC5	22	32149953	32304019	+
DEPDC7	11	33037423	33055128	+
DEPP1	10	45471575	45474257	-
DEPTOR	8	120885894	121063157	+
DERA	12	16064265	16190315	+
DERL1	8	124025403	124054663	-
DERL2	17	5374574	5389498	-
DERL3	22	24176689	24181193	-
DERPC	16	69151905	69166491	-
DES	2	220283098	220291456	+
DESI1	22	41994031	42017047	-
DESI2	1	244816427	244872334	+
DET1	15	89045152	89089934	-
DEUP1	11	93063882	93171636	+
DEXI	16	11022747	11036325	-
DFFA	1	10516578	10532586	-
DFFB	1	3773830	3801993	+
DGAT1	8	145538246	145550515	-
DGAT2	11	75479777	75512581	+
DGAT2L6	X	69397332	69425554	+
DGCR11	22	19033674	19035888	-
DGCR2	22	19023794	19109967	-
DGCR5	22	18958010	19018755	+
DGCR6	22	18893832	18899601	+
DGCR6L	22	20301760	20307583	-
DGCR8	22	20067754	20099401	+
DGKA	12	56324945	56347807	+
DGKB	7	14184673	15014483	-
DGKD	2	234263139	234380744	+
DGKE	17	54911511	54946928	+
DGKG	3	185864989	186080023	-
DGKH	13	42614171	42830716	+
DGKI	7	137065782	137531720	-
DGKK	X	50108407	50213824	-
DGKQ	4	952674	967357	-
DGKZ	11	46354475	46402104	+
DGLUCY	14	91526626	91691974	+
DGUOK	2	74154006	74186073	+
DGUOK-AS1	2	74185094	74208566	-
DHCR24	1	55315299	55352868	-
DHCR7	11	71145456	71159439	-
DHDDS	1	26758772	26797795	+
DHDDS-AS1	1	26789247	26794028	-
DHDH	19	49436955	49448226	+
DHFR	5	79922044	79950802	-
DHFR2	3	93776765	93781760	-
DHFRP3	2	83083926	83084893	+
DHH	12	49480438	49488584	-
DHODH	16	72042642	72061558	+
DHPS	19	12783283	12792701	-
DHRS1	14	24759803	24768986	-
DHRS11	17	34948308	34957233	+
DHRS12	13	52342128	52378299	-
DHRS13	17	27224798	27230097	-
DHRS2	14	24099323	24114848	+
DHRS3	1	12627938	12678216	-
DHRS4	14	24422978	24438488	+
DHRS4-AS1	14	24407939	24424321	-
DHRS4L1	14	24476292	24520586	+
DHRS4L2	14	24439082	24475617	+
DHRS7	14	60610836	60636582	-
DHRS7B	17	21030240	21095343	+
DHRS7C	17	9674754	9694909	-
DHRS9	2	169923586	169952677	+
DHTKD1	10	12110952	12165220	+
DHX15	4	24529097	24586177	-
DHX16	6	30620895	30640830	-
DHX29	5	54551882	54603522	-
DHX30	3	47844398	47891686	+
DHX32	10	127524905	127569861	-
DHX33	17	5344236	5372302	-
DHX33-DT	17	5372411	5373680	+
DHX34	19	47852571	47885961	+
DHX35	20	37590986	37668364	+
DHX36	3	153990334	154042286	-
DHX37	12	125431371	125473677	-
DHX38	16	72127745	72146811	+
DHX40	17	57642970	57685704	+
DHX57	2	39024875	39103075	-
DHX58	17	40253428	40264732	-
DHX8	17	41561232	41622167	+
DHX9	1	182808481	182857117	+
DIABLO	12	122692208	122712003	-
DIAPH1	5	140894587	140998567	-
DIAPH1-AS1	5	140937877	140944827	+
DIAPH2	X	95939661	96859995	+
DIAPH2-AS1	X	96783362	96819534	-
DIAPH3	13	60239720	60738119	-
DIAPH3-AS1	13	60586851	60618490	+
DIAPH3-AS2	13	60718831	60727639	+
DICER1	14	95552564	95624347	-
DICER1-AS1	14	95624024	95646270	+
DIDO1	20	61509089	61569304	-
DIMT1	5	61683080	61699732	-
DINOL	6	36645385	36646336	-
DIO1	1	54359859	54376759	+
DIO2	14	80663868	80697400	-
DIO2-AS1	14	80677761	80921810	+
DIO3	14	102027687	102029789	+
DIO3OS	14	102018557	102026759	-
DIP2A	21	47878803	47991139	+
DIP2A-IT1	21	47882383	47889218	+
DIP2B	12	50898767	51142440	+
DIP2C	10	320140	735608	-
DIP2C-AS1	10	695974	698595	+
DIPK1A	1	93298285	93427079	-
DIPK1B	9	139607023	139619194	+
DIPK1C	18	72102009	72124543	-
DIPK2A	3	143690639	143711210	+
DIPK2B	X	45007617	45060121	-
DIRAS1	19	2714564	2721370	-
DIRAS2	9	93372113	93405106	-
DIRAS3	1	68511570	68517314	-
DIRC1	2	189598464	189654850	-
DIRC3	2	218148741	218621316	-
DIRC3-AS1	2	218147455	218208927	+
DIS3	13	73326307	73356038	-
DIS3L	15	66585646	66626236	+
DIS3L2	2	232826292	233209060	+
DISC1	1	231762535	232177018	+
DISC1-IT1	1	232061579	232080951	+
DISC1FP1	11	89984399	90648220	+
DISC2	1	231950371	231954263	-
DISP1	1	222988380	223179337	+
DISP2	15	40650419	40670820	+
DISP3	1	11539211	11597608	+
DIXDC1	11	111797867	111893376	+
DKC1	X	153991016	154005964	+
DKFZP434A062	9	139216997	139221779	-
DKFZP434H168	16	56226528	56228437	-
DKFZP586I1420	7	30409665	30412410	+
DKFZp434L192	7	56563915	56564977	+
DKFZp451B082	6	163759373	163768065	-
DKK1	10	54074040	54077417	+
DKK2	4	107842958	107957470	-
DKK3	11	11984525	12030917	-
DKK4	8	42231580	42234747	-
DKKL1	19	49867133	49878373	+
DLAT	11	111896131	111935128	+
DLC1	8	12940869	13462129	-
DLD	7	107531551	107561643	+
DLEC1	3	38080695	38165503	+
DLEU1	13	50656304	51102779	+
DLEU1-AS1	13	51095068	51101585	-
DLEU2	13	50556684	50699677	-
DLEU2L	1	64014650	64016307	+
DLEU7	13	51285161	51418075	-
DLEU7-AS1	13	51381990	51424041	+
DLG1	3	196769430	197026192	-
DLG1-AS1	3	197025117	197030621	+
DLG2	11	83166055	85339417	-
DLG3	X	69664684	69725339	+
DLG3-AS1	X	69672805	69675844	-
DLG4	17	7090498	7123369	-
DLG5	10	79550548	79686513	-
DLG5-AS1	10	79686569	79689583	+
DLGAP1	18	3496029	4455307	-
DLGAP1-AS1	18	3594111	3597377	+
DLGAP1-AS2	18	3603734	3610087	+
DLGAP1-AS3	18	3878179	3897069	+
DLGAP1-AS4	18	3962352	4013943	+
DLGAP1-AS5	18	4264601	4296000	+
DLGAP2	8	687627	1656642	+
DLGAP2-AS1	8	1513675	1569830	-
DLGAP3	1	35331036	35395251	-
DLGAP4	20	34894260	35157038	+
DLGAP4-AS1	20	35136104	35201678	-
DLGAP5	14	55614852	55658303	-
DLK1	14	101193228	101204561	+
DLK2	6	43418089	43424370	-
DLL1	6	170591293	170600166	-
DLL3	19	39989586	39999109	+
DLL4	15	41221537	41231271	+
DLST	14	75348618	75370445	+
DLSTP1	1	76207686	76210698	-
DLX1	2	172950234	172954401	+
DLX2	2	172964165	172967628	-
DLX2-DT	2	172967733	172974710	+
DLX3	17	48067368	48072588	-
DLX4	17	48046553	48052323	+
DLX5	7	96649709	96654143	-
DLX6	7	96634864	96640352	+
DLX6-AS1	7	96597826	96643377	-
DM1-AS	19	46271053	46275141	+
DMAC1	9	7796499	7799778	-
DMAC2	19	41937222	41945817	-
DMAC2L	14	50778233	50794675	+
DMAP1	1	44679142	44686345	+
DMBT1	10	124320269	124403252	+
DMBT1L1	10	124516209	124557161	+
DMBX1	1	46955507	46981888	+
DMC1	22	38914952	38966188	-
DMD	X	31137340	33357505	-
DMGDH	5	78293386	78365497	-
DMKN	19	35988121	36004551	-
DMP1	4	88571431	88585509	+
DMPK	19	46272966	46285748	-
DMRT1	9	841696	969090	+
DMRT2	9	1050353	1057554	+
DMRT3	9	976654	991732	+
DMRTA1	9	22446822	22455739	+
DMRTA2	1	50883221	50889115	-
DMRTB1	1	53925071	53933160	+
DMRTC1	X	72064875	72095622	+
DMRTC1B	X	72062619	72097878	+
DMRTC2	19	42349104	42356401	+
DMTF1	7	86781676	86825648	+
DMTN	8	21906441	21940038	+
DMWD	19	46286204	46296103	-
DMXL1	5	118406749	118584824	+
DMXL2	15	51739987	51914968	-
DNA2	10	70173820	70231878	-
DNAAF1	16	84178912	84211526	+
DNAAF2	14	50091891	50101962	-
DNAAF3	19	55670028	55678090	-
DNAAF4	15	55709953	55800432	-
DNAAF4-CCPG1	15	55647420	55790782	-
DNAAF5	7	766335	826112	+
DNAAF6	X	106449840	106487476	+
DNAH1	3	52350334	52434508	+
DNAH10	12	124246847	124420267	+
DNAH11	7	21582656	21941457	+
DNAH12	3	57327727	57530071	-
DNAH14	1	225117355	225586988	+
DNAH17	17	76419777	76573478	-
DNAH17-AS1	17	76480991	76499138	+
DNAH2	17	7621061	7737029	+
DNAH3	16	20944432	21170762	-
DNAH5	5	13690437	13944797	-
DNAH6	2	84743621	85046713	+
DNAH7	2	196602426	196933561	-
DNAH8	6	38683086	38998568	+
DNAH8-AS1	6	38874270	38920883	-
DNAH9	17	11501786	11873065	+
DNAI1	9	34458749	34520987	+
DNAI2	17	72270372	72311023	+
DNAI3	1	85527980	85598821	+
DNAI4	1	67278570	67390539	-
DNAJA1	9	33025200	33039906	+
DNAJA1P5	1	102337567	102360299	+
DNAJA2	16	46989273	47007585	-
DNAJA3	16	4475805	4506775	+
DNAJA4	15	78556486	78574538	+
DNAJB1	19	14625575	14640134	-
DNAJB11	3	186288508	186303582	+
DNAJB12	10	74092592	74114677	-
DNAJB13	11	73662070	73681326	+
DNAJB14	4	100817406	100867775	-
DNAJB2	2	220144087	220151617	+
DNAJB3	2	234651395	234652644	-
DNAJB4	1	78444841	78483648	+
DNAJB5	9	34989741	34998897	+
DNAJB5-DT	9	34985408	34989376	-
DNAJB6	7	157129697	157210133	+
DNAJB7	22	41255553	41258117	-
DNAJB8	3	128181279	128186091	-
DNAJB8-AS1	3	128182436	128191160	+
DNAJB9	7	108210317	108215294	+
DNAJC1	10	22045476	22292659	-
DNAJC10	2	183580983	183659190	+
DNAJC11	1	6694229	6761876	-
DNAJC12	10	69556426	69597946	-
DNAJC13	3	132136345	132257876	+
DNAJC14	12	56214743	56223420	-
DNAJC15	13	43597721	43688349	+
DNAJC16	1	15853307	15898228	+
DNAJC17	15	41057359	41099671	-
DNAJC18	5	138745891	138775214	-
DNAJC19	3	180701497	180707562	-
DNAJC2	7	102952735	102985320	-
DNAJC21	5	34929663	34959069	+
DNAJC22	12	49740670	49747473	+
DNAJC24	11	31391406	31454382	+
DNAJC25	9	114393613	114416631	+
DNAJC25-GNG10	9	114393613	114432506	+
DNAJC27	2	25166504	25194963	-
DNAJC27-AS1	2	25194980	25262566	+
DNAJC28	21	34860361	34864030	-
DNAJC3	13	96329392	96447242	+
DNAJC3-DT	13	96325091	96329179	-
DNAJC30	7	73095247	73097783	-
DNAJC4	11	63997752	64001753	+
DNAJC5	20	62526478	62567363	+
DNAJC5B	8	66927212	67013480	+
DNAJC5G	2	27498300	27504366	+
DNAJC6	1	65730376	65881554	+
DNAJC7	17	40128438	40169715	-
DNAJC8	1	28526789	28559540	-
DNAJC9	10	75001713	75007013	-
DNAJC9-AS1	10	75007124	75036742	+
DNAL1	14	74111688	74170434	+
DNAL4	22	39174512	39190148	-
DNALI1	1	38022540	38032458	+
DNASE1	16	3702939	3708096	+
DNASE1L1	X	153629576	153640438	-
DNASE1L2	16	2286444	2288712	+
DNASE1L3	3	58177983	58196730	-
DNASE2	19	12986022	12992263	-
DNASE2B	1	84864166	84880701	+
DND1	5	140050378	140053161	-
DNER	2	230222344	230579271	-
DNHD1	11	6518509	6593250	+
DNLZ	9	139253934	139258196	-
DNM1	9	130965657	131017523	+
DNM1L	12	32832133	32898584	+
DNM1P35	15	76020010	76032418	-
DNM1P41	15	84835298	85050251	-
DNM1P46	15	100330360	100347132	-
DNM1P50	15	30686724	30863924	+
DNM2	19	10828728	10942586	+
DNM3	1	171810637	172387603	+
DNM3-IT1	1	171833331	171833827	+
DNM3OS	1	172106018	172113975	-
DNMBP	10	101635327	101769704	-
DNMBP-AS1	10	101686961	101718755	+
DNMT1	19	10244021	10305629	-
DNMT3A	2	25450745	25565459	-
DNMT3B	20	31350190	31397162	+
DNMT3L	21	45666221	45681780	-
DNMT3L-AS1	21	45670695	45671404	+
DNPEP	2	220236764	220264729	-
DNPH1	6	43193366	43197219	-
DNTT	10	98064190	98098321	+
DNTTIP1	20	44420592	44440057	+
DNTTIP2	1	94331839	94344762	-
DOC2A	16	30016834	30024917	-
DOC2GP	11	67380994	67383135	-
DOCK1	10	128593996	129250780	+
DOCK10	2	225629806	225907185	-
DOCK11	X	117629871	117820123	+
DOCK2	5	169064278	169510386	+
DOCK3	3	50712357	51421629	+
DOCK4	7	111366165	111846454	-
DOCK4-AS1	7	111448560	111461835	+
DOCK5	8	25042203	25273226	+
DOCK6	19	11309970	11373200	-
DOCK7	1	62920396	63154057	-
DOCK8	9	214864	465259	+
DOCK8-AS1	9	213459	215750	-
DOCK9	13	99445682	99738948	-
DOCK9-AS1	13	99484337	99486883	+
DOCK9-DT	13	99738976	99740879	+
DOHH	19	3490821	3500672	-
DOK1	2	74776146	74784678	+
DOK2	8	21766383	21771201	-
DOK3	5	176928905	176938101	-
DOK4	16	57505833	57520405	-
DOK5	20	53092131	53267708	+
DOK6	18	67068123	67516322	+
DOK7	4	3465032	3503209	+
DOLK	9	131707808	131709882	-
DOLPP1	9	131843389	131852717	+
DONSON	21	34949858	34960990	-
DOP1A	6	83777384	83878190	+
DOP1B	21	37529079	37666572	+
DOT1L	19	2163931	2232577	+
DPAGT1	11	118967219	118972563	-
DPCD	10	103348077	103369419	+
DPEP1	16	89679715	89704841	+
DPEP2	16	68021292	68034522	-
DPEP2NB	16	68047338	68049814	-
DPEP3	16	68009565	68014402	-
DPF1	19	38701645	38720354	-
DPF2	11	65101322	65121733	+
DPF3	14	73086003	73360824	-
DPH1	17	1933405	1947192	+
DPH2	1	44435681	44439041	+
DPH3	3	16298567	16306450	-
DPH3P1	20	61475917	61477543	+
DPH5	1	101455180	101491362	-
DPH6	15	35663080	35838366	-
DPH6-DT	15	35838395	36151202	+
DPH7	9	140448895	140473377	-
DPM1	20	49551391	49575101	-
DPM2	9	130697377	130700133	-
DPM3	1	155112366	155113007	-
DPP10	2	115200217	116603354	+
DPP10-AS1	2	115901624	115918920	-
DPP10-AS3	2	115585917	115591125	-
DPP3	11	66247904	66277128	+
DPP4	2	162848754	162930725	-
DPP4-DT	2	162931366	162934442	+
DPP6	7	153445217	154685995	+
DPP7	9	140004997	140009185	-
DPP8	15	65734804	65810027	-
DPP9	19	4675238	4723854	-
DPP9-AS1	19	4679293	4685960	+
DPPA2	3	109012634	109035364	-
DPPA2P3	3	193710882	193712027	-
DPPA3	12	7864028	7870152	+
DPPA4	3	109044987	109056419	-
DPPA5	6	74062785	74063999	-
DPRX	19	54135309	54140263	+
DPRXP4	17	29302352	29303017	+
DPT	1	168664705	168698444	-
DPY19L1	7	34968492	35077653	-
DPY19L1P1	7	32620550	32758780	-
DPY19L1P2	7	32865913	32878356	+
DPY19L2	12	63952692	64062273	-
DPY19L2P1	7	35120898	35225774	-
DPY19L2P2	7	102815461	102920913	-
DPY19L2P3	7	29724769	29782237	+
DPY19L2P4	7	89748713	89754914	+
DPY19L3	19	32896675	32976796	+
DPY19L4	8	95732127	95806063	+
DPY30	2	32236717	32264904	-
DPYD	1	97543299	98386615	-
DPYD-AS1	1	97561478	97788511	+
DPYD-AS2	1	98262476	98263607	+
DPYS	8	105391658	105479283	-
DPYSL2	8	26371546	26515691	+
DPYSL3	5	146770370	146889631	-
DPYSL4	10	134000451	134019263	+
DPYSL5	2	27070999	27173219	+
DQX1	2	74745257	74753358	-
DR1	1	93811463	93835050	+
DRAIC	15	69854058	69863779	+
DRAM1	12	102271357	102317390	+
DRAM2	1	111659784	111682838	-
DRAP1	11	65686896	65689034	+
DRAXIN	1	11751766	11785914	+
DRC1	2	26624787	26679579	+
DRC3	17	17876126	17920189	+
DRC7	16	57728717	57765717	+
DRD1	5	174867039	174871185	-
DRD2	11	113280316	113346120	-
DRD3	3	113846426	113918254	-
DRD4	11	637268	640705	+
DRD5	4	9783257	9785633	+
DRD5P2	1	148901844	148904054	+
DRG1	22	31795589	31830438	+
DRG2	17	17991261	18011283	+
DRGX	10	50572110	50604135	-
DRICH1	22	23950638	23974508	-
DROSHA	5	31400600	31532200	-
DRP2	X	100474932	100519485	+
DSC1	18	28709213	28742819	-
DSC2	18	28638808	28682384	-
DSC3	18	28569330	28622781	-
DSCAM	21	41382925	42219084	-
DSCAM-AS1	21	41755009	41757285	+
DSCAM-IT1	21	41990432	42002693	-
DSCAML1	11	117298487	117688229	-
DSCAS	18	28681550	28742752	+
DSCC1	8	120846215	120868134	-
DSCR10	21	39578249	39580738	+
DSCR4	21	39426312	39493454	-
DSCR8	21	39493544	39528605	+
DSCR9	21	38580803	38594037	+
DSE	6	116575333	116766024	+
DSEL	18	65173823	65183957	-
DSG1	18	28898122	28939209	+
DSG1-AS1	18	28923330	29006951	-
DSG2	18	29078139	29128970	+
DSG2-AS1	18	29122108	29136874	-
DSG3	18	29027703	29058665	+
DSG4	18	28956739	28994871	+
DSN1	20	35380193	35402166	-
DSP	6	7541903	7586947	+
DSPP	4	88529680	88538025	+
DST	6	56322793	56819628	-
DST-AS1	6	56708783	56729136	+
DSTN	20	17550719	17590564	+
DSTNP2	12	6993845	6994950	+
DSTYK	1	205111632	205180830	-
DTD1	20	18568697	18747288	+
DTD1-AS1	20	18655038	18679352	-
DTD2	14	31915242	31926712	-
DTHD1	4	36283237	36349133	+
DTL	1	212208894	212278355	+
DTNA	18	32073253	32471808	+
DTNB	2	25600111	25896543	-
DTNBP1	6	15523038	15663289	-
DTWD1	15	49913244	49948427	+
DTWD2	5	118171768	118324242	-
DTX1	12	113494534	113535830	+
DTX2	7	76090971	76135312	+
DTX2P1-UPK3BP1-PMS2P11	7	76610138	76653076	+
DTX3	12	57998606	58003585	+
DTX3L	3	122283184	122294049	+
DTX4	11	58938902	58976061	+
DTYMK	2	242615161	242626230	-
DUBR	3	106959538	107045811	+
DUOX1	15	45422191	45457772	+
DUOX2	15	45384847	45406370	-
DUOXA1	15	45409563	45422077	-
DUOXA2	15	45406523	45410619	+
DUS1L	17	80015381	80023680	-
DUS2	16	68057186	68113222	+
DUS3L	19	5785152	5791174	-
DUS4L	7	107204401	107218968	+
DUS4L-BCAP29	7	107204415	107263762	+
DUSP1	5	172195099	172198198	-
DUSP10	1	221874761	221915518	-
DUSP11	2	73989324	74007284	-
DUSP12	1	161719575	161727028	+
DUSP13	10	76854189	76868970	-
DUSP14	17	35849996	35873600	+
DUSP15	20	30435439	30458547	-
DUSP16	12	12626215	12715797	-
DUSP18	22	31048037	31063862	-
DUSP19	2	183943474	183964722	+
DUSP2	2	96808907	96811179	-
DUSP21	X	44703266	44704134	+
DUSP22	6	292056	351355	+
DUSP23	1	159750751	159752333	+
DUSP26	8	33448847	33457624	-
DUSP28	2	241499470	241504673	+
DUSP29	10	76797230	76833400	-
DUSP3	17	41843493	41856345	-
DUSP4	8	29190578	29208201	-
DUSP5	10	112257664	112271289	+
DUSP5P1	1	228780656	228788159	+
DUSP6	12	89741013	89746278	-
DUSP7	3	52082936	52090587	-
DUSP8	11	1575280	1593501	-
DUSP9	X	152907894	152916781	+
DUT	15	48623291	48635570	+
DUXA	19	57665388	57678853	-
DUXAP10	14	19650031	19925334	+
DUXAP8	22	16150528	16193009	-
DUXAP9	14	19650036	19925329	+
DUXB	16	75727790	75735359	-
DVL1	1	1270657	1284798	-
DVL2	17	7128660	7137836	-
DVL3	3	183873164	183891402	+
DXO	6	31937591	31939915	-
DYDC1	10	82095857	82116514	-
DYDC2	10	82104500	82127829	+
DYM	18	46562756	46987015	-
DYNAP	18	52254989	52266724	+
DYNC1H1	14	102430909	102522780	+
DYNC1I1	7	95401817	95739634	+
DYNC1I2	2	172543978	172606668	+
DYNC1LI1	3	32567462	32612416	-
DYNC1LI2	16	66754795	66785731	-
DYNC2H1	11	102980154	103350591	+
DYNC2I1	7	158631935	158738883	+
DYNC2I2	9	131395939	131419129	-
DYNC2LI1	2	44001177	44055458	+
DYNLL1	12	120907644	120936296	+
DYNLL2	17	56160779	56172903	+
DYNLRB1	20	33103406	33128762	+
DYNLRB2	16	80574630	80584708	+
DYNLT1	6	159057506	159065775	-
DYNLT3	X	37698088	37706824	-
DYRK1A	21	38737874	38898659	+
DYRK1B	19	40315986	40324873	-
DYRK2	12	68042524	68059186	+
DYRK3	1	206808880	206828520	+
DYRK4	12	4671373	4724468	+
DYSF	2	71680690	71913893	+
DYTN	2	207516344	207583120	-
DZANK1	20	18364010	18447829	-
DZIP1	13	96230455	96296960	-
DZIP1L	3	137780831	137834450	-
DZIP3	3	108308568	108413687	+
E2F1	20	32263282	32274191	-
E2F2	1	23832929	23857725	-
E2F3	6	20402109	20493945	+
E2F4	16	67226057	67232821	+
E2F5	8	86089388	86126753	+
E2F6	2	11584500	11606303	-
E2F7	12	77415030	77459349	-
E2F8	11	19245609	19263202	-
E4F1	16	2273488	2285743	+
EAF1	3	15469104	15484120	+
EAF2	3	121554026	121605373	+
EAPP	14	34985134	35008943	-
EARS2	16	23532074	23568696	-
EBAG9	8	110551928	110578225	+
EBF1	5	158122927	158526924	-
EBF2	8	25699240	25902929	-
EBF3	10	131633496	131762538	-
EBF4	20	2673425	2740754	+
EBI3	19	4229519	4237524	+
EBLN1	10	22497742	22498912	-
EBLN2	3	73110809	73112471	+
EBLN3P	9	37079892	37090398	+
EBNA1BP2	1	43629844	43638241	-
EBP	X	48380195	48387104	+
EBPL	13	50234809	50265623	-
ECD	10	74893432	74927853	-
ECE1	1	21543742	21671997	-
ECE1-AS1	1	21619782	21626362	+
ECE2	3	183993809	184010819	+
ECEL1	2	233344536	233352544	-
ECEL1P2	2	233250459	233251754	-
ECH1	19	39306061	39322434	-
ECHDC1	6	127609856	127664754	-
ECHDC2	1	53361581	53387446	-
ECHDC3	10	11784380	11806069	+
ECHS1	10	135175988	135186858	-
ECI1	16	2289403	2301588	-
ECI2	6	4115926	4135831	-
ECI2-DT	6	4136305	4157619	+
ECM1	1	150480584	150486265	+
ECM2	9	95255828	95298374	-
ECMXP	X	152744723	152752519	+
ECPAS	9	114122964	114246663	-
ECRG4	2	106682143	106694609	+
ECRP	14	21387499	21388335	+
ECSCR	5	138784248	138842328	-
ECSIT	19	11616730	11639949	-
ECT2	3	172468474	172539264	+
ECT2L	6	139117247	139225207	+
EDA	X	68835956	69259321	+
EDA2R	X	65815481	65859140	-
EDAR	2	109510926	109605676	-
EDARADD	1	236557585	236648230	+
EDC3	15	74922898	74988365	-
EDC4	16	67906954	67918400	+
EDDM13	19	56784116	56821823	+
EDDM3A	14	21214045	21216539	+
EDDM3B	14	21236562	21239107	+
EDEM1	3	5229391	5261643	+
EDEM2	20	33703166	33735139	-
EDEM3	1	184659371	184723992	-
EDF1	9	139756570	139760788	-
EDIL3	5	83236372	83680698	-
EDN1	6	12290593	12297427	+
EDN2	1	41944445	41950354	-
EDN3	20	57875665	57901047	+
EDNRA	4	148402068	148466106	+
EDNRB	13	78469615	78549662	-
EDNRB-AS1	13	78393071	78482563	+
EDRF1	10	127408083	127452712	+
EDRF1-AS1	10	127433295	127440629	-
EDRF1-DT	10	127393858	127408062	-
EEA1	12	93164412	93323071	-
EED	11	85955425	85989852	+
EEF1A1	6	74225472	74230755	-
EEF1A2	20	62119366	62130436	-
EEF1AKMT1	13	21302869	21348100	-
EEF1AKMT2	10	126446402	126480456	-
EEF1AKMT3	12	58166396	58176324	+
EEF1AKMT4	3	183967459	183976547	+
EEF1AKMT4-ECE2	3	183967459	184010819	+
EEF1AKNMT	1	171750799	171766856	+
EEF1B2	2	207024317	207027653	+
EEF1D	8	144661863	144679845	-
EEF1DP3	13	32420919	32533721	+
EEF1E1	6	8073592	8102781	-
EEF1E1-BLOC1S5	6	8013799	8102828	-
EEF1G	11	62327067	62341363	-
EEF2	19	3976053	3985461	-
EEF2K	16	22217598	22300059	+
EEF2KMT	16	5134284	5147821	-
EEFSEC	3	127872323	128127489	+
EEPD1	7	36192862	36341147	+
EFCAB1	8	49623347	49647870	-
EFCAB10	7	105205554	105221989	-
EFCAB11	14	90261013	90421121	-
EFCAB12	3	129120163	129147479	-
EFCAB13	17	45401320	45518677	+
EFCAB14	1	47140830	47184786	-
EFCAB14-AS1	1	47139707	47157769	+
EFCAB2	1	245133170	245288530	+
EFCAB3	17	60447578	60493839	+
EFCAB5	17	28256920	28435470	+
EFCAB6	22	43924657	44208185	-
EFCAB6-AS1	22	43912133	43932485	+
EFCAB7	1	63989195	64038364	+
EFCAB8	20	31446728	31549415	+
EFCAB9	5	171621175	171630458	+
EFCC1	3	128720146	128759585	+
EFEMP1	2	56093101	56150917	-
EFEMP2	11	65633911	65640271	-
EFHB	3	19920965	19988475	-
EFHC1	6	52285139	52361996	+
EFHC2	X	44007117	44202918	-
EFHD1	2	233470766	233547491	+
EFHD2	1	15736383	15756835	+
EFL1	15	82422560	82555104	-
EFL1P1	15	84748938	84795353	+
EFNA1	1	155100351	155107375	+
EFNA2	19	1285871	1301429	+
EFNA3	1	155051312	155060014	+
EFNA4	1	155036215	155042029	+
EFNA5	5	106712594	107006638	-
EFNB1	X	68048863	68062003	+
EFNB2	13	107142095	107188010	-
EFNB3	17	7608519	7614690	+
EFR3A	8	132916339	133025886	+
EFR3B	2	25264944	25382004	+
EFS	14	23825614	23834381	-
EFTUD2	17	42927315	42976993	-
EGF	4	110834038	110934922	+
EGFEM1P	3	167967309	168548374	+
EGFL6	X	13587719	13651694	+
EGFL7	9	139553307	139567130	+
EGFL8	6	32132371	32136056	+
EGFLAM	5	38258660	38465582	+
EGFLAM-AS2	5	38399915	38403573	-
EGFLAM-AS4	5	38282370	38291088	-
EGFR	7	55086709	55279321	+
EGFR-AS1	7	55247442	55256642	-
EGLN1	1	231499502	231558033	-
EGLN2	19	41305095	41314339	+
EGLN3	14	34393432	34420280	-
EGOT	3	4790875	4793274	-
EGR1	5	137801167	137804992	+
EGR2	10	64571755	64578927	-
EGR3	8	22545171	22550993	-
EGR4	2	73518056	73520676	-
EHBP1	2	62901012	63273621	+
EHBP1L1	11	65343508	65360121	+
EHD1	11	64619113	64647185	-
EHD2	19	48216678	48246391	+
EHD3	2	31457017	31492317	+
EHD4	15	42188130	42264755	-
EHD4-AS1	15	42213614	42221484	+
EHF	11	34642639	34684834	+
EHHADH	3	184908411	184971837	-
EHHADH-AS1	3	184880688	184909743	+
EHMT1	9	140513456	140730578	+
EHMT2	6	31847535	31865475	-
EI24	11	125439372	125454578	+
EID1	15	49170330	49172370	+
EID2	19	40029347	40030801	-
EID2B	19	40021627	40023492	-
EID3	12	104697516	104698982	+
EIF1	17	39845136	39848920	+
EIF1AD	11	65764015	65769628	-
EIF1AX	X	20142642	20159956	-
EIF1AX-AS1	X	20158085	20158562	+
EIF1AY	Y	22737596	22755040	+
EIF1B	3	40351197	40353915	+
EIF1B-AS1	3	40214637	40351189	-
EIF2A	3	150264464	150303803	+
EIF2AK1	7	6061877	6098860	-
EIF2AK2	2	37326352	37384190	-
EIF2AK3	2	88856257	88926982	-
EIF2AK3-DT	2	88927346	88931343	+
EIF2AK4	15	40226315	40327792	+
EIF2B1	12	124104952	124118233	-
EIF2B2	14	75469623	75479069	+
EIF2B3	1	45316193	45452394	-
EIF2B4	2	27587218	27593324	-
EIF2B5	3	183853145	183863099	+
EIF2D	1	206764974	206785904	-
EIF2S1	14	67827044	67853233	+
EIF2S2	20	32676114	32700049	-
EIF2S3	X	24073072	24096927	+
EIF2S3B	12	10658491	10675734	+
EIF3A	10	120793183	120840329	-
EIF3B	7	2393720	2420377	+
EIF3C	16	28390902	28747050	+
EIF3CL	16	28390902	28747050	+
EIF3D	22	36906901	36925213	-
EIF3E	8	109213444	109260946	-
EIF3F	11	8008883	8023396	+
EIF3G	19	10225689	10230575	-
EIF3H	8	117654369	117768062	-
EIF3I	1	32687184	32697205	+
EIF3IP1	7	109599283	109600270	-
EIF3J	15	44829265	44855001	+
EIF3J-DT	15	44826702	44829121	-
EIF3K	19	39109827	39127594	+
EIF3L	22	38245425	38285414	+
EIF3M	11	32605376	32627810	+
EIF4A1	17	7476142	7482324	+
EIF4A2	3	186501365	186507685	+
EIF4A3	17	78108168	78120927	-
EIF4B	12	53400239	53435999	+
EIF4E	4	99792834	99851788	-
EIF4E1B	5	176057675	176073644	+
EIF4E2	2	233415296	233448355	+
EIF4E3	3	71724564	71803924	-
EIF4EBP1	8	37888051	37917883	+
EIF4EBP2	10	72163900	72188374	+
EIF4EBP3	5	139927246	139929160	+
EIF4ENIF1	22	31835352	31885828	-
EIF4G1	3	184032282	184053146	+
EIF4G2	11	10818592	10830582	-
EIF4G3	1	21132784	21503390	-
EIF4H	7	73588685	73611426	+
EIF5	14	103800573	103811361	+
EIF5A	17	7210317	7215782	+
EIF5A2	3	170606206	170626426	-
EIF5AL1	10	81272288	81276192	+
EIF5B	2	99953851	100017788	+
EIF6	20	33866708	33872575	-
EIPR1	2	3192695	3381589	-
ELAC1	18	48494409	48514491	+
ELAC2	17	12894928	12921381	-
ELANE	19	852302	856243	+
ELAPOR1	1	109656736	109749403	+
ELAPOR2	7	86506221	86688970	-
ELAVL1	19	8023456	8070525	-
ELAVL2	9	23690102	23850599	-
ELAVL3	19	11562140	11591861	-
ELAVL4	1	50513726	50669444	+
ELDR	7	55306128	55323328	-
ELF1	13	41506054	41635522	-
ELF2	4	139978373	140098372	-
ELF3	1	201979714	201986308	+
ELF3-AS1	1	201969178	201979481	-
ELF4	X	129197932	129244866	-
ELF5	11	34500337	34535341	-
ELFN1	7	1727754	1787581	+
ELFN1-AS1	7	1778265	1781946	-
ELFN2	22	37736684	37823514	-
ELK1	X	47494918	47510003	-
ELK2AP	14	106135913	106139144	-
ELK3	12	96588152	96663602	+
ELK4	1	205577070	205602000	-
ELL	19	18553472	18632880	-
ELL2	5	95220801	95297555	-
ELL3	15	44064819	44069164	-
ELMO1	7	36892510	37488929	-
ELMO1-AS1	7	37037400	37053235	+
ELMO2	20	44994683	45035690	-
ELMO3	16	67233033	67237907	+
ELMOD1	11	107461816	107537505	+
ELMOD2	4	141445321	141474924	+
ELMOD3	2	85581891	85618871	+
ELN	7	73442118	73484236	+
ELOA	1	24069855	24088549	+
ELOA-AS1	1	24086871	24104787	-
ELOA2	18	44558942	44561988	-
ELOB	16	2821414	2827281	-
ELOC	8	74857370	74884522	-
ELOF1	19	11663857	11670051	-
ELOVL1	1	43829067	43833745	-
ELOVL2	6	10980992	11044538	-
ELOVL2-AS1	6	11043990	11079377	+
ELOVL3	10	103986055	103989344	+
ELOVL4	6	80624531	80657270	-
ELOVL5	6	53132195	53213977	-
ELOVL6	4	110967002	111119771	-
ELOVL7	5	60047615	60140101	-
ELP1	9	111629796	111696404	-
ELP2	18	33709861	33760520	+
ELP3	8	27947748	28048669	+
ELP4	11	31531313	31811870	+
ELP5	17	7155055	7163259	+
ELP6	3	47537129	47555202	-
ELSPBP1	19	48497888	48528411	+
EMB	5	49692025	49737122	-
EMBP1	1	121260909	121313686	+
EMC1	1	19542154	19578018	-
EMC1-AS1	1	19536879	19567198	+
EMC10	19	50979763	50994128	+
EMC2	8	109455811	109501425	+
EMC3	3	10004363	10052932	-
EMC3-AS1	3	10028576	10048687	+
EMC4	15	34517216	34522352	+
EMC6	17	3572016	3572963	+
EMC7	15	34376218	34394063	-
EMC8	16	85812230	85833150	-
EMC9	14	24608173	24610800	-
EMCN	4	101316497	101439179	-
EMD	X	153607654	153609883	+
EME1	17	48450580	48458843	+
EME2	16	1823228	1826239	+
EMG1	12	7080075	7105520	+
EMID1	22	29601884	29655586	+
EMILIN1	2	27301482	27309265	+
EMILIN2	18	2847003	2916001	+
EMILIN3	20	39988602	39995458	-
EML1	14	100204058	100408395	+
EML2	19	46112657	46148887	-
EML2-AS1	19	46144751	46146092	+
EML3	11	62369689	62380247	-
EML4	2	42396492	42559688	+
EML4-AS1	2	42369574	42397371	-
EML5	14	89078774	89259297	-
EML6	2	54952148	55199156	+
EMP1	12	13349659	13372875	+
EMP2	16	10622278	10674455	-
EMP3	19	48828808	48833810	+
EMSLR	7	100951587	100954619	+
EMSY	11	76156061	76264075	+
EMX1	2	73144647	73162020	+
EMX2	10	119301955	119309057	+
EMX2OS	10	119243803	119304579	-
EN1	2	119599746	119605224	-
EN2	7	155250823	155257526	+
ENAH	1	225674531	225840825	-
ENAM	4	71494460	71512541	+
ENC1	5	73923230	73937249	-
ENDOD1	11	94823009	94865809	+
ENDOG	9	131580778	131584955	+
ENDOU	12	48103517	48119273	-
ENDOV	17	78388966	78411884	+
ENG	9	130577290	130617052	-
ENGASE	17	77070905	77084681	+
ENHO	9	34521040	34522988	-
ENKD1	16	67696847	67700653	-
ENKUR	10	25270907	25351208	-
ENO1	1	8921058	8938745	-
ENO1-AS1	1	8938893	8939943	+
ENO2	12	7023743	7032860	+
ENO3	17	4853846	4860424	+
ENO4	10	118609009	118642112	+
ENOPH1	4	83351742	83382330	+
ENOSF1	18	670317	712664	-
ENOX1	13	43787265	44361108	-
ENOX1-AS2	13	44022987	44033624	+
ENOX2	X	129756298	130037291	-
ENPEP	4	111397310	111486441	+
ENPP1	6	132129159	132216295	+
ENPP2	8	120569325	120685630	-
ENPP3	6	131958441	132068550	+
ENPP4	6	46097725	46114424	+
ENPP5	6	46126918	46138747	-
ENPP6	4	185009858	185139026	-
ENPP7	17	77704704	77716018	+
ENPP7P13	16	33571843	33586742	+
ENSA	1	150593721	150602098	-
ENTHD1	22	40139048	40289764	-
ENTPD1	10	97471520	97637023	+
ENTPD1-AS1	10	97512962	97849992	-
ENTPD2	9	139942558	139948513	-
ENTPD3	3	40428674	40470235	+
ENTPD3-AS1	3	40432441	40494799	-
ENTPD4	8	23286664	23315244	-
ENTPD5	14	74422031	74485991	-
ENTPD6	20	25176305	25208711	+
ENTPD7	10	101419265	101471002	+
ENTPD8	9	140328815	140335809	-
ENTR1	9	139296373	139305066	-
ENY2	8	110346575	110358183	+
EOGT	3	69024375	69062835	-
EOLA1	X	148622145	149103202	+
EOLA2	X	149100414	149106709	-
EOMES	3	27757439	27764206	-
EP300	22	41488595	41576081	+
EP300-AS1	22	41581218	41593505	-
EP400	12	132434486	132565005	+
EP400P1	12	132568827	132610885	+
EPAS1	2	46524545	46613836	+
EPB41	1	29213602	29446558	+
EPB41L1	20	34679335	34820721	+
EPB41L2	6	131160486	131384462	-
EPB41L3	18	5392385	5630662	-
EPB41L4A	5	111478136	111754974	-
EPB41L4A-AS1	5	111496222	111498198	+
EPB41L4A-DT	5	111755279	111756677	+
EPB41L4B	9	111934253	112083339	-
EPB41L5	2	120770652	120936695	+
EPB42	15	43489425	43513216	-
EPC1	10	32556678	32667697	-
EPC2	2	149402319	149545138	+
EPCAM	2	47596449	47614159	+
EPCAM-DT	2	47419543	47572213	-
EPDR1	7	37960162	37991542	+
EPG5	18	43427573	43547295	-
EPGN	4	75174186	75182503	+
EPHA1	7	143088221	143105949	-
EPHA1-AS1	7	143104905	143220540	+
EPHA10	1	38181647	38230824	-
EPHA2	1	16450831	16482564	-
EPHA3	3	89156770	89531284	+
EPHA4	2	222282746	222438922	-
EPHA5	4	66185280	66536213	-
EPHA5-AS1	4	66535678	66559104	+
EPHA6	3	96533437	97480376	+
EPHA7	6	93949739	94129277	-
EPHA8	1	22889981	22930088	+
EPHB1	3	134514101	134979307	+
EPHB2	1	23037330	23247993	+
EPHB3	3	184279572	184300196	+
EPHB4	7	100400186	100425145	-
EPHB6	7	142552775	142568847	+
EPHX1	1	225997825	226033262	+
EPHX2	8	27348659	27403081	+
EPHX3	19	15337729	15343858	-
EPHX4	1	92495541	92529095	+
EPM2A	6	145946440	146057159	-
EPM2AIP1	3	37026533	37034622	-
EPN1	19	56186560	56220898	+
EPN2	17	19140689	19240028	+
EPN2-AS1	17	19199908	19209574	-
EPN2-IT1	17	19174705	19177701	+
EPN3	17	48610095	48621111	+
EPO	7	100318090	100321323	+
EPOP	17	36827958	36831210	-
EPOR	19	11487882	11494990	-
EPPIN	20	44169264	44176040	-
EPPIN-WFDC6	20	44164918	44176040	-
EPPK1	8	144939497	144952635	-
EPRS1	1	220141941	220219847	-
EPS15	1	51819934	51984938	-
EPS15L1	19	16466054	16582823	-
EPS8	12	15773070	15942322	-
EPS8L1	19	55587236	55599291	+
EPS8L2	11	706230	727727	+
EPS8L3	1	110292701	110306545	-
EPSTI1	13	43460523	43566377	-
EPX	17	56270086	56282535	+
EPYC	12	91357458	91398749	-
EQTN	9	27284653	27297148	-
ERAL1	17	27182033	27188079	+
ERAP1	5	96096513	96149848	-
ERAP2	5	96211642	96255420	+
ERAS	X	48684922	48688279	+
ERBB2	17	37844346	37884911	+
ERBB3	12	56473891	56497289	+
ERBB4	2	212240441	213403526	-
ERBIN	5	65222381	65378372	+
ERC1	12	1100388	1605099	+
ERC2	3	55542338	56502495	-
ERC2-IT1	3	55691240	55693497	-
ERCC1	19	45910591	45954805	-
ERCC2	19	45853094	45873845	-
ERCC3	2	128014865	128051720	-
ERCC4	16	14014010	14046205	+
ERCC5	13	103498381	103528345	+
ERCC6	10	50642926	50747584	-
ERCC6L	X	71424514	71458877	-
ERCC6L2	9	98637972	98803374	+
ERCC8	5	60162280	60240905	-
EREG	4	75230861	75254464	+
ERF	19	42751712	42759280	-
ERFE	2	239067610	239077531	+
ERFL	19	42411855	42432601	-
ERG	21	39739182	40033707	-
ERG28	14	76116133	76127219	-
ERGIC1	5	172261253	172379685	+
ERGIC2	12	29490285	29534105	-
ERGIC3	20	34129826	34145405	+
ERH	14	69846844	69865016	-
ERI1	8	8860406	8957613	+
ERI2	16	20791514	20817794	-
ERI3	1	44686741	44820951	-
ERI3-IT1	1	44688266	44709955	-
ERICH1	8	564745	681224	-
ERICH2	2	171627191	171655487	+
ERICH3	1	75033806	75139476	-
ERICH3-AS1	1	75043113	75091782	+
ERICH4	19	41949060	41950670	+
ERICH5	8	99076749	99105838	+
ERICH6	3	150377671	150421707	-
ERICH6-AS1	3	150421350	150437933	+
ERICH6B	13	46115428	46189874	-
ERLEC1	2	54014067	54045956	+
ERLIN1	10	101909850	101945786	-
ERLIN2	8	37594151	37615939	+
ERLNC1	1	204110535	204112137	+
ERMAP	1	43282792	43310662	+
ERMARD	6	170151717	170181696	+
ERMN	2	158175124	158184224	-
ERMP1	9	5784571	5833117	-
ERN1	17	62116501	62207504	-
ERN2	16	23701630	23724543	-
ERO1A	14	53106632	53162276	-
ERO1B	1	236378400	236445258	-
ERP27	12	15066960	15091471	-
ERP29	12	112451151	112461253	+
ERP44	9	102741469	102861282	-
ERRFI1	1	8071786	8086369	-
ERV3-1	7	64450733	64467065	-
ERV3-1-ZNF117	7	64432153	64467124	-
ERVFRD-1	6	11102721	11111958	-
ERVH48-1	21	44337360	44345708	-
ERVK13-1	16	2708389	2723440	-
ERVK3-1	19	58816739	58827023	+
ERVMER34-1	4	53608719	53617807	-
ERVV-1	19	53517343	53519833	+
ERVV-2	19	53547992	53554933	+
ERVW-1	7	92097693	92107260	-
ESAM	11	124623022	124632186	-
ESCO1	18	19109244	19180665	-
ESCO2	8	27632070	27662806	+
ESD	13	47345390	47371296	-
ESF1	20	13694968	13765579	-
ESM1	5	54273694	54281421	-
ESPL1	12	53662082	53687421	+
ESPN	1	6484835	6521004	+
ESPNL	2	239008980	239041928	+
ESPNP	1	17017712	17046652	-
ESR1	6	151977806	152450748	+
ESR2	14	64693424	64805331	-
ESRG	3	54666150	54673884	-
ESRP1	8	95653401	95719694	+
ESRP2	16	68262935	68270030	-
ESRRA	11	64072995	64084212	+
ESRRB	14	76837613	76968180	+
ESRRG	1	216676587	217311044	-
ESS2	22	19117791	19132164	-
ESX1	X	103494718	103499614	-
ESYT1	12	56521985	56538460	+
ESYT2	7	158523687	158622200	-
ESYT3	3	138153414	138200525	+
ETAA1	2	67624464	67639221	+
ETDA	X	134386008	134387530	+
ETDB	X	134252881	134254454	-
ETDC	X	134443405	134443585	+
ETF1	5	137841781	137878925	-
ETFA	15	76507693	76603810	-
ETFB	19	51848408	51869642	-
ETFBKMT	12	31800093	31826046	+
ETFDH	4	159593252	159630775	+
ETFRF1	12	25348170	25358077	+
ETHE1	19	44010870	44031353	-
ETNK1	12	22778104	22843599	+
ETNK2	1	204100189	204121172	-
ETNPPL	4	109663208	109684209	-
ETS1	11	128328655	128457453	-
ETS1-AS1	11	128396036	128400278	+
ETS2	21	40177106	40196878	+
ETV1	7	13930855	14031050	-
ETV2	19	36132646	36135773	+
ETV3	1	157090982	157108383	-
ETV3L	1	157061834	157069600	-
ETV4	17	41605213	41623708	-
ETV5	3	185764102	185826878	-
ETV6	12	11802607	12048311	+
ETV7	6	36321865	36355577	-
EVA1A	2	75719443	75796845	-
EVA1B	1	36787630	36789755	-
EVA1C	21	33784030	33887697	+
EVADR	6	71103904	71109120	+
EVC	4	5712927	5816032	+
EVC2	4	5564145	5711275	-
EVI2A	17	29643427	29648640	-
EVI2B	17	29630787	29641072	-
EVI5	1	92974252	93257967	-
EVI5L	19	7895103	7929862	+
EVL	14	100437758	100610573	+
EVPL	17	74002925	74023387	-
EVPLL	17	18281091	18292960	+
EVX1	7	27282420	27287449	+
EVX1-AS	7	27281047	27286848	-
EVX2	2	176944834	176948690	-
EWSAT1	15	69373189	69388163	+
EWSR1	22	29664256	29696511	+
EXD1	15	41474930	41522955	-
EXD2	14	69658193	69710737	+
EXD3	9	140201347	140317614	-
EXO1	1	242011492	242053241	+
EXO5	1	40974390	40981722	+
EXOC1	4	56719813	56771252	+
EXOC1L	4	56685955	56703655	+
EXOC2	6	485137	693141	-
EXOC3	5	443290	467404	+
EXOC3-AS1	5	441950	443275	-
EXOC3L1	16	67218281	67224039	-
EXOC3L2	19	45715627	45748665	-
EXOC3L4	14	103566480	103576894	+
EXOC4	7	132937822	133750513	+
EXOC5	14	57667224	57735623	-
EXOC6	10	94586587	94819251	+
EXOC6B	2	72403112	73053162	-
EXOC7	17	74077073	74099868	-
EXOC8	1	231468498	231473598	-
EXOG	3	38537762	38567796	+
EXOSC1	10	99195665	99205774	-
EXOSC10	1	11126675	11159926	-
EXOSC10-AS1	1	11159731	11162162	+
EXOSC2	9	133569146	133580281	+
EXOSC3	9	37779710	37785089	-
EXOSC4	8	145133574	145135551	+
EXOSC5	19	41892278	41903264	-
EXOSC6	16	70280681	70285843	-
EXOSC7	3	45017735	45054158	+
EXOSC8	13	37574922	37583751	+
EXOSC9	4	122722477	122738176	+
EXPH5	11	108376161	108464495	-
EXT1	8	118806728	119124065	-
EXT2	11	44117227	44273531	+
EXTL1	1	26348265	26362954	+
EXTL2	1	101337927	101360735	-
EXTL3	8	28559017	28613113	+
EXTL3-AS1	8	28555919	28558981	-
EYA1	8	72109667	72460329	-
EYA2	20	45523262	45817492	+
EYA3	1	28296854	28415148	-
EYA4	6	133562494	133853266	+
EYS	6	64429875	66417119	-
EZH1	17	40852292	40897058	-
EZH2	7	148504474	148581383	-
EZHIP	X	51149799	51151693	+
EZR	6	159186779	159240400	-
EZR-AS1	6	159239010	159243272	+
F10	13	113777112	113803843	+
F10-AS1	13	113782468	113784360	-
F11	4	187187342	187210835	+
F11-AS1	4	187207251	187422212	-
F11R	1	160965000	160990942	-
F12	5	176829141	176836565	-
F13A1	6	6144316	6320895	-
F13B	1	197007870	197036390	-
F2	11	46740762	46761056	+
F2R	5	76011950	76031595	+
F2RL1	5	76114854	76131140	+
F2RL2	5	75911306	75919228	-
F2RL3	19	16999809	17003417	+
F3	1	94994728	95007413	-
F5	1	169481188	169555719	-
F7	13	113760101	113774999	+
F8	X	154064063	154250998	-
F8A1	X	154114634	154688276	+
F8A2	X	154114649	154688261	-
F8A3	X	154114629	154688281	+
F9	X	138612894	138645618	+
FA2H	16	74746866	74808718	-
FAAH	1	46859988	46879517	+
FAAH2	X	57313109	57515629	+
FAAHP1	1	46899498	46911374	+
FAAP100	17	79506916	79519379	-
FAAP20	1	2115898	2144159	-
FAAP24	19	33463147	33469130	+
FABP1	2	88422507	88427581	-
FABP12	8	82437215	82443625	-
FABP2	4	120238404	120243293	-
FABP3	1	31838099	31846135	-
FABP4	8	82390653	82395468	-
FABP5	8	82192770	82197010	+
FABP5P3	7	152133979	152140100	+
FABP6	5	159614387	159665729	+
FABP7	6	123070345	123105222	+
FABP9	8	82370487	82373814	-
FADD	11	70049401	70053492	+
FADS1	11	61567100	61584475	-
FADS2	11	61583674	61634826	+
FADS3	11	61640997	61659017	-
FADS6	17	72873441	72889731	-
FAF1	1	50902699	51425939	-
FAF2	5	175875385	175937075	+
FAH	15	80445130	80479291	+
FAHD1	16	1877224	1890203	+
FAHD2A	2	96068455	96082364	+
FAHD2B	2	97749319	97760619	-
FAHD2CP	2	96676298	96688884	+
FAIM	3	138327612	138352213	+
FAIM2	12	50260678	50297683	-
FALEC	1	150488232	150490508	+
FAM102A	9	130702860	130743268	-
FAM102B	1	109102721	109181942	+
FAM104A	17	71203491	71228533	-
FAM104B	X	55169534	55187628	-
FAM106A	17	18427879	18430160	-
FAM106B	17	20320332	20321831	+
FAM106C	17	16692056	16693815	+
FAM107A	3	58549844	58613337	-
FAM107B	10	14560555	14816896	-
FAM110A	20	814357	826922	+
FAM110B	8	58907081	59061343	+
FAM110C	2	38813	46505	-
FAM110D	1	26485569	26490453	+
FAM111A	11	58910328	58922511	+
FAM111A-DT	11	58901445	58910281	-
FAM111B	11	58874657	58894891	+
FAM114A1	4	38869426	38947360	+
FAM114A2	5	153369707	153418470	-
FAM117A	17	47787693	47841493	-
FAM117B	2	203499691	203634480	+
FAM118A	22	45704840	45737836	+
FAM118B	11	126081618	126132882	+
FAM120A	9	96213966	96328393	+
FAM120AOS	9	96205613	96215883	-
FAM120B	6	170599790	170716159	+
FAM120C	X	54094756	54209687	-
FAM122A	9	71394980	71400482	+
FAM122B	X	133903595	133931262	-
FAM122C	X	133930424	133988860	+
FAM124A	13	51796469	51858372	+
FAM124B	2	225243414	225266824	-
FAM126A	7	22973850	23053749	-
FAM126B	2	201838440	201936394	-
FAM131A	3	184053713	184064063	+
FAM131B	7	143050492	143079397	-
FAM131C	1	16384263	16400146	-
FAM133A	X	92929011	92967273	+
FAM133B	7	92190071	92219704	-
FAM133CP	10	60474774	60477293	+
FAM133DP	2	158235001	158237021	-
FAM135A	6	71123106	71270877	+
FAM135A-AS1	6	71122530	71123661	-
FAM135B	8	139142265	139509973	-
FAM136A	2	70523107	70529199	-
FAM138B	2	114334958	114336429	+
FAM138D	12	67606	69079	+
FAM138E	15	102495087	102496558	+
FAM13A	4	89647104	89978336	-
FAM13A-AS1	4	89630939	89651254	+
FAM13B	5	137273606	137368802	-
FAM13C	10	61005888	61122939	-
FAM149A	4	187025857	187096444	+
FAM149B1	10	74927876	75004262	+
FAM151A	1	55074853	55089198	-
FAM151B	5	79783918	79838382	+
FAM153A	5	177138050	177210426	-
FAM153B	5	175490057	175554145	+
FAM153CP	5	177434692	177490589	+
FAM155A	13	107815858	108519844	-
FAM155A-IT1	13	108439708	108487806	-
FAM155B	X	68724168	68752351	+
FAM156A	X	52926268	53024651	-
FAM156B	X	52920621	52993409	+
FAM157A	3	197880076	197949384	+
FAM157C	16	90168671	90244014	+
FAM160A1	4	152330327	152591655	+
FAM160A2	11	6232574	6255866	-
FAM160B1	10	116581538	116659590	+
FAM160B2	8	21946660	21962422	+
FAM161A	2	62051982	62081195	-
FAM161B	14	74398978	74416797	-
FAM162A	3	122103028	122131181	+
FAM162B	6	117073359	117086882	-
FAM163A	1	179696910	179785333	+
FAM163B	9	136442202	136474511	-
FAM166A	9	140138051	140142203	-
FAM166B	9	35561827	35563875	-
FAM166C	2	26785454	26802392	+
FAM167A	8	11278986	11324262	-
FAM167A-AS1	8	11225910	11296166	+
FAM167B	1	32712822	32714457	+
FAM168A	11	73111531	73309157	-
FAM168B	2	131805448	131851033	-
FAM169A	5	74073398	74162791	-
FAM169B	15	98980390	99057565	-
FAM170A	5	118965252	118971517	+
FAM170B	10	50339200	50342066	-
FAM170B-AS1	10	50329883	50359592	+
FAM171A1	10	15253643	15413288	-
FAM171A2	17	42430582	42441221	-
FAM171B	2	187558786	187630686	+
FAM172A	5	92953430	93447404	-
FAM172BP	3	101237710	101242731	+
FAM174A	5	99871077	99922444	+
FAM174B	15	93160678	93199005	-
FAM174C	19	1275528	1279227	+
FAM177A1	14	35514112	35552589	+
FAM177B	1	222910557	222924147	+
FAM178B	2	97541618	97652317	-
FAM180A	7	135414339	135433561	-
FAM180B	11	47608202	47610746	+
FAM181A	14	94385239	94395954	+
FAM181A-AS1	14	94371079	94392718	-
FAM181B	11	82440981	82444906	-
FAM182A	20	26035249	26067553	+
FAM182B	20	25744088	25781927	-
FAM183A	1	43613574	43622067	+
FAM183BP	7	38724945	38726689	-
FAM184A	6	119280927	119470358	-
FAM184B	4	17630928	17783244	-
FAM185A	7	102389398	102491153	+
FAM185BP	7	76710971	76751606	-
FAM186A	12	50721091	50790392	-
FAM186B	12	49976655	49999422	-
FAM187A	17	42981197	42982758	+
FAM187B	19	35715703	35719628	-
FAM189A1	15	29412454	29862927	-
FAM189A2	9	71939487	72007390	+
FAM189B	1	155216995	155225274	-
FAM193A	4	2537101	2734302	+
FAM193B	5	176946788	176981564	-
FAM197Y2	Y	9187188	9362966	-
FAM197Y3	Y	9336949	9342550	-
FAM197Y4	Y	9187188	9362877	-
FAM197Y5	Y	9187188	9362877	-
FAM197Y6	Y	9227799	9233417	-
FAM197Y7	Y	9187188	9362877	-
FAM197Y8	Y	9187188	9362877	-
FAM197Y9	Y	6126373	6131976	-
FAM198B-AS1	4	159091903	159124029	+
FAM199X	X	103411133	103440582	+
FAM200A	7	99143922	99149737	-
FAM200B	4	15683449	15692070	+
FAM201A	9	38621084	38623277	+
FAM201B	2	133110239	133111856	+
FAM204A	10	120057436	120101836	-
FAM205A	9	34723049	34729485	-
FAM205BP	9	34830263	34838583	-
FAM205C	9	34889063	34895761	-
FAM207A	21	46359611	46396904	+
FAM209A	20	55099799	55101208	+
FAM209B	20	55108301	55111576	+
FAM20A	17	66531256	66597508	-
FAM20B	1	178994938	179045709	+
FAM20C	7	192570	300738	+
FAM210A	18	13663345	13726557	-
FAM210B	20	54934029	54943718	+
FAM214A	15	52873517	53002012	-
FAM214B	9	35104113	35115859	-
FAM215A	17	41994575	41995355	+
FAM216A	12	110906649	110928190	+
FAM216B	13	43355685	43365686	+
FAM217A	6	4068600	4079371	-
FAM217B	20	58508833	58523735	+
FAM218A	4	165878099	165880283	+
FAM219A	9	34398181	34458568	-
FAM219B	15	75192327	75199235	-
FAM21EP	10	51780941	51827563	-
FAM220A	7	6369041	6388598	-
FAM221A	7	23719817	23742269	+
FAM221B	9	35816404	35828729	-
FAM222A	12	110151629	110208300	+
FAM222A-AS1	12	110172013	110211292	-
FAM222B	17	27082997	27169808	-
FAM223A	X	153799478	153861448	+
FAM223B	X	153799478	153861448	+
FAM224A	Y	19687063	20492712	+
FAM224B	Y	19687040	20492736	-
FAM225A	9	115875175	115882126	+
FAM225B	9	115867002	115873957	-
FAM226A	X	71996896	72163589	+
FAM226B	X	71996896	72163589	+
FAM227A	22	38974122	39052397	-
FAM227B	15	49619166	49913015	-
FAM228A	2	24397921	24414567	+
FAM228B	2	24299702	24392507	+
FAM229A	1	32826870	32827844	-
FAM229B	6	112408793	112423993	+
FAM230A	22	20326419	20350461	+
FAM230B	22	21522153	21546450	+
FAM230D	22	18660792	18688676	-
FAM230E	22	18721447	18745418	+
FAM230F	22	18852554	18881944	-
FAM230G	22	20325552	20706786	+
FAM230H	22	21655279	21680925	-
FAM230I	22	23804272	23829167	-
FAM230J	22	20632119	20656858	-
FAM234A	16	284544	319942	+
FAM234B	12	13197314	13236383	+
FAM236A	X	72001688	72158798	-
FAM236B	X	72001688	72158798	-
FAM236C	X	72027258	72133238	-
FAM236D	X	72027258	72133238	+
FAM237A	2	207507210	207514089	+
FAM237B	7	89946120	89950297	-
FAM238A	10	26878793	26883251	+
FAM238B	10	26932036	26942383	+
FAM238C	10	27220134	27230930	-
FAM239A	X	3769032	3800392	-
FAM239B	X	3769032	3838783	-
FAM240A	3	46654014	46668033	+
FAM240C	2	242836138	242844736	-
FAM241A	4	113066609	113116412	+
FAM241B	10	71390002	71393349	+
FAM242B	20	29558487	29570363	-
FAM242F	9	46163625	46168270	-
FAM243A	21	35772409	35773370	-
FAM243B	21	35772409	35773370	-
FAM245A	10	89156330	89167457	-
FAM24A	10	124670125	124672627	+
FAM24B	10	124608593	124639157	-
FAM24B-CUZD1	10	124591670	124639157	-
FAM25A	10	88780050	88784487	+
FAM25BP	10	47740303	47744822	+
FAM25C	10	47177203	49207825	-
FAM25E	10	46310875	51216406	-
FAM25G	10	47177220	49207825	-
FAM27B	9	67792928	67794189	-
FAM27C	9	44990235	44991492	+
FAM27E2	9	46116942	46387373	+
FAM27E3	9	67784943	67786625	-
FAM27E5	17	21825369	21826499	+
FAM30A	14	106383837	106398502	+
FAM30C	15	21208605	21255165	+
FAM32A	19	16296220	16302857	+
FAM3A	X	153734489	153744566	-
FAM3B	21	42688727	42729654	+
FAM3C	7	120988904	121036422	-
FAM3D	3	58619672	58652501	-
FAM3D-AS1	3	58592806	58620167	+
FAM41AY1	Y	19612837	20566932	+
FAM41AY2	Y	19612837	20566932	+
FAM41C	1	803450	812182	-
FAM43A	3	194406611	194409766	+
FAM43B	1	20879065	20881513	+
FAM47A	X	34147868	34150447	-
FAM47B	X	34960912	34963032	+
FAM47C	X	37026438	37029737	+
FAM47E	4	77135192	77204936	+
FAM47E-STBD1	4	77172852	77232283	+
FAM50A	X	153672487	153679002	+
FAM50B	6	3849606	3851551	+
FAM53A	4	1641607	1686040	-
FAM53B	10	126307860	126432947	-
FAM53B-AS1	10	126392596	126403329	+
FAM53C	5	137673245	137685418	+
FAM66A	8	12219527	12268510	+
FAM66B	8	7156265	7212885	-
FAM66C	12	8332804	8353596	+
FAM66D	8	11973290	12008698	+
FAM66E	8	7812534	7866277	+
FAM71A	1	212797815	212800116	+
FAM71B	5	156588856	156593275	-
FAM71C	12	100041530	100043892	+
FAM71D	14	67656156	67695274	+
FAM71E1	19	50970044	50980105	-
FAM71E2	19	55866275	55874628	-
FAM71F1	7	128349114	128371795	+
FAM71F2	7	128312319	128327931	+
FAM72A	1	206135556	206155151	+
FAM72B	1	120839004	120855681	+
FAM72C	1	143896524	206155074	-
FAM72D	1	143896447	143914847	-
FAM74A1	9	39371061	65494240	+
FAM74A3	9	40715523	40722679	+
FAM74A4	9	65487272	65494386	-
FAM74A6	9	41516053	65494240	+
FAM74A7	9	43608372	43615527	-
FAM76A	1	28052471	28089627	+
FAM76B	11	95502116	95522946	-
FAM78A	9	134133464	134151897	-
FAM78B	1	166025154	166136238	-
FAM81A	15	59730384	59815753	+
FAM81B	5	94727069	94786145	+
FAM83A	8	124191286	124222319	+
FAM83A-AS1	8	124213411	124214983	-
FAM83B	6	54711568	54809897	+
FAM83C	20	33873533	33880228	-
FAM83C-AS1	20	33873053	33873575	+
FAM83D	20	37555059	37581749	+
FAM83E	19	49103217	49118333	-
FAM83F	22	40390957	40439538	+
FAM83G	17	18872103	18908077	-
FAM83H	8	144806102	144815949	-
FAM85A	8	12043244	12060035	+
FAM85B	8	7958283	8085025	-
FAM86B1	8	12039614	12051638	-
FAM86B2	8	12040627	12293915	-
FAM86B3P	8	8086091	8102387	+
FAM86C2P	11	67559237	67572807	-
FAM86DP	3	75470702	75484266	-
FAM86EP	4	3943486	3957155	-
FAM86FP	12	8383644	8395542	-
FAM86HP	3	129816624	129830276	-
FAM86JP	3	125635443	125648867	+
FAM87A	8	325930	333174	-
FAM87B	1	752750	755214	+
FAM89A	1	231154703	231176000	-
FAM89B	11	65340008	65341661	+
FAM8A1	6	17600532	17611946	+
FAM90A1	12	8373855	8380214	-
FAM90A10P	8	7627105	7628835	+
FAM90A25P	8	12272029	12275541	-
FAM90A26	4	9174898	9177893	+
FAM90A27P	19	53785542	53787602	+
FAM90A2P	8	12030962	12034776	-
FAM90A7P	8	7413659	7431920	-
FAM91A1	8	124780678	124827690	+
FAM95A	2	95421070	95426929	-
FAM95B1	9	42468588	69481677	+
FAM95C	9	38540563	38545369	-
FAM98A	2	33808726	33824429	-
FAM98B	15	38746327	38779911	+
FAM98C	19	38893774	38899728	+
FAM99A	11	1686828	1689086	+
FAM99B	11	1704499	1706859	-
FAM9A	X	8758835	8769424	-
FAM9B	X	8992272	9002168	-
FAM9C	X	13053735	13062739	-
FAN1	15	31196054	31235310	+
FANCA	16	89803956	89883055	-
FANCB	X	14861526	14891191	-
FANCC	9	97861335	98079991	-
FANCD2	3	10068120	10143616	+
FANCD2OS	3	10123003	10149939	-
FANCE	6	35420114	35434879	+
FANCF	11	22644078	22647369	-
FANCG	9	35073835	35079939	-
FANCI	15	89787209	89860490	+
FANCL	2	58386377	58468515	-
FANCM	14	45605132	45670093	+
FANK1	10	127585103	127698163	+
FANK1-AS1	10	127660756	127661842	-
FAP	2	163027193	163099955	-
FAR1	11	13690214	13753893	+
FAR2	12	29302210	29488549	+
FAR2P1	2	130783571	130808704	-
FAR2P2	2	131174325	131186119	-
FARP1	13	98794842	99107426	+
FARP2	2	242295699	242434256	+
FARS2	6	5261239	5771816	+
FARSA	19	13033292	13044525	-
FARSA-AS1	19	13041335	13044110	+
FARSB	2	223431617	223520811	-
FAS	10	90750554	90776816	+
FAS-AS1	10	90751180	90752732	-
FASLG	1	172628147	172636016	+
FASN	17	80036213	80056112	-
FASTK	7	150773707	150777970	-
FASTKD1	2	170385017	170430431	-
FASTKD2	2	207630111	207660911	+
FASTKD3	5	7859271	7869150	-
FASTKD5	20	3127164	3140511	-
FAT1	4	187508947	187645010	-
FAT2	5	150883652	150970892	-
FAT3	11	91957983	92629639	+
FAT4	4	126236109	126414087	+
FATE1	X	150884506	150891664	+
FAU	11	64888101	64889606	-
FAXC	6	99719036	99797932	-
FAXDC2	5	154198051	154230163	-
FBF1	17	73905654	73934313	-
FBH1	10	5931534	5979558	+
FBL	19	40325097	40337019	-
FBLIM1	1	16083132	16113084	+
FBLL1	5	167956309	167957639	+
FBLN1	22	45898762	45997015	+
FBLN2	3	13590624	13679902	+
FBLN5	14	92335754	92414038	-
FBLN7	2	112895961	112945795	+
FBN1	15	48700509	48937906	-
FBN2	5	127593600	127873938	-
FBN3	19	8130285	8214476	-
FBP1	9	97365419	97402545	-
FBP2	9	97321002	97356106	-
FBRS	16	30669751	30682131	+
FBRSL1	12	133066736	133161773	+
FBXL12	19	9920945	9929755	-
FBXL13	7	102453307	102715243	-
FBXL14	12	1675158	1703747	-
FBXL15	10	104179570	104182893	+
FBXL16	16	742499	755801	-
FBXL17	5	107194737	107717799	-
FBXL18	7	5494055	5553440	-
FBXL19	16	30934171	30960104	+
FBXL19-AS1	16	30930639	30934590	-
FBXL2	3	33318516	33464190	+
FBXL20	17	37408915	37558809	-
FBXL21P	5	135265985	135277685	+
FBXL22	15	63889585	63895631	+
FBXL3	13	77579394	77601294	-
FBXL4	6	99316410	99395882	-
FBXL5	4	15606004	15657035	-
FBXL6	8	145579090	145582132	-
FBXL7	5	15500288	15939905	+
FBXL8	16	67193859	67198077	+
FBXO10	9	37510888	37576377	-
FBXO11	2	48034058	48133637	-
FBXO15	18	71740602	71815069	-
FBXO16	8	28285925	28347835	-
FBXO17	19	39432040	39466382	-
FBXO2	1	11708443	11714486	-
FBXO21	12	117579795	117628275	-
FBXO22	15	76196199	76234852	+
FBXO24	7	100183950	100198740	+
FBXO25	8	356807	427967	+
FBXO27	19	39514662	39523189	-
FBXO28	1	224301812	224349749	+
FBXO3	11	33762489	33796066	-
FBXO3-DT	11	33796244	33797216	+
FBXO30	6	146114637	146135931	-
FBXO30-DT	6	146056004	146207721	+
FBXO31	16	87360592	87425727	-
FBXO32	8	124510126	124553446	-
FBXO33	14	39865576	39901704	-
FBXO34	14	55738138	55820329	+
FBXO36	2	230787218	230877835	+
FBXO38	5	147763497	147822399	+
FBXO39	17	6679533	6690965	+
FBXO4	5	41925353	41941842	+
FBXO40	3	121312225	121349141	+
FBXO41	2	73481817	73511606	-
FBXO42	1	16573334	16678975	-
FBXO43	8	101145578	101158045	-
FBXO44	1	11714463	11723384	+
FBXO45	3	196295530	196315930	+
FBXO46	19	46213886	46236435	-
FBXO47	17	37092684	37123656	-
FBXO48	2	68686553	68694426	-
FBXO5	6	153291671	153304714	-
FBXO6	1	11724256	11734409	+
FBXO7	22	32870797	32894818	+
FBXO8	4	175157809	175204818	-
FBXO9	6	52929795	52965670	+
FBXW10	17	18647366	18682662	+
FBXW11	5	171288552	171433642	-
FBXW12	3	48413708	48436190	+
FBXW2	9	123519251	123555694	-
FBXW4	10	103370420	103455052	-
FBXW4P1	22	23604953	23607186	+
FBXW5	9	139834886	139839190	-
FBXW7	4	153241695	153457244	-
FBXW7-AS1	4	153258825	153259248	+
FBXW8	12	117348754	117468953	+
FBXW9	19	12799729	12807445	-
FCAMR	1	207131311	207143970	-
FCAR	19	55385690	55402786	+
FCER1A	1	159259503	159278014	+
FCER1G	1	161185084	161189035	+
FCER2	19	7753642	7767032	-
FCF1	14	75179846	75205323	+
FCF1P2	3	48331768	48333168	-
FCGBP	19	40353962	40440533	-
FCGR1A	1	149754249	149772165	+
FCGR1B	1	120926127	120935944	-
FCGR1CP	1	149369293	149378303	+
FCGR2A	1	161475246	161489619	+
FCGR2B	1	161632904	161648444	+
FCGR2C	1	161551128	161571010	+
FCGR3A	1	161511549	161520527	-
FCGR3B	1	161592987	161601753	-
FCGRT	19	50015917	50029685	+
FCHO1	19	17858552	17899370	+
FCHO2	5	72251867	72386349	+
FCHSD1	5	141018868	141030985	-
FCHSD2	11	72547789	72853363	-
FCMR	1	207076662	207095286	-
FCN1	9	137795077	137809758	-
FCN2	9	137772655	137779368	+
FCN3	1	27695600	27701343	-
FCRL1	1	157764193	157789910	-
FCRL2	1	157715522	157746922	-
FCRL3	1	157646270	157670559	-
FCRL4	1	157543537	157567875	-
FCRL5	1	157483166	157522305	-
FCRL6	1	159770301	159786047	+
FCRLA	1	161677018	161684142	+
FCRLB	1	161691333	161697933	+
FCSK	16	70488497	70514177	+
FDCSP	4	71091840	71100968	+
FDFT1	8	11653081	11696818	+
FDPS	1	155278538	155290457	+
FDPSP2	7	76099336	76104317	-
FDX1	11	110300671	110335608	+
FDX2	19	10420720	10426691	-
FDXACB1	11	111744779	111749889	-
FDXR	17	72858618	72869119	-
FECH	18	55211608	55253934	-
FEM1A	19	4791745	4801285	+
FEM1B	15	68570082	68588195	+
FEM1C	5	114856605	114880472	-
FEN1	11	61560382	61564710	+
FENDRR	16	86508130	86542466	-
FER	5	108083597	108532541	+
FER1L4	20	34146506	34195484	-
FER1L5	2	97308500	97370620	+
FER1L6	8	124864226	125132302	+
FER1L6-AS1	8	124996377	125053023	-
FER1L6-AS2	8	125058311	125183763	-
FERD3L	7	19184404	19185044	-
FERMT1	20	6055491	6103677	-
FERMT2	14	53323988	53417815	-
FERMT3	11	63973391	63991363	+
FES	15	91427733	91439006	+
FETUB	3	186353757	186370930	+
FEV	2	219845808	219849906	-
FEZ1	11	125312776	125366206	-
FEZ2	2	36779403	36825311	-
FEZF1	7	121941356	121944804	-
FEZF1-AS1	7	121943711	121950131	+
FEZF2	3	62355355	62359225	-
FFAR1	19	35842444	35843367	+
FFAR2	19	35939158	35942669	+
FFAR3	19	35849361	35851389	+
FFAR4	10	95326421	95349829	+
FGA	4	155504277	155511894	-
FGB	4	155484131	155493957	+
FGD1	X	54471886	54522667	-
FGD2	6	36973430	36996845	+
FGD3	9	95709804	95798518	+
FGD4	12	32552491	32798984	+
FGD5	3	14860468	14976078	+
FGD5-AS1	3	14984285	14989948	-
FGD5P1	3	13974552	13978444	+
FGD6	12	95470524	95611243	-
FGF1	5	141971742	142077635	-
FGF10	5	44300353	44389522	-
FGF10-AS1	5	44388833	44414091	+
FGF11	17	7341616	7348256	+
FGF12	3	191857179	192445330	-
FGF12-AS1	3	191956418	192000884	+
FGF12-AS2	3	192232810	192234362	+
FGF13	X	137696887	138287185	-
FGF13-AS1	X	137794268	137798763	+
FGF14	13	102363153	103054793	-
FGF14-AS1	13	103019879	103026016	+
FGF14-AS2	13	103046927	103048055	+
FGF14-IT1	13	102944669	103046869	-
FGF16	X	76709646	76712769	+
FGF17	8	21900263	21906319	+
FGF18	5	170846650	170884630	+
FGF19	11	69513005	69518790	-
FGF2	4	123747862	123819391	+
FGF20	8	16849689	16859854	-
FGF21	19	49258780	49261587	+
FGF22	19	639878	644373	+
FGF23	12	4477392	4488878	-
FGF3	11	69624735	69634184	-
FGF4	11	69585790	69590109	-
FGF5	4	81187741	81212171	+
FGF6	12	4543307	4554780	-
FGF7	15	49715438	49780971	+
FGF7P3	9	41958801	42019584	-
FGF7P6	9	46687556	46746820	+
FGF8	10	103529865	103540126	-
FGF9	13	22245211	22278635	+
FGFBP1	4	15937199	15940363	-
FGFBP2	4	15961868	15964798	-
FGFBP3	10	93666340	93669243	-
FGFR1	8	38268655	38326352	-
FGFR1OP2	12	27091304	27119581	+
FGFR2	10	123237843	123357972	-
FGFR3	4	1795019	1810599	+
FGFR4	5	176513915	176525145	+
FGFRL1	4	1005413	1020686	+
FGG	4	155525285	155533960	-
FGGY	1	59762484	60228402	+
FGL1	8	17721897	17753047	-
FGL2	7	76822685	76829136	-
FGR	1	27938574	27961696	-
FH	1	241660903	241683055	-
FHAD1	1	15573720	15724623	+
FHAD1-AS1	1	15653175	15670379	-
FHDC1	4	153857474	153900848	+
FHIT	3	59733002	61237135	-
FHL1	X	135228860	135293518	+
FHL2	2	105974171	106054986	-
FHL3	1	38462441	38471186	-
FHL5	6	97010400	97066500	+
FHOD1	16	67263291	67281384	-
FHOD3	18	33877675	34360183	+
FIBCD1	9	133777824	133814634	-
FIBIN	11	27015658	27018632	+
FIBP	11	65651210	65655942	-
FICD	12	108909053	108914987	+
FIG4	6	110012498	110146629	+
FIGLA	2	71004441	71017775	-
FIGN	2	164459121	164592518	-
FIGNL1	7	50505017	50518104	-
FIGNL2	12	52211682	52242502	-
FIGNL2-DT	12	52242006	52246513	+
FILIP1	6	76001574	76203516	-
FILIP1L	3	99551987	99833357	-
FILNC1	6	140092209	140181608	+
FIP1L1	4	54243807	54327029	+
FIRRE	X	130825555	130964671	-
FIS1	7	100882752	100888362	-
FITM1	14	24600674	24602058	+
FITM2	20	42931479	42939842	-
FIZ1	19	56102741	56110883	-
FJX1	11	35640007	35642413	+
FKBP10	17	39969255	39979465	+
FKBP11	12	49315749	49319330	-
FKBP14	7	30050202	30066318	-
FKBP15	9	115923285	115983557	-
FKBP1A	20	1349620	1373816	-
FKBP1A-SDCBP2	20	1290554	1373816	-
FKBP1AP1	19	58336666	58338830	-
FKBP1B	2	24272610	24286550	+
FKBP2	11	64008566	64011607	+
FKBP3	14	45584801	45603684	-
FKBP4	12	2904135	2914587	+
FKBP5	6	35541361	35696360	-
FKBP6	7	72742163	72772634	+
FKBP7	2	179328390	179343327	-
FKBP8	19	18642572	18654383	-
FKBP9	7	32997015	33046543	+
FKBP9P1	7	55748766	55772260	-
FKBPL	6	32096483	32098065	-
FKRP	19	47249313	47261832	+
FKSG29	13	100003673	100004281	+
FKTN	9	108320410	108403399	+
FLACC1	2	202152993	202222121	-
FLAD1	1	154955819	154965587	+
FLCN	17	17115526	17140482	-
FLG	1	152274640	152297715	-
FLG-AS1	1	152285934	152339168	+
FLG2	1	152321210	152332482	-
FLI1	11	128556429	128683162	+
FLICR	X	49122682	49122937	-
FLII	17	18148130	18162336	-
FLJ12825	12	54452037	54516018	+
FLJ13224	12	31477249	31478879	+
FLJ16779	20	61885329	61892967	+
FLJ20021	4	102268933	102270040	+
FLJ20712	7	33765592	33768216	+
FLJ22447	14	62037257	62121431	+
FLJ25758	19	7004963	7006426	-
FLJ30679	16	86588925	86590905	+
FLJ31104	5	55290994	55299475	+
FLJ31356	2	28607275	28617539	-
FLJ32255	5	42985500	42993435	-
FLJ33534	2	11239976	11272302	-
FLJ36000	17	21904061	21913070	+
FLJ37201	10	91451056	91457685	-
FLJ37453	1	16160709	16174642	-
FLJ38576	4	187110185	187112644	-
FLJ39095	1	247267812	247272863	+
FLJ40194	17	47325604	47336027	+
FLJ40288	7	132333552	132413528	+
FLJ42351	2	113399406	113401757	-
FLJ42393	3	187896330	187898596	+
FLJ42627	16	2688982	2696130	+
FLJ42969	8	102064281	102088479	+
FLJ44635	X	71364033	71381600	+
FLJ45513	17	47923247	47925004	+
FLJ46284	8	93725189	93798288	-
FLJ46875	2	157193083	157198632	-
FLJ46906	6	139012804	139018425	+
FLNA	X	153576898	153603006	-
FLNB	3	57994148	58157977	+
FLNB-AS1	3	58148275	58156362	-
FLNC	7	128470459	128499326	+
FLNC-AS1	7	128490215	128502680	-
FLOT1	6	30695485	30710628	-
FLOT2	17	27206356	27224751	-
FLRT1	11	63803402	63886643	+
FLRT2	14	85996368	86120772	+
FLRT3	20	14303630	14318313	-
FLT1	13	28874482	29069265	-
FLT3	13	28577410	28674713	-
FLT3LG	19	49977471	49989488	+
FLT4	5	180028505	180076600	-
FLVCR1	1	213031616	213072705	+
FLVCR1-DT	1	213029945	213031480	-
FLVCR2	14	76044962	76114509	+
FLYWCH1	16	2961931	3001209	+
FLYWCH2	16	2933195	2949383	+
FMC1	7	139025195	139031074	+
FMC1-LUC7L2	7	139025877	139108203	+
FMN1	15	33057744	33486915	-
FMN2	1	240255182	240638485	+
FMNL1	17	43299251	43324683	+
FMNL2	2	153191687	153506340	+
FMNL3	12	50030281	50101188	-
FMO1	1	171217609	171255117	+
FMO2	1	171154346	171181824	+
FMO3	1	171060045	171086959	+
FMO4	1	171283321	171311223	+
FMO5	1	146655883	146697230	-
FMO6P	1	171106878	171130702	+
FMO9P	1	166573152	166594473	+
FMOD	1	203309755	203320250	-
FMR1	X	146993436	147032647	+
FMR1-AS1	X	146990948	146993335	-
FMR1NB	X	147062856	147108184	+
FN1	2	216225587	216300791	-
FN3K	17	80693490	80709072	+
FN3KRP	17	80674581	80685889	+
FNBP1	9	132649465	132805468	-
FNBP1L	1	93913674	94020218	+
FNBP4	11	47738045	47788893	-
FNDC1	6	159590431	159693140	+
FNDC10	1	1533391	1535515	-
FNDC11	20	62184372	62188060	+
FNDC3A	13	49550047	49783915	+
FNDC3B	3	171757367	172119459	+
FNDC4	2	27714749	27718067	-
FNDC5	1	33327868	33338085	-
FNDC7	1	109255529	109285367	+
FNDC8	17	33448633	33457751	+
FNDC9	5	156768605	156772685	-
FNIP1	5	130977406	131132710	-
FNIP2	4	159690177	159829202	+
FNTA	8	42911441	42940931	+
FNTB	14	65453612	65529368	+
FOCAD	9	20658307	20995954	+
FOCAD-AS1	9	20683300	20684749	-
FOLH1	11	49166643	49230154	-
FOLH1B	11	89392464	89431886	+
FOLR1	11	71900752	71907367	+
FOLR2	11	71927837	71932994	+
FOLR3	11	71846770	71850936	+
FOS	14	75745530	75748933	+
FOSB	19	45971253	45978437	+
FOSL1	11	65659519	65667997	-
FOSL2	2	28615724	28640184	+
FOXA1	14	38058756	38064454	-
FOXA2	20	22561635	22566128	-
FOXA3	19	46367583	46377055	+
FOXB1	15	60296509	60299642	+
FOXB2	9	79634570	79635869	+
FOXC1	6	1610149	1614129	+
FOXC2	16	86600434	86603333	+
FOXC2-AS1	16	86598750	86601367	-
FOXCUT	6	1605765	1607591	+
FOXD1	5	72742094	72744602	-
FOXD2	1	47903715	47906363	+
FOXD2-AS1	1	47897805	47900313	-
FOXD3	1	63788237	63790799	+
FOXD3-AS1	1	63786554	63790112	-
FOXD4	9	116230	118417	-
FOXD4L1	2	114256660	114258727	+
FOXD4L3	9	70917782	70920000	+
FOXD4L4	9	42718065	70428899	+
FOXD4L5	9	70175706	70178815	-
FOXD4L6	9	69199663	69201674	-
FOXE1	9	100615507	100618999	+
FOXE3	1	47881956	47883724	+
FOXF1	16	86544132	86549028	+
FOXF2	6	1389810	1395838	+
FOXG1	14	29235992	29239483	+
FOXG1-AS1	14	29194447	29234525	-
FOXH1	8	145698794	145701232	-
FOXI1	5	169532900	169536738	+
FOXI2	10	129535448	129539447	+
FOXI3	2	88746305	88752211	-
FOXJ1	17	74132414	74137326	-
FOXJ2	12	8185311	8208113	+
FOXJ3	1	42642209	42801551	-
FOXK1	7	4721925	4811073	+
FOXK2	17	80477607	80562478	+
FOXL1	16	86612154	86617082	+
FOXL2	3	138663065	138665979	-
FOXL2NB	3	138666058	138672832	+
FOXL3	7	330135	331454	+
FOXL3-OT1	7	331194	334388	+
FOXM1	12	2966845	2986340	-
FOXN1	17	26833365	26865918	+
FOXN2	2	48541437	48606434	+
FOXN3	14	89622523	90085509	-
FOXN3-AS1	14	89883697	89886137	+
FOXN3-AS2	14	90042559	90043820	+
FOXN4	12	109715782	109747089	-
FOXO1	13	41129803	41240778	-
FOXO3	6	108881027	109005977	+
FOXO3B	17	18570941	18585627	-
FOXO4	X	70315700	70323382	+
FOXO6	1	41827105	41849262	+
FOXO6-AS1	1	41840675	41841341	-
FOXP1	3	71003860	71633129	-
FOXP1-AS1	3	71338908	71355005	+
FOXP2	7	113726381	114333827	+
FOXP3	X	49106898	49121172	-
FOXP4	6	41514118	41570122	+
FOXP4-AS1	6	41491632	41516359	-
FOXQ1	6	1312332	1314993	+
FOXR1	11	118842470	118851997	+
FOXR2	X	55649832	55652625	+
FOXRED1	11	126139048	126148021	+
FOXRED2	22	36883238	36903087	-
FOXS1	20	30432105	30433407	-
FPGS	9	130565136	130576360	+
FPGT	1	74663925	74674386	+
FPGT-TNNI3K	1	74663925	75010110	+
FPR1	19	52248424	52255131	-
FPR2	19	52264432	52273784	+
FPR3	19	52298409	52329443	+
FRA10AC1	10	95427639	95462716	-
FRAS1	4	78978476	79465423	+
FRAT1	10	99079027	99081672	+
FRAT2	10	99092253	99094486	-
FREM1	9	14737150	14910993	-
FREM2	13	39261213	39461267	+
FREM2-AS1	13	39395820	39401728	-
FREM3	4	144498454	144621828	-
FRG1	4	190862026	190884346	+
FRG1-DT	4	190685544	190861888	-
FRG1BP	20	29611839	29653908	+
FRG1DP	20	29612047	29628331	+
FRG1HP	9	68726464	69112332	+
FRG1JP	9	68427783	68455368	-
FRG2	4	190945522	190948411	-
FRG2B	10	135437398	135440299	-
FRG2C	3	75713341	75716368	+
FRG2DP	16	34711784	34714967	-
FRG2EP	3	75713480	75716368	+
FRG2KP	16	31574542	31579036	-
FRGCA	21	44560632	44561202	-
FRK	6	116252311	116382054	-
FRMD1	6	168453775	168482237	-
FRMD3	9	85857904	86153316	-
FRMD4A	10	13685705	14372923	-
FRMD4B	3	69217933	69435239	-
FRMD5	15	44162961	44487469	-
FRMD6	14	51955845	52197444	+
FRMD6-AS1	14	52116235	52118462	-
FRMD6-AS2	14	51921229	52066670	-
FRMD7	X	131211013	131262048	-
FRMD8	11	65154107	65180995	+
FRMD8P1	X	64770501	64772301	-
FRMPD1	9	37603225	37746901	+
FRMPD2	10	49364601	49482739	-
FRMPD2B	10	46657134	48862688	-
FRMPD3	X	106765679	106848481	+
FRMPD3-AS1	X	106756212	106789051	-
FRMPD4	X	11840557	12742642	+
FRRS1	1	100169522	100232191	-
FRRS1L	9	111892572	111929529	-
FRS2	12	69864167	69973571	+
FRS3	6	41737913	41747638	-
FRY	13	32605910	32873262	+
FRY-AS1	13	32598195	32605776	-
FRYL	4	48499373	48782296	-
FRZB	2	183698001	183731365	-
FSBP	8	95439943	95449172	-
FSCB	14	44973353	44976486	-
FSCN1	7	5632446	5646286	+
FSCN2	17	79495402	79504156	+
FSCN3	7	127233789	127242198	+
FSD1	19	4304590	4323843	+
FSD1L	9	108210314	108314714	+
FSD2	15	83424113	83474821	-
FSHB	11	30252560	30256741	+
FSHR	2	49189295	49381654	-
FSIP1	15	39892231	40075042	-
FSIP2	2	186603530	186698017	+
FSIP2-AS1	2	186648417	186664878	-
FSIP2-AS2	2	186584600	186605204	-
FST	5	52776458	52782964	+
FSTL1	3	120111139	120169839	-
FSTL3	19	676391	683385	+
FSTL4	5	132532149	132948232	-
FSTL5	4	162305043	163085186	-
FTCD	21	47556175	47575493	-
FTCD-AS1	21	47571288	47572561	+
FTCDNL1	2	200625258	200715896	-
FTH1	11	61731756	61735106	-
FTH1P3	2	27615489	27616443	-
FTHL17	X	31089349	31090158	-
FTHL18	X	37060947	37061865	-
FTL	19	49468565	49470136	+
FTLP10	4	69048009	69078188	+
FTMT	5	121187576	121188523	+
FTO	16	53737874	54155853	+
FTO-IT1	16	54073304	54074285	+
FTSJ1	X	48334408	48344752	+
FTSJ3	17	61896792	61905023	-
FTX	X	73247970	73513409	-
FUBP1	1	78409739	78444889	-
FUBP3	9	133454963	133513739	+
FUCA1	1	24171570	24194780	-
FUCA2	6	143815948	143832857	-
FUNDC1	X	44382884	44402105	-
FUNDC2	X	154255118	154288579	+
FUNDC2P2	2	84517805	84519324	+
FUOM	10	135168661	135171523	-
FURIN	15	91411817	91426687	+
FUS	16	31191430	31206192	+
FUT1	19	49251267	49258615	-
FUT10	8	33228343	33330664	-
FUT11	10	75532033	75535976	+
FUT2	19	49199227	49209208	+
FUT3	19	5842898	5857133	-
FUT4	11	94277016	94283064	+
FUT5	19	5865836	5870551	-
FUT6	19	5830418	5838803	-
FUT7	9	139924625	139926540	-
FUT8	14	65877309	66210839	+
FUT8-AS1	14	65877310	65879335	-
FUT9	6	96463849	96663488	+
FUZ	19	50310122	50316549	-
FXN	9	71650667	71693992	+
FXR1	3	180630457	180700539	+
FXR2	17	7494547	7518215	-
FXYD1	19	35629727	35634013	+
FXYD2	11	117690771	117698804	-
FXYD3	19	35606726	35615228	+
FXYD4	10	43867083	43871783	+
FXYD5	19	35645637	35660784	+
FXYD6	11	117707690	117748145	-
FXYD6-FXYD2	11	117690795	117747373	-
FXYD7	19	35634158	35645205	+
FYB1	5	39105353	39270751	-
FYB2	1	57184463	57285077	-
FYCO1	3	45959394	46037316	-
FYN	6	111981534	112194655	-
FYTTD1	3	197476423	197514467	+
FZD1	7	90893747	90900641	+
FZD10	12	130647003	130650285	+
FZD10-AS1	12	130636137	130646223	-
FZD2	17	42634851	42638630	+
FZD3	8	28351721	28431785	+
FZD4	11	86656720	86666437	-
FZD4-DT	11	86666662	86711989	+
FZD5	2	208627321	208634630	-
FZD6	8	104310721	104345094	+
FZD7	2	202899309	202903160	+
FZD8	10	35927176	35930362	-
FZD9	7	72848107	72850450	+
FZR1	19	3506308	3538332	+
G0S2	1	209848756	209849735	+
G2E3	14	31028328	31089267	+
G2E3-AS1	14	30907197	31046563	-
G3BP1	5	151151514	151192346	+
G3BP2	4	76567952	76598667	-
G6PC	17	41052815	41066455	+
G6PC2	2	169757800	169766510	+
G6PC3	17	42148040	42153712	+
G6PD	X	153759604	153775784	-
GAA	17	78075379	78093680	+
GAB1	4	144258028	144395718	+
GAB2	11	77926335	78128866	-
GAB3	X	153903526	153979841	-
GAB4	22	17442825	17489112	-
GABARAP	17	7143326	7145768	-
GABARAPL1	12	10365475	10375724	+
GABARAPL2	16	75600276	75611779	+
GABARAPL3	15	90889760	90892679	-
GABBR1	6	29570004	29600960	-
GABBR2	9	101050390	101471217	-
GABPA	21	27107282	27144771	+
GABPB1	15	50567585	50647605	-
GABPB1-AS1	15	50646370	50650503	+
GABPB1-IT1	15	50641134	50647076	-
GABPB2	1	151043236	151098018	+
GABRA1	5	161274196	161326977	+
GABRA2	4	46245564	46392317	-
GABRA3	X	151334705	151619787	-
GABRA4	4	46920916	46995598	-
GABRA5	15	27112208	27194357	+
GABRA6	5	161112726	161129598	+
GABRB1	4	47033583	47428447	+
GABRB2	5	160715435	160975410	-
GABRB3	15	26788693	27018910	-
GABRD	1	1950783	1962197	+
GABRE	X	151121595	151143148	-
GABRG1	4	46037785	46126071	-
GABRG2	5	161494470	161582545	+
GABRG3	15	27216327	27787129	+
GABRG3-AS1	15	27402881	27406466	-
GABRP	5	170210722	170241050	+
GABRQ	X	151806348	151826007	+
GABRR1	6	89887222	89941007	-
GABRR2	6	89964185	90025018	-
GABRR3	3	97705526	97754148	-
GACAT1	2	108370567	108438585	+
GACAT2	18	8695853	8707619	-
GACAT3	2	16190548	16225811	+
GAD1	2	171673199	171717659	+
GAD2	10	26505235	26593491	+
GADD45A	1	68150883	68154017	+
GADD45B	19	2476124	2478255	+
GADD45G	9	92219926	92221469	+
GADD45GIP1	19	13063932	13068037	-
GADL1	3	30767691	30936153	-
GAGE1	X	49363615	49373139	+
GAGE10	X	49160124	49176323	+
GAGE12B	X	49325479	49342296	+
GAGE12C	X	49296779	49351907	+
GAGE12D	X	49296768	49351917	+
GAGE12E	X	49296779	49351907	+
GAGE12F	X	49296745	49342360	+
GAGE12G	X	49178512	49342360	+
GAGE12H	X	49296779	49351907	+
GAGE12I	X	49216676	49342360	+
GAGE12J	X	49178508	49294588	+
GAGE13	X	49188080	49294588	+
GAGE2A	X	49207134	49361430	+
GAGE2B	X	49216647	49242997	+
GAGE2C	X	49207148	49233491	+
GAGE2D	X	49207115	49233481	+
GAGE2E	X	49207138	49233477	+
GAGE4	X	49216648	49223939	+
GAGE5	X	49216656	49223943	+
GAGE6	X	49325479	49342356	+
GAGE7	X	49216651	49223939	+
GAGE8	X	49197606	49294588	+
GAK	4	843064	926104	-
GAL	11	68452011	68458643	+
GAL3ST1	22	30950621	30970652	-
GAL3ST2	2	242716236	242743702	+
GAL3ST3	11	65808235	65816632	-
GAL3ST4	7	99756866	99766240	-
GALC	14	88399357	88460009	-
GALE	1	24122088	24127244	-
GALK1	17	73747549	73761273	-
GALK2	15	49447955	49624078	+
GALM	2	38893255	38961907	+
GALNS	16	88880141	88923355	-
GALNT1	18	33160885	33291798	+
GALNT10	5	153570292	153800543	+
GALNT11	7	151722758	151819425	+
GALNT12	9	101569951	101612363	+
GALNT13	2	154728434	155310689	+
GALNT14	2	31133330	31361306	-
GALNT15	3	16216186	16273499	+
GALNT16	14	69726874	69823758	+
GALNT17	7	70597129	71178584	+
GALNT18	11	11292425	11643552	-
GALNT2	1	230193535	230417868	+
GALNT3	2	166604097	166650757	-
GALNT4	12	89913189	89918573	-
GALNT5	2	158114216	158175001	+
GALNT6	12	51745035	51785190	-
GALNT7	4	174089961	174245118	+
GALNT8	12	4829565	4881892	+
GALNT9	12	132680916	132906175	-
GALNTL5	7	151653530	151717014	+
GALNTL6	4	172734554	173962710	+
GALNTL6-AS1	4	173551082	173648029	-
GALP	19	56687376	56697144	+
GALR1	18	74961803	74989854	+
GALR2	17	74070861	74073618	+
GALR3	22	38219388	38221492	+
GALT	9	34646585	34651032	+
GAMT	19	1397024	1401541	-
GAN	16	81348566	81424414	+
GANAB	11	62392297	62414198	-
GANC	15	42565855	42645864	+
GAP43	3	115342356	115440330	+
GAPDH	12	6643682	6647537	+
GAPDHS	19	36024357	36036221	+
GAPLINC	18	3466247	3478976	+
GAPT	5	57787261	57792916	+
GAPVD1	9	128024104	128129486	+
GAR1	4	110736665	110745893	+
GAREM1	18	29843484	30050845	-
GAREM2	2	26395956	26412532	+
GARNL3	9	130025940	130155939	+
GARRE1	19	34745458	34846471	+
GARS1	7	30634350	30673648	+
GARS1-DT	7	30587972	30617395	-
GART	21	34876237	34915198	-
GAS1	9	89559276	89562421	-
GAS1RR	9	89563612	89616948	+
GAS2	11	22688156	22834601	+
GAS2L1	22	29703012	29708776	+
GAS2L1P2	9	99837952	99844227	-
GAS2L2	17	34071529	34080258	-
GAS2L3	12	100967461	101022066	+
GAS5	1	173833036	173838020	-
GAS5-AS1	1	173832385	173833080	+
GAS6	13	114523521	114567049	-
GAS6-AS1	13	114518582	114545814	+
GAS6-DT	13	114567149	114569805	+
GAS7	17	9813923	10101923	-
GAS8	16	90086036	90111379	+
GAS8-AS1	16	90095315	90096309	-
GASAL1	8	103819049	103823442	+
GASK1A	3	43020802	43099207	+
GASK1B	4	159045625	159094177	-
GAST	17	39868582	39872221	+
GATA1	X	48644997	48652717	+
GATA2	3	128198264	128212044	-
GATA2-AS1	3	128208045	128222050	+
GATA3	10	8096650	8117161	+
GATA3-AS1	10	8092412	8095447	-
GATA4	8	11534443	11617511	+
GATA5	20	61038552	61051051	-
GATA6	18	19749549	19782491	+
GATA6-AS1	18	19746858	19748929	-
GATAD1	7	92076795	92089389	+
GATAD2A	19	19496651	19619741	+
GATAD2B	1	153777202	153895448	-
GATB	4	152591660	152682175	-
GATC	12	120884246	120901551	+
GATD1	11	767222	777487	-
GATD3A	21	45553564	45565593	+
GATD3B	21	45553564	45565593	+
GATM	15	45653321	45694425	-
GAU1	12	4809582	4829268	-
GBA	1	155204242	155214418	-
GBA2	9	35736862	35749225	-
GBA3	4	22694536	22821195	+
GBAP1	1	155183615	155197325	-
GBE1	3	81538855	81810796	-
GBF1	10	104005288	104142653	+
GBGT1	9	136028334	136039301	-
GBP1	1	89518003	89530891	-
GBP1P1	1	89873237	89890493	+
GBP2	1	89571815	89591797	-
GBP3	1	89472359	89488549	-
GBP4	1	89646827	89664625	-
GBP5	1	89724633	89738543	-
GBP6	1	89829435	89853719	+
GBP7	1	89597425	89641686	-
GBX1	7	150845675	150864635	-
GBX2	2	237073878	237077029	-
GC	4	72607410	72671237	-
GCA	2	163175272	163219632	+
GCAT	22	38203911	38213183	+
GCC1	7	127220681	127225650	-
GCC2	2	109065661	109125871	+
GCC2-AS1	2	109123996	109150675	-
GCDH	19	13001942	13010813	+
GCFC2	2	75889831	75938041	-
GCG	2	162999391	163008757	-
GCGR	17	79762025	79771884	+
GCH1	14	55308723	55369544	-
GCHFR	15	41056265	41059906	+
GCK	7	44182811	44229038	-
GCKR	2	27719705	27746550	+
GCLC	6	53362139	53409899	-
GCLM	1	94350755	94375154	-
GCM1	6	52991759	53013639	-
GCM2	6	10873455	10882274	-
GCN1	12	120565006	120632518	-
GCNA	X	70797873	70833433	+
GCNT1	9	79056581	79122332	+
GCNT2	6	10521583	10629601	+
GCNT3	15	59903981	59914922	+
GCNT4	5	74321171	74348383	-
GCNT7	20	55066547	55100981	-
GCOM1	15	57884101	58009755	+
GCSAM	3	111839685	111852095	-
GCSAML	1	247670359	247740992	+
GCSAML-AS1	1	247687980	247694106	-
GCSH	16	81115549	81130000	-
GCSHP3	2	206980296	206981296	-
GCSIR	2	231751260	231769232	+
GDA	9	74729510	74868476	+
GDAP1	8	75262617	75401107	+
GDAP1L1	20	42875738	42909587	+
GDAP2	1	118406106	118472244	-
GDE1	16	19513014	19533420	-
GDF1	19	18979353	19006967	-
GDF10	10	48425785	48439165	-
GDF11	12	56136905	56151048	+
GDF15	19	18496967	18499986	+
GDF2	10	48411773	48416908	-
GDF3	12	7842379	7848371	-
GDF5	20	34021144	34042571	-
GDF5-AS1	20	34020826	34022449	+
GDF6	8	97154560	97173034	-
GDF7	2	20866903	20879001	+
GDF9	5	132196873	132202576	-
GDI1	X	153665499	153671814	+
GDI2	10	5807185	5855512	-
GDNF	5	37812778	37840143	-
GDNF-AS1	5	37839985	37875900	+
GDPD1	17	57297871	57353330	+
GDPD2	X	69642880	69653241	+
GDPD3	16	30116130	30124858	-
GDPD4	11	76927602	77012731	-
GDPD5	11	75145684	75236986	-
GDPGP1	15	90777440	90789043	+
GEM	8	95261484	95274547	-
GEMIN2	14	39583526	39606177	+
GEMIN4	17	647660	655504	-
GEMIN5	5	154266971	154317776	-
GEMIN6	2	39005351	39012144	+
GEMIN7	19	45578884	45594776	+
GEMIN7-AS1	19	45588586	45593649	-
GEMIN8	X	14024844	14048011	-
GEMIN8P4	1	90458823	90460525	-
GEN1	2	17935135	17970213	+
GET1	21	40752169	40800454	+
GET1-SH3BGR	21	40752251	40887428	+
GET3	19	12847919	12859137	+
GET4	7	916190	936073	+
GFAP	17	42980526	42992868	-
GFER	16	2034193	2037750	+
GFI1	1	92938599	92952482	-
GFI1B	9	135820917	135867074	+
GFM1	3	158362315	158413370	+
GFM2	5	74017030	74063196	-
GFOD1	6	13358061	13487869	-
GFOD2	16	67708438	67753219	-
GFPT1	2	69546911	69614359	-
GFPT2	5	179727697	179780336	-
GFRA1	10	117816441	118034217	-
GFRA2	8	21547909	21646387	-
GFRA3	5	137588068	137610310	-
GFRA4	20	3639894	3644046	-
GFRAL	6	55192266	55267291	+
GFUS	8	144694787	144699719	-
GFY	19	49927003	49932244	+
GGA1	22	38004480	38029571	+
GGA2	16	23474862	23521815	-
GGA3	17	73232693	73258444	-
GGACT	13	101182417	101241046	-
GGCT	7	30536236	30544457	-
GGCX	2	85771842	85788616	-
GGH	8	63927637	63951365	-
GGN	19	38874906	38878674	-
GGNBP1	6	33551475	33556803	+
GGNBP2	17	34900767	34946276	+
GGPS1	1	235490530	235507844	+
GGT1	22	24979717	25024972	+
GGT2	22	21562261	21632151	-
GGT3P	22	18761201	18779474	-
GGT5	22	24615621	24641110	-
GGT6	17	4460221	4463872	-
GGT7	20	33432522	33460661	-
GGT8P	2	91963367	91970153	+
GGTA1	9	124207267	124262123	-
GGTLC1	20	23965689	23969416	-
GGTLC2	22	22987090	22990368	+
GGTLC3	22	20366210	20368028	-
GH1	17	61994562	61996199	-
GH2	17	61957574	61959304	-
GHDC	17	40341104	40346512	-
GHET1	7	148684618	148686516	+
GHITM	10	85899264	85913324	+
GHR	5	42423540	42721980	+
GHRH	20	35879489	35890217	-
GHRHR	7	31003567	31019143	+
GHRL	3	10327352	10334631	-
GHRLOS	3	10322635	10335133	+
GHSR	3	172161081	172166246	-
GID4	17	17942721	17971719	+
GID8	20	61569498	61579827	+
GIGYF1	7	100277129	100291873	-
GIGYF2	2	233562040	233725315	+
GIHCG	12	58325231	58329947	-
GIMAP1	7	150413700	150421371	+
GIMAP1-GIMAP5	7	150413644	150440737	+
GIMAP2	7	150382793	150390728	+
GIMAP4	7	150264457	150271041	+
GIMAP5	7	150434435	150440737	+
GIMAP6	7	150322463	150329736	-
GIMAP7	7	150211959	150218161	+
GIMAP8	7	150147717	150176481	+
GIMD1	4	107278551	107289935	-
GIN1	5	102421703	102455842	-
GINM1	6	149887510	149912880	+
GINS1	20	25388308	25429199	+
GINS2	16	85709803	85722560	-
GINS3	16	58426374	58440051	+
GINS4	8	41386779	41402547	+
GIP	17	47035915	47045958	-
GIPC1	19	14588570	14606961	-
GIPC2	1	78510653	78604126	+
GIPC3	19	3585475	3593539	+
GIPR	19	46171478	46186980	+
GIT1	17	27900492	27916666	-
GIT2	12	110367608	110434173	-
GJA1	6	121756791	121770873	+
GJA10	6	90604187	90605839	+
GJA3	13	20712394	20735191	-
GJA4	1	35258599	35261348	+
GJA5	1	147228331	147245466	-
GJA8	1	147374920	147381395	+
GJA9	1	39339740	39347259	-
GJA9-MYCBP	1	39328161	39347298	-
GJB1	X	70435061	70445366	+
GJB2	13	20761608	20767077	-
GJB3	1	35246814	35251965	+
GJB4	1	35225340	35227928	+
GJB5	1	35220647	35224113	+
GJB6	13	20796100	20806534	-
GJB7	6	87992697	88038996	-
GJC1	17	42875815	42908179	-
GJC2	1	228337630	228347527	+
GJC3	7	99520888	99527243	-
GJD2	15	35043234	35047199	-
GJD3	17	38516904	38520989	-
GJD4	10	35894268	35897863	+
GJE1	6	142454295	142456059	+
GK	X	30671475	30749577	+
GK2	4	80327514	80329382	-
GK3P	4	166198943	166201175	-
GK5	3	141876368	141944427	-
GKAP1	9	86354335	86432752	-
GKN1	2	69201767	69208108	+
GKN2	2	69172363	69180025	-
GLA	X	100652790	100662913	-
GLB1	3	33038099	33138722	-
GLB1L	2	220101319	220110166	-
GLB1L2	11	134201767	134246218	+
GLB1L3	11	134146272	134189458	+
GLCCI1	7	8008426	8128709	+
GLCCI1-DT	7	7989469	8008383	-
GLCE	15	69452935	69564546	+
GLDC	9	6532466	6645729	-
GLDN	15	51633851	51700197	+
GLE1	9	131266970	131304564	+
GLG1	16	74481337	74641012	-
GLI1	12	57853567	57866047	+
GLI2	2	121493443	121750229	+
GLI3	7	42000547	42276808	-
GLI4	8	144349614	144359101	+
GLIDR	9	41948513	41955177	-
GLIPR1	12	75874534	75897641	+
GLIPR1L1	12	75728449	75764340	+
GLIPR1L2	12	75784849	75826468	+
GLIPR2	9	36136532	36163910	+
GLIS1	1	53971905	54204837	-
GLIS2	16	4364761	4389598	+
GLIS2-AS1	16	4374648	4378341	-
GLIS3	9	3824126	4300068	-
GLIS3-AS1	9	3898645	3901248	+
GLMN	1	92711954	92764566	-
GLMP	1	156262477	156265480	-
GLO1	6	38643700	38670921	-
GLOD4	17	662548	685571	-
GLOD5	X	48620150	48632064	+
GLP1R	6	39016556	39059079	+
GLP2R	17	9729240	9795416	+
GLRA1	5	151202073	151304412	-
GLRA2	X	14547419	14749933	+
GLRA3	4	175558070	175750398	-
GLRA4	X	102960422	102983423	-
GLRB	4	157997276	158093242	+
GLRX	5	95149552	95158577	-
GLRX2	1	193065594	193075244	-
GLRX3	10	131934638	131978646	+
GLRX5	14	96001386	96011051	+
GLS	2	191745546	191830270	+
GLS2	12	56864727	56882198	-
GLT1D1	12	129338022	129469511	+
GLT6D1	9	138515493	138531386	-
GLT8D1	3	52728499	52740099	-
GLT8D2	12	104382764	104458215	-
GLTP	12	110288749	110318346	-
GLTPD2	17	4692258	4693884	+
GLUD1	10	88809958	88854600	-
GLUD1P2	10	48952591	48980339	+
GLUD1P3	10	75490319	75491529	+
GLUD2	X	120181463	120183948	+
GLUL	1	182347227	182361341	-
GLYAT	11	58476229	58499447	-
GLYATL1	11	58672870	58724547	+
GLYATL1B	11	58853779	58862259	+
GLYATL2	11	58601539	58612177	-
GLYATL3	6	49467635	49495791	+
GLYCAM1	12	55001970	55004246	-
GLYCTK	3	52321835	52329273	+
GLYCTK-AS1	3	52322595	52323749	-
GLYR1	16	4853203	4897389	-
GM2A	5	150632745	150650000	+
GMCL1	2	70056791	70108516	+
GMCL2	5	177611506	177614372	-
GMDS	6	1624034	2245839	-
GMDS-DT	6	2245986	2413825	+
GMEB1	1	28995295	29045864	+
GMEB2	20	62218957	62258454	-
GMFB	14	54941202	54955698	-
GMFG	19	39818998	39826683	-
GMIP	19	19740284	19754466	-
GML	8	143916216	143928267	+
GMNC	3	190570525	190580483	-
GMNN	6	24775164	24786325	+
GMPPA	2	220363612	220371711	+
GMPPB	3	49757348	49761407	-
GMPR	6	16238817	16295780	+
GMPR2	14	24701827	24708447	+
GMPS	3	155588438	155661809	+
GNA11	19	3094359	3123996	+
GNA12	7	2767740	2883942	-
GNA13	17	63005406	63052858	-
GNA14	9	80037994	80263238	-
GNA14-AS1	9	80062564	80141678	+
GNA15	19	3136030	3163747	+
GNAI1	7	79764146	79855496	+
GNAI2	3	50264499	50296794	+
GNAI3	1	110091236	110142815	+
GNAL	18	11689262	11885683	+
GNAO1	16	56225400	56391356	+
GNAQ	9	80331023	80646727	-
GNAS	20	57414802	57486251	+
GNAS-AS1	20	57393972	57425958	-
GNAT1	3	50229042	50235129	+
GNAT2	1	110145712	110162238	-
GNAT3	7	80087950	80141380	-
GNAZ	22	23412704	23467219	+
GNB1	1	1716723	1822556	-
GNB1L	22	19770745	19842397	-
GNB2	7	100271362	100276792	+
GNB3	12	6950088	6956557	+
GNB4	3	179113875	179169258	-
GNB5	15	52407296	52483589	-
GNE	9	36214438	36276975	-
GNG10	9	114423884	114432506	+
GNG11	7	93551046	93557922	+
GNG12	1	68167157	68299150	-
GNG12-AS1	1	68297970	68668670	+
GNG13	16	848040	850734	-
GNG14	19	12798811	12799236	+
GNG2	14	52327329	52436513	+
GNG3	11	62475147	62476673	+
GNG4	1	235710984	235814054	-
GNG5	1	84964007	84972264	-
GNG7	19	2511216	2702692	-
GNG8	19	47137332	47137939	-
GNGT1	7	93535878	93540577	+
GNGT2	17	47283595	47287936	-
GNL1	6	30509154	30525371	-
GNL2	1	38032412	38061586	-
GNL3	3	52719935	52728510	+
GNL3L	X	54556651	54593722	+
GNLY	2	85921480	85925975	+
GNMT	6	42928491	42931618	+
GNPAT	1	231376957	231413719	+
GNPDA1	5	141380235	141392592	-
GNPDA2	4	44703811	44728651	-
GNPNAT1	14	53241910	53258325	-
GNPTAB	12	102139276	102224737	-
GNPTG	16	1401931	1414114	+
GNRH1	8	25276773	25282556	-
GNRH2	20	3024267	3026393	+
GNRHR	4	68602835	68620106	-
GNRHR2	1	145509751	145516076	-
GNS	12	65107228	65153186	-
GOLGA1	9	127640553	127703362	-
GOLGA2	9	131018107	131038231	-
GOLGA2P10	15	82763612	83182977	-
GOLGA2P11	15	62533919	62549902	-
GOLGA2P2Y	Y	26356113	27606322	-
GOLGA2P3Y	Y	26356113	27606322	-
GOLGA2P5	12	100550174	100567121	-
GOLGA2P6	10	30653255	30660836	-
GOLGA2P7	15	84867599	84898920	-
GOLGA2P9	19	22779058	22786352	+
GOLGA3	12	133345499	133405455	-
GOLGA4	3	37284761	37408370	+
GOLGA5	14	93260649	93306292	+
GOLGA6A	15	74362197	74374891	-
GOLGA6B	15	72947037	72959738	+
GOLGA6C	15	75550898	75565796	+
GOLGA6D	15	75575181	75588148	+
GOLGA6L1	15	22736245	22746002	+
GOLGA6L10	15	82632349	83018198	-
GOLGA6L17P	15	82804002	83195272	+
GOLGA6L2	15	23684184	23692390	-
GOLGA6L22	15	22736267	23579357	+
GOLGA6L3	15	85783581	85790418	+
GOLGA6L4	15	84904524	84914110	+
GOLGA6L5P	15	85049398	85060078	-
GOLGA6L6	15	20737093	20747114	-
GOLGA6L7	15	29087239	29093831	-
GOLGA6L9	15	82722184	83108111	+
GOLGA7	8	41347914	41368499	+
GOLGA7B	10	99609599	99631335	+
GOLGA8A	15	34671269	34730009	-
GOLGA8B	15	34817295	34875852	-
GOLGA8CP	15	20767673	20781026	+
GOLGA8DP	15	22702284	22715728	-
GOLGA8EP	15	23435069	23448423	+
GOLGA8F	15	28623783	28778143	+
GOLGA8G	15	28623789	28778137	-
GOLGA8H	15	30896232	30910029	+
GOLGA8IP	15	23255241	23262743	+
GOLGA8J	15	30375157	30388904	+
GOLGA8K	15	32681785	32695493	-
GOLGA8M	15	28943840	28957567	-
GOLGA8N	15	32885656	32899511	+
GOLGA8O	15	32734114	32747835	-
GOLGA8Q	15	30844280	30854704	+
GOLGA8R	15	30692764	30706463	-
GOLGA8S	15	23599894	23613601	+
GOLGA8T	15	30427253	30437770	+
GOLGB1	3	121382045	121468614	-
GOLIM4	3	167726479	167813712	-
GOLM1	9	88641057	88715116	-
GOLM2	15	44580916	44707956	+
GOLPH3	5	32124821	32174425	-
GOLPH3L	1	150618705	150669630	-
GOLT1A	1	204167290	204183116	-
GOLT1B	12	21654722	21671339	+
GON4L	1	155719448	155829191	-
GON7	14	93669238	93673410	-
GOPC	6	117881431	117923674	-
GORAB	1	170501306	170522975	+
GORAB-AS1	1	170430457	170501750	-
GORASP1	3	39138089	39149854	-
GORASP2	2	171784986	171823640	+
GOSR1	17	28804425	28854610	+
GOSR2	17	45000482	45044366	+
GOT1	10	101156626	101190381	-
GOT1L1	8	37791800	37797642	-
GOT2	16	58741034	58768220	-
GP1BA	17	4835571	4838318	+
GP1BB	22	19711061	19712294	+
GP2	16	20320895	20338835	-
GP5	3	194115549	194119995	-
GP6	19	55525074	55549632	-
GP9	3	128779621	128781249	+
GPA33	1	167022072	167059614	-
GPAA1	8	145137536	145141119	+
GPALPP1	13	45563664	45611804	+
GPAM	10	113909622	113943523	-
GPANK1	6	31629004	31634060	-
GPAT2	2	96687693	96701722	-
GPAT3	4	84457066	84527027	+
GPAT4	8	41435718	41482520	+
GPATCH1	19	33571785	33621448	+
GPATCH11	2	37311660	37326387	+
GPATCH2	1	217600334	217804432	-
GPATCH2L	14	76618227	76680686	+
GPATCH3	1	27216978	27226958	-
GPATCH4	1	156564092	156571279	-
GPATCH8	17	42472644	42580774	-
GPBAR1	2	219124218	219128584	+
GPBP1	5	56469774	56560506	+
GPBP1L1	1	46092975	46152205	-
GPC1	2	241375079	241407493	+
GPC2	7	99767228	99775004	-
GPC3	X	132669775	133119621	-
GPC3-AS1	X	133031469	133031948	+
GPC4	X	132434130	132549517	-
GPC5	13	92050874	93519487	+
GPC5-AS1	13	93353641	93373867	-
GPC5-AS2	13	92992046	93004460	-
GPC6	13	93879059	95060273	+
GPC6-AS1	13	94806446	94840245	-
GPC6-AS2	13	94470676	94510726	-
GPCPD1	20	5525084	5591652	-
GPD1	12	50497790	50505095	+
GPD1L	3	32148111	32210200	+
GPD2	2	157292063	157442915	+
GPER1	7	1126442	1133451	+
GPHA2	11	64701942	64703365	-
GPHB5	14	63779548	63785649	-
GPHN	14	66974864	67648517	+
GPI	19	34855644	34893318	+
GPIHBP1	8	144295092	144299044	+
GPKOW	X	48970344	48980085	-
GPLD1	6	24426061	24489806	-
GPM6A	4	176554087	176923842	-
GPM6B	X	13789040	13956943	-
GPN1	2	27851514	27874378	+
GPN2	1	27202622	27216774	-
GPN3	12	110890290	110906526	-
GPNMB	7	23286393	23314727	+
GPR1	2	207040041	207082771	-
GPR1-AS	2	207068099	207130967	+
GPR101	X	136106087	136116154	-
GPR107	9	132815984	132902448	+
GPR108	19	6729924	6737633	-
GPR119	X	129518318	129519511	-
GPR12	13	27329338	27334923	-
GPR132	14	105515731	105531767	-
GPR135	14	59927476	59932098	-
GPR137	11	64038002	64056972	+
GPR137B	1	236305838	236372207	+
GPR137C	14	53019553	53104431	+
GPR139	16	20039560	20085212	-
GPR141	7	37723368	37783437	+
GPR142	17	72363644	72368739	+
GPR143	X	9693385	9733887	-
GPR146	7	1084181	1098897	+
GPR148	2	131486642	131487909	+
GPR149	3	154052731	154147979	-
GPR15	3	98250821	98253525	+
GPR150	5	94955790	94957846	+
GPR151	5	145892706	145895753	-
GPR152	11	67218771	67220200	-
GPR153	1	6307412	6321158	-
GPR155	2	175296299	175351816	-
GPR156	3	119884324	120004069	-
GPR157	1	9160363	9189161	-
GPR158	10	25463929	25891157	+
GPR158-AS1	10	25447000	25465205	-
GPR160	3	169755782	169803180	+
GPR161	1	168048779	168106905	-
GPR162	12	6930986	6936585	+
GPR17	2	128403438	128410213	+
GPR171	3	150915618	150921003	-
GPR173	X	53077970	53109796	+
GPR174	X	78400184	78430814	+
GPR176	15	40091208	40212467	-
GPR179	17	36480453	36499839	-
GPR18	13	99906966	99910682	-
GPR180	13	95254110	95286915	+
GPR182	12	57388275	57392231	+
GPR183	13	99946793	99959653	-
GPR19	12	12813823	12849117	-
GPR20	8	142366573	142377386	-
GPR21	9	125795945	125797944	+
GPR22	7	107110501	107116129	+
GPR25	1	200842108	200843306	+
GPR26	10	125425870	125456913	+
GPR27	3	71803005	71805647	+
GPR3	1	27719125	27722317	+
GPR31	6	167568734	167571468	-
GPR32	19	51273720	51274989	+
GPR33	14	31952080	31957245	-
GPR34	X	41548225	41556528	+
GPR35	2	241544846	241570676	+
GPR37	7	124383938	124405846	-
GPR37L1	1	202092044	202102720	+
GPR39	2	133174377	133404155	+
GPR4	19	46093022	46105470	-
GPR42	19	35861996	35863355	+
GPR45	2	105858199	105859924	+
GPR50	X	150345055	150349937	+
GPR50-AS1	X	150343669	150346308	-
GPR52	1	174417101	174418683	+
GPR55	2	231772042	231789957	-
GPR6	6	110299458	110301923	+
GPR61	1	110082493	110088470	+
GPR62	3	51989396	51991511	+
GPR63	6	97242000	97285353	-
GPR65	14	88471478	88481155	+
GPR68	14	91698875	91720224	-
GPR75	2	54080048	54087104	-
GPR75-ASB3	2	53897450	54087170	-
GPR78	4	8582118	8591750	+
GPR82	X	41583433	41589383	+
GPR83	11	94110481	94134585	-
GPR84	12	54756228	54758270	-
GPR85	7	112722341	112727779	-
GPR87	3	151011874	151034608	-
GPR88	1	101003694	101007577	+
GPR89A	1	145764408	145827103	-
GPR89B	1	147400486	147465824	+
GPRACR	9	132902888	132906498	-
GPRASP1	X	101906293	101914010	+
GPRASP2	X	101967103	101972661	+
GPRC5A	12	13044495	13070871	+
GPRC5B	16	19868012	19896956	-
GPRC5C	17	72428226	72447797	+
GPRC5D	12	13093708	13103318	-
GPRC5D-AS1	12	13080659	13175432	+
GPRC6A	6	117113247	117150246	-
GPRIN1	5	176022802	176037157	-
GPRIN2	10	46992020	47007881	+
GPRIN3	4	90157533	90228951	-
GPS1	17	80009773	80015940	+
GPS2	17	7215979	7218679	-
GPSM1	9	139221994	139254057	+
GPSM2	1	109419606	109477166	+
GPSM3	6	32158542	32163300	-
GPT	8	145728450	145732555	+
GPT2	16	46918273	46965201	+
GPX1	3	49394603	49396033	-
GPX2	14	65405875	65409463	-
GPX3	5	150400151	150408549	+
GPX4	19	1103992	1106778	+
GPX5	6	28493657	28502732	+
GPX6	6	28471072	28483570	-
GPX7	1	53068042	53074723	+
GPX8	5	54455998	54463124	+
GRAMD1A	19	35485630	35517373	+
GRAMD1B	11	123229129	123498497	+
GRAMD1C	3	113557634	113666021	+
GRAMD2A	15	72452146	72490128	-
GRAMD2B	5	125695811	125830048	+
GRAMD4	22	46972984	47078653	+
GRAP	17	18923968	18950270	-
GRAP2	22	40297087	40369725	+
GRAPL	17	19030901	19062500	+
GRASLND	2	7052406	7058813	-
GRB10	7	50657764	50861150	-
GRB14	2	165348926	165477992	-
GRB2	17	73314156	73401790	-
GRB7	17	37894190	37903538	+
GREB1	2	11674170	11782914	+
GREB1L	18	18822202	19106073	+
GREM1	15	33010204	33037307	+
GREM2	1	240652872	240775455	-
GRHL1	2	10091821	10142405	+
GRHL2	8	102504666	102681952	+
GRHL3	1	24645846	24690970	+
GRHPR	9	37422692	37436987	+
GRIA1	5	152870083	153193433	+
GRIA2	4	158141271	158287226	+
GRIA3	X	122318095	122624766	+
GRIA4	11	105480799	105852819	+
GRID1	10	87359309	88126552	-
GRID1-AS1	10	87337487	87366972	+
GRID2	4	93225116	94695717	+
GRID2IP	7	6536408	6591067	-
GRIFIN	7	2514771	2516017	-
GRIK1	21	30909253	31312370	-
GRIK1-AS1	21	31120493	31136325	+
GRIK1-AS2	21	30968359	31003067	+
GRIK2	6	101841583	102517958	+
GRIK3	1	37261127	37500116	-
GRIK4	11	120382456	120859615	+
GRIK5	19	42502467	42569967	-
GRIN1	9	140033605	140063208	+
GRIN2A	16	9847261	10276765	-
GRIN2B	12	13690270	14134536	-
GRIN2C	17	72838161	72856966	-
GRIN2D	19	48896924	48948188	+
GRIN3A	9	104331633	104500929	-
GRIN3B	19	1000417	1009731	+
GRINA	8	145064223	145067583	+
GRIP1	12	66741210	67463118	-
GRIP2	3	14530615	14581849	-
GRIPAP1	X	48830133	48858675	-
GRK1	13	114321533	114440709	+
GRK2	11	67033943	67054027	+
GRK3	22	25960641	26125261	+
GRK4	4	2965297	3042487	+
GRK5	10	120967082	121219257	+
GRK6	5	176853676	176869892	+
GRK6P1	13	21893174	21896242	+
GRK7	3	141482249	141538194	+
GRM1	6	146348842	146758736	+
GRM2	3	51741083	51752625	+
GRM3	7	86273224	86494192	+
GRM4	6	33986419	34123399	-
GRM5	11	88237810	88799150	-
GRM5-AS1	11	88237743	88257222	+
GRM6	5	178405329	178422321	-
GRM7	3	6902801	7783220	+
GRM7-AS1	3	7561427	7576971	-
GRM7-AS2	3	6934323	6935704	-
GRM7-AS3	3	6674044	6847136	-
GRM8	7	126078651	126892995	-
GRM8-AS1	7	126855180	126869975	+
GRN	17	42422669	42430474	+
GRP	18	56887389	56898002	+
GRPEL1	4	7060621	7069791	-
GRPEL2	5	148725061	148734146	+
GRPEL2-AS1	5	148727678	148737205	-
GRPR	X	16141687	16171641	+
GRSF1	4	71681499	71705607	-
GRTP1	13	113978477	114018463	-
GRTP1-AS1	13	114005987	114016182	+
GRWD1	19	48949239	48960279	+
GRXCR1	4	42894729	43032675	+
GRXCR2	5	145239295	145252531	-
GS1-124K5.11	7	65995291	66057394	-
GS1-124K5.4	7	65958618	65960461	+
GS1-24F4.2	8	6693075	6699975	+
GS1-279B7.1	1	185292978	185304171	-
GS1-594A7.3	X	15621003	15639607	+
GS1-600G8.3	X	13328770	13338052	+
GSAP	7	76940067	77045666	-
GSC	14	95234559	95236450	-
GSC-DT	14	95236978	95239944	+
GSC2	22	19134505	19137805	-
GSDMA	17	38119256	38134021	+
GSDMB	17	38060847	38074903	-
GSDMC	8	130760441	130798870	-
GSDMD	8	144635556	144645231	+
GSDME	7	24737973	24797558	-
GSE1	16	85645014	85709806	+
GSEC	11	126211610	126225482	-
GSG1	12	13236465	13256601	-
GSG1L	16	27798848	28075035	-
GSG1L2	17	9705702	9725388	-
GSK3A	19	42734342	42746754	-
GSK3B	3	119540167	119813294	-
GSKIP	14	96829788	96853627	+
GSN	9	123963760	124095120	+
GSN-AS1	9	124043045	124047808	-
GSPT1	16	11961984	12010511	-
GSPT2	X	51486537	51489326	+
GSR	8	30535579	30585516	-
GSS	20	33516234	33543830	-
GSTA1	6	52656170	52668614	-
GSTA2	6	52614884	52628273	-
GSTA3	6	52761443	52774496	-
GSTA4	6	52842750	52860082	-
GSTA5	6	52696540	52710893	-
GSTA7P	6	52604260	52609957	-
GSTCD	4	106629940	106768882	+
GSTCD-AS1	4	106736301	106748329	-
GSTK1	7	142960521	142966222	+
GSTM1	1	110230438	110236367	+
GSTM2	1	110210643	110226619	+
GSTM2P1	6	111367621	111368757	-
GSTM3	1	110276553	110283660	-
GSTM4	1	110198697	110208119	+
GSTM5	1	110254872	110260890	+
GSTO1	10	106013951	106027222	+
GSTO2	10	106028630	106064708	+
GSTP1	11	67351282	67354124	+
GSTT1	22	24376132	24384311	-
GSTT1-AS1	22	24375962	24376214	+
GSTT2	22	24299600	24326106	+
GSTT2B	22	24299600	24326106	-
GSTT4	22	24340594	24401899	-
GSTTP2	22	24385937	24401899	-
GSTZ1	14	77787378	77797940	+
GSX1	13	28366619	28368905	+
GSX2	4	54966329	54968665	+
GTDC1	2	144695636	145090636	-
GTF2A1	14	81641795	81687734	-
GTF2A1L	2	48844918	48906751	+
GTF2A2	15	59930260	59949714	-
GTF2B	1	89318315	89357250	-
GTF2E1	3	120461590	120501916	+
GTF2E2	8	30435834	30515753	-
GTF2F1	19	6379583	6393175	-
GTF2F2	13	45694644	45859027	+
GTF2H1	11	18343815	18388592	+
GTF2H2	5	69711131	70363566	+
GTF2H2B	5	68856049	69746189	+
GTF2H2C	5	68856017	68891048	+
GTF2H2C_2	5	68856031	68888355	+
GTF2H3	12	124118285	124147151	+
GTF2H4	6	30875983	30881883	+
GTF2H5	6	158589381	158620376	+
GTF2I	7	74071990	74175022	+
GTF2IP1	7	72569016	74867641	+
GTF2IP12	4	120370724	120375783	-
GTF2IP20	1	224138967	224180346	-
GTF2IP23	7	66312436	66349260	+
GTF2IP4	7	72569011	74653459	+
GTF2IP7	7	75721380	75738080	-
GTF2IRD1	7	73868235	74016920	+
GTF2IRD1P1	7	66274979	66309813	-
GTF2IRD2	7	74210482	74565623	-
GTF2IRD2B	7	74508346	74565623	+
GTF3A	13	27998755	28009960	+
GTF3C1	16	27471933	27561234	-
GTF3C2	2	27548715	27579901	-
GTF3C2-AS1	2	27558408	27560670	+
GTF3C3	2	197627758	197664407	-
GTF3C4	9	135545421	135570342	+
GTF3C5	9	135906061	135933890	+
GTF3C6	6	111279908	111289075	+
GTPBP1	22	39101948	39129592	+
GTPBP10	7	89976029	90020767	+
GTPBP2	6	43588217	43597001	-
GTPBP3	19	17445790	17453540	+
GTPBP4	10	1034373	1065870	+
GTPBP8	3	112709799	112720816	+
GTSCR1	18	68297754	68318190	-
GTSE1	22	46692766	46726707	+
GTSE1-DT	22	46691039	46692557	-
GTSF1	12	54849740	54867386	-
GTSF1L	20	42354804	42355642	-
GUCA1A	6	42123143	42147794	+
GUCA1ANB	6	42123143	42131156	+
GUCA1B	6	42151021	42162694	-
GUCA1C	3	108626639	108672726	-
GUCA2A	1	42628360	42630416	-
GUCA2B	1	42619080	42621491	+
GUCD1	22	24936390	24951903	-
GUCY1A1	4	156587999	156658209	+
GUCY1A2	11	106544744	106889202	-
GUCY1B1	4	156680172	156728962	+
GUCY1B2	13	51568646	51640293	-
GUCY2C	12	14765565	14849533	-
GUCY2D	17	7905932	7923660	+
GUCY2EP	11	76391209	76432833	-
GUCY2F	X	108616134	108725315	-
GUCY2GP	10	114067935	114116353	-
GUF1	4	44680411	44702945	+
GUK1	1	228327784	228336685	+
GULP1	2	189156600	189460652	+
GUSB	7	65425671	65447200	-
GUSBP1	5	21459588	21589481	+
GUSBP10	7	57233376	57247863	-
GUSBP11	22	23980674	24059610	-
GUSBP14	5	69423288	69586004	-
GUSBP15	5	69776869	69881549	-
GUSBP16	5	69140495	70168616	+
GUSBP17	5	69812078	70555122	-
GUSBP2	6	26839265	26924333	-
GUSBP3	5	68935289	69881629	-
GUSBP4	6	58234830	58263207	-
GUSBP5	4	144480624	144482613	+
GVINP1	11	6734375	6743110	-
GVQW3	11	76092366	76125665	+
GXYLT1	12	42475647	42538676	-
GXYLT1P3	9	42493516	43008397	+
GXYLT2	3	72937196	73026066	+
GYG1	3	148709194	148749562	+
GYG2	X	2746862	2800861	+
GYG2P1	Y	14517914	14533389	-
GYPA	4	145030455	145061871	-
GYPB	4	144917256	144940533	-
GYPC	2	127413510	127454251	+
GYPE	4	144792016	144826712	-
GYS1	19	49471386	49496566	-
GYS2	12	21689040	21757781	-
GZF1	20	23342818	23353698	+
GZMA	5	54398473	54406080	+
GZMB	14	25100160	25103396	-
GZMH	14	25075685	25078891	-
GZMK	5	54320083	54330397	+
GZMM	19	544052	549922	+
H1-0	22	38201235	38203438	+
H1-1	6	26017259	26018015	-
H1-10	3	129033613	129035129	-
H1-10-AS1	3	129035113	129043412	+
H1-2	6	26055967	26056698	-
H1-3	6	26234439	26235215	-
H1-4	6	26156556	26157343	+
H1-5	6	27834569	27835366	-
H1-6	6	26107639	26108363	-
H1-7	12	48722762	48724062	+
H1-8	3	129262017	129270310	+
H1-9P	17	48248788	48249837	-
H19	11	2016405	2022696	-
H2AB1	X	154113246	154689666	+
H2AB2	X	154113246	154689666	+
H2AB3	X	154113246	154689666	+
H2AC1	6	25726290	25726790	-
H2AC11	6	27100821	27101314	+
H2AC12	6	27114884	27115341	+
H2AC13	6	27775950	27776445	+
H2AC14	6	27782079	27782555	-
H2AC15	6	27805657	27806153	-
H2AC16	6	27833094	27833576	+
H2AC17	6	27860476	27860963	-
H2AC18	1	149813784	149823161	-
H2AC19	1	149813784	149823161	-
H2AC20	1	149858467	149858961	+
H2AC21	1	149859018	149859515	-
H2AC2P	6	25732608	25737932	+
H2AC4	6	26033319	26033846	-
H2AC6	6	26124399	26124918	+
H2AC7	6	26199011	26199521	-
H2AC8	6	26217148	26217711	+
H2AJ	12	14927269	14930936	+
H2AP	X	37850031	37850567	+
H2AW	1	228645064	228645574	-
H2AX	11	118964584	118966175	-
H2AZ1	4	100869245	100871432	-
H2AZ1-DT	4	100871650	100958862	+
H2AZ2	7	44866487	44887725	-
H2BC1	6	25727004	25727573	+
H2BC10	6	26273158	26273640	+
H2BC11	6	27100094	27100574	-
H2BC12	6	27106071	27114637	-
H2BC13	6	27775256	27775707	-
H2BC14	6	27782799	27783267	+
H2BC15	6	27806346	27806888	+
H2BC17	6	27861202	27861669	+
H2BC18	1	149754244	149783928	-
H2BC20P	1	149821758	149822340	-
H2BC21	1	149856009	149858232	-
H2BC3	6	26043454	26043941	-
H2BC4	6	26113397	26124154	-
H2BC5	6	26158348	26171576	+
H2BC6	6	26183988	26184458	+
H2BC7	6	26199743	26200216	+
H2BC8	6	26216428	26216916	-
H2BC9	6	26251841	26252303	+
H2BE1	7	150904922	150907574	-
H2BP1	1	120905992	120916108	+
H2BP2	1	149341468	149399226	-
H2BS1	21	44985062	44985529	+
H2BU1	1	228645803	228646259	+
H2BW1	X	103265718	103268259	-
H2BW2	X	103294515	103297021	+
H2BW3P	X	103230501	103317502	-
H2BW4P	X	103230501	103317502	-
H3-2	1	149396961	149400553	-
H3-3A	1	226249531	226259720	+
H3-3B	17	73772514	73775860	-
H3-4	1	228612545	228613061	-
H3-5	12	31944118	31945232	-
H3C1	6	26020678	26021186	+
H3C10	6	27777828	27778314	+
H3C11	6	27839622	27840124	-
H3C12	6	27858092	27858604	-
H3C13	1	149784779	149785248	-
H3C14	1	149812258	149824687	-
H3C15	1	149812258	149824687	-
H3C2	6	26031816	26032327	-
H3C3	6	26045611	26046097	+
H3C4	6	26197011	26199521	-
H3C6	6	26224405	26227701	+
H3C7	6	26250369	26250863	-
H3C8	6	26271145	26271641	-
H3P4	1	120904658	149785251	+
H3Y1	5	17654976	17655958	-
H3Y2	5	17491075	17492185	-
H4-16	12	14923653	14924065	-
H4C1	6	26021876	26022278	+
H4C11	6	27791869	27792258	+
H4C12	6	27798951	27799338	-
H4C13	6	27840925	27841312	-
H4C14	1	149804220	149832725	+
H4C15	1	149804220	149832725	+
H4C2	6	26027123	26027511	-
H4C3	6	26104160	26104565	+
H4C4	6	26188937	26189340	-
H4C5	6	26204837	26205249	+
H4C6	6	26240620	26241021	+
H4C7	6	26246838	26247224	-
H4C8	6	26285353	26285762	-
H4C9	6	27107060	27107457	+
H6PD	1	9294832	9331394	+
HAAO	2	42994228	43019723	-
HABP2	10	115310589	115349360	+
HABP4	9	99212450	99253618	+
HACD1	10	17631030	17659373	-
HACD2	3	123210394	123303900	-
HACD3	15	65822800	65870685	+
HACD4	9	20999507	21031639	-
HACE1	6	105175968	105307794	-
HACL1	3	15602205	15643076	-
HADH	4	108911044	108956331	+
HADHA	2	26413503	26467500	-
HADHB	2	26467615	26513333	+
HAGH	16	1857630	1877195	-
HAGHL	16	777105	779715	+
HAGLR	2	177037916	177053686	-
HAGLROS	2	177042893	177043737	+
HAL	12	96366439	96390143	-
HAMP	19	35773430	35776045	+
HAND1	5	153854531	153857787	-
HAND2	4	174447241	174451380	-
HAND2-AS1	4	174449750	174512406	+
HAO1	20	7863631	7921105	-
HAO2	1	119911407	119936753	+
HAO2-IT1	1	119911568	119912953	+
HAP1	17	39873990	39890898	-
HAPLN1	5	82933623	83016674	-
HAPLN2	1	156589206	156595517	+
HAPLN3	15	89420524	89438775	-
HAPLN4	19	19365564	19373613	-
HAR1A	20	61732643	61735738	+
HAR1B	20	61726844	61733671	-
HARBI1	11	46624410	46638777	-
HARS1	5	140053488	140071312	-
HARS2	5	140071039	140078890	+
HAS1	19	52216364	52227244	-
HAS2	8	122624355	122653680	-
HAS2-AS1	8	122651585	122657564	+
HAS3	16	69139555	69152619	+
HASPIN	17	3627196	3629992	+
HAT1	2	172778934	172848600	+
HAUS1	18	43684350	43708299	+
HAUS2	15	42841010	42862190	+
HAUS3	4	2230093	2243848	-
HAUS4	14	23415436	23426351	-
HAUS5	19	36103636	36116253	+
HAUS6	9	19053138	19102902	-
HAUS7	X	152713122	152760923	-
HAUS8	19	17160538	17186343	-
HAVCR1	5	156456423	156486127	-
HAVCR1P1	19	24344994	24346249	-
HAVCR2	5	156512842	156536055	-
HAX1	1	154245104	154248351	+
HBA1	16	226678	227521	+
HBA2	16	222874	223709	+
HBB	11	5246693	5248301	-
HBBP1	11	5263184	5264822	-
HBD	11	5254067	5255713	-
HBE1	11	5289575	5291175	-
HBEGF	5	139712427	139726188	-
HBG1	11	5269498	5271087	-
HBG2	11	5274417	5276011	-
HBM	16	215976	216763	+
HBP1	7	106809405	106842974	+
HBQ1	16	230457	231178	+
HBS1L	6	135281516	135375960	-
HBZ	16	202642	204502	+
HCAR1	12	123210623	123215391	-
HCAR2	12	123185839	123187904	-
HCAR3	12	123199302	123201358	-
HCCAT5	16	73126247	73127672	+
HCCS	X	11129451	11141204	+
HCFC1	X	153213007	153237269	-
HCFC1-AS1	X	153234215	153235542	+
HCFC1R1	16	3072620	3074287	-
HCFC2	12	104458308	104500302	+
HCG11	6	26521933	26527612	+
HCG14	6	28864306	28865097	+
HCG15	6	28952525	28956344	+
HCG17	6	30201815	30293911	-
HCG18	6	30255173	30294933	-
HCG20	6	30734601	30760027	+
HCG21	6	30913755	30922639	-
HCG22	6	31021226	31027655	+
HCG23	6	32358286	32361468	+
HCG24	6	33111100	33116592	+
HCG25	6	33217312	33222667	+
HCG26	6	31439005	31440185	+
HCG27	6	31165536	31171745	+
HCG4	6	29758807	29760850	-
HCG4B	6	29892368	29894992	-
HCG9	6	29942891	29946177	+
HCK	20	30640044	30689645	+
HCLS1	3	121350245	121379750	-
HCN1	5	45255049	45696482	-
HCN2	19	589880	617159	+
HCN3	1	155247253	155259639	+
HCN4	15	73612199	73661299	-
HCP5	6	31430956	31433586	+
HCP5B	6	29839671	29841560	-
HCRT	17	40336077	40337470	-
HCRTR1	1	32083289	32093214	+
HCRTR2	6	54971266	55147413	+
HCST	19	36393430	36395279	+
HDAC1	1	32757683	32799227	+
HDAC10	22	50683612	50689694	-
HDAC11	3	13521805	13547916	+
HDAC11-AS1	3	13518487	13521553	-
HDAC2	6	114254191	114292312	-
HDAC2-AS2	6	114290864	114661893	+
HDAC3	5	141000442	141016423	-
HDAC4	2	239969863	240323343	-
HDAC4-AS1	2	240323129	240324058	+
HDAC5	17	42154120	42201009	-
HDAC6	X	48659804	48683392	+
HDAC7	12	48176506	48213686	-
HDAC8	X	71549365	71792953	-
HDAC9	7	18126447	19042037	+
HDC	15	50534145	50557923	-
HDDC2	6	125596495	125623113	-
HDDC3	15	91473197	91475799	-
HDGF	1	156711898	156722240	-
HDGFL1	6	22569794	22571894	+
HDGFL2	19	4472293	4502232	+
HDGFL3	15	83796504	83876575	-
HDHD2	18	44633780	44676871	-
HDHD3	9	116135695	116139266	-
HDHD5	22	17618409	17646177	-
HDHD5-AS1	22	17640278	17646335	+
HDLBP	2	242166678	242255257	-
HDX	X	83572885	83757461	-
HEAT2	10	112874048	112878354	+
HEATR1	1	236712304	236767816	-
HEATR3	16	50099880	50141183	+
HEATR4	14	73945188	74025651	-
HEATR5A	14	31760993	31889756	-
HEATR5B	2	37208037	37311515	-
HEATR6	17	58118368	58156282	-
HEATR9	17	34181958	34195895	-
HEBP1	12	13127803	13153199	-
HEBP2	6	138724667	138743334	+
HECA	6	139456216	139501939	+
HECTD1	14	31569322	31676999	-
HECTD2	10	93168991	93274585	+
HECTD2-AS1	10	93066718	93371217	-
HECTD3	1	45468219	45476996	-
HECTD4	12	112597998	112820235	-
HECW1	7	43152245	43605600	+
HECW1-IT1	7	43157494	43202786	+
HECW2	2	197058795	197458278	-
HECW2-AS1	2	197124747	197128928	+
HEG1	3	124684553	124774841	-
HEIH	5	180256953	180258618	-
HELB	12	66696272	66737423	+
HELLS	10	96305523	96361856	+
HELQ	4	84328495	84377036	-
HELT	4	185939994	185941958	+
HELZ	17	65066559	65241312	-
HELZ2	20	62189438	62205592	-
HEMGN	9	100689072	100707134	-
HEMK1	3	50606582	50633597	+
HENMT1	1	109190909	109204148	-
HEPACAM	11	124789100	124805943	-
HEPACAM2	7	92817846	92861511	-
HEPH	X	65382512	65488705	+
HEPHL1	11	93754519	93847374	+
HEPN1	11	124789145	124790573	+
HERC1	15	63900816	64126147	-
HERC2	15	28356185	28567325	-
HERC2P10	15	31110238	31119986	+
HERC2P11	15	28818925	28834386	-
HERC2P2	15	23282264	23378259	-
HERC2P3	15	20613649	20711433	-
HERC2P4	16	32181363	32199434	-
HERC2P7	15	23390721	23393943	+
HERC2P9	15	28899587	28930411	+
HERC3	4	89444993	89629688	+
HERC4	10	69681662	69835040	-
HERC5	4	89378269	89427314	+
HERC6	4	89300003	89364249	+
HERPUD1	16	56966053	56978776	+
HERPUD2	7	35672269	35734745	-
HES1	3	193853936	193856521	+
HES2	1	6475293	6479979	-
HES3	1	6304238	6305638	+
HES4	1	934343	935477	-
HES5	1	2460183	2461702	-
HES6	2	239146907	239148679	-
HES7	17	8023910	8027424	-
HESX1	3	57231865	57261643	-
HEXA	15	72633264	72668355	-
HEXA-AS1	15	72668453	72671129	+
HEXB	5	73935847	74017113	+
HEXD	17	80376222	80400521	+
HEXIM1	17	43225841	43229465	+
HEXIM2	17	43237540	43247407	+
HEY1	8	80676244	80680098	-
HEY2	6	126070777	126082415	+
HEYL	1	40089106	40105315	-
HFE	6	26087656	26098570	+
HFM1	1	91726322	91870394	-
HGC6.3	6	168376603	168377619	-
HGD	3	120347018	120401086	-
HGF	7	81328327	81399363	-
HGFAC	4	3443694	3451213	+
HGH1	8	145192676	145440962	+
HGS	17	79651040	79669151	+
HGSNAT	8	42995606	43057997	+
HHAT	1	210501595	210849638	+
HHATL	3	42734154	42744290	-
HHATL-AS1	3	42744032	42748257	+
HHEX	10	94449711	94455404	+
HHIP	4	145567307	145666423	+
HHIP-AS1	4	145564067	145567171	-
HHIPL1	14	100070874	100146906	+
HHIPL2	1	222695606	222721446	-
HHLA1	8	133073732	133117512	-
HHLA2	3	108015336	108097131	+
HHLA3	1	70820493	70833705	+
HIBADH	7	27565060	27702502	-
HIBCH	2	191068645	191184552	-
HIC1	17	1958396	1966535	+
HIC2	22	21771659	21805750	+
HID1	17	72946836	72968854	-
HID1-AS1	17	72966783	72971823	+
HIF1A	14	62162230	62214977	+
HIF1A-AS1	14	62147758	62162541	-
HIF1A-AS2	14	62213756	62215807	-
HIF1A-AS3	14	62182275	62217815	-
HIF1AN	10	102295699	102319752	+
HIF3A	19	46800298	46846690	+
HIGD1A	3	42824399	42846027	-
HIGD1B	17	42923696	42927842	+
HIGD1C	12	51346326	51364483	+
HIGD2A	5	175815751	175816762	+
HIGD2B	15	72968138	72978523	-
HIKESHI	11	86013281	86056985	+
HILPDA	7	128095883	128098472	+
HINFP	11	118992232	119006766	+
HINT1	5	130494719	130501041	-
HINT2	9	35812956	35815039	-
HINT3	6	126277915	126301389	+
HIP1	7	75162618	75368259	-
HIP1R	12	123319294	123347508	+
HIPK1	1	114471945	114520491	+
HIPK1-AS1	1	114466622	114472147	-
HIPK2	7	139246315	139477797	-
HIPK3	11	33278217	33378568	+
HIPK4	19	40885177	40896088	-
HIRA	22	19318220	19419256	-
HIRIP3	16	30003641	30007417	-
HIVEP1	6	12012544	12165232	+
HIVEP2	6	143072605	143266313	-
HIVEP3	1	41972035	42501605	-
HJURP	2	234745346	234763212	-
HJV	1	145413277	145417543	+
HK1	10	71029755	71161637	+
HK2	2	75061253	75120485	+
HK3	5	176307869	176326347	-
HKDC1	10	70980087	71027307	+
HLA-A	6	29910246	29913661	+
HLA-B	6	31321651	31324956	-
HLA-C	6	31236525	31239913	-
HLA-DMA	6	32916394	32920874	-
HLA-DMB	6	32902413	32908805	-
HLA-DOA	6	32971959	32977368	-
HLA-DOB	6	32780539	32784779	-
HLA-DPA1	6	33032345	33048525	-
HLA-DPB1	6	33043766	33057473	+
HLA-DPB2	6	33080292	33096890	+
HLA-DQA1	6	32605182	32611459	+
HLA-DQA2	6	32709167	32714962	+
HLA-DQB1	6	32627244	32634434	-
HLA-DQB1-AS1	6	32627656	32628506	+
HLA-DQB2	6	32723874	32731309	-
HLA-DRA	6	32407663	32412823	+
HLA-DRB1	6	32546545	32557613	-
HLA-DRB5	6	32485129	32498064	-
HLA-DRB6	6	32520489	32527779	-
HLA-E	6	30457285	30461971	+
HLA-F	6	29691116	29695073	+
HLA-F-AS1	6	29694377	29716826	-
HLA-G	6	29794250	29798797	+
HLA-H	6	29855349	29858856	+
HLA-J	6	29973747	29977733	+
HLA-L	6	30227338	30234728	+
HLA-V	6	29759682	29765584	+
HLCS	21	38120925	38362511	-
HLF	17	53342320	53402548	+
HLTF	3	148747849	148804341	-
HLTF-AS1	3	148804118	148820610	+
HLX	1	221052784	221058400	+
HLX-AS1	1	221006104	221053482	-
HM13	20	30102212	30157370	+
HM13-AS1	20	30155389	30161066	-
HMBOX1	8	28747911	28910787	+
HMBS	11	118955586	118964259	+
HMCES	3	128997674	129025028	+
HMCN1	1	185703522	186160081	+
HMCN2	9	133028038	133309510	+
HMG20A	15	77712992	77777946	+
HMG20B	19	3572941	3579081	+
HMGA1	6	34204649	34214008	+
HMGA1P7	6	134435106	134438818	-
HMGA2	12	66218239	66360071	+
HMGA2-AS1	12	66245006	66276105	-
HMGB1	13	31030840	31191734	-
HMGB2	4	174252526	174255509	-
HMGB3	X	150148979	150159248	+
HMGB3P1	20	33421377	33422265	-
HMGB4	1	34326075	34330392	+
HMGCL	1	24128366	24151949	-
HMGCLL1	6	55299170	55444012	-
HMGCR	5	74632992	74657941	+
HMGCS1	5	43287571	43313514	-
HMGCS2	1	120290618	120311555	-
HMGN1	21	40714240	40721014	-
HMGN2	1	26798930	26803133	+
HMGN2P46	15	45803333	45848928	+
HMGN3	6	79910961	79944399	-
HMGN3-AS1	6	79943390	79946517	+
HMGN4	6	26538593	26547161	+
HMGN5	X	80369197	80457412	-
HMGXB3	5	149380301	149432691	+
HMGXB4	22	35653485	35691800	+
HMHB1	5	143191725	143200281	+
HMMR	5	162887637	162918947	+
HMMR-AS1	5	162909609	162921064	-
HMOX1	22	35777088	35790200	+
HMOX2	16	4524703	4560348	+
HMSD	18	61616534	61629069	+
HMX1	4	8847801	8873565	-
HMX2	10	124907637	124910188	+
HMX3	10	124895485	124898939	+
HNF1A	12	121416345	121440314	+
HNF1A-AS1	12	121407640	121410095	-
HNF1B	17	36046433	36105050	-
HNF4A	20	42984338	43063235	+
HNF4A-AS1	20	43006382	43024346	-
HNF4G	8	76319883	76479061	+
HNMT	2	138722042	138773934	+
HNRNPA0	5	137081339	137090052	-
HNRNPA1	12	54674509	54680871	+
HNRNPA1L2	13	53191659	53217921	+
HNRNPA1P10	19	11776550	11777904	-
HNRNPA1P33	10	47133294	47133836	-
HNRNPA2B1	7	26229546	26240366	-
HNRNPA3	2	178077421	178088687	+
HNRNPA3P1	10	44282859	44285865	-
HNRNPAB	5	177631533	177638164	+
HNRNPC	14	21677295	21737638	-
HNRNPCL1	1	12907229	12908573	-
HNRNPCL2	1	13182959	13184326	-
HNRNPCL3	1	13182324	13184426	-
HNRNPCL4	1	13182324	13184036	-
HNRNPD	4	83273650	83295149	-
HNRNPDL	4	83343716	83351378	-
HNRNPF	10	43881064	43904696	-
HNRNPH1	5	179041178	179061785	-
HNRNPH2	X	100663120	100669128	+
HNRNPH3	10	70091449	70102953	+
HNRNPK	9	86582997	86595697	-
HNRNPKP3	11	43283053	43290919	-
HNRNPL	19	39327009	39342987	-
HNRNPLL	2	38789110	38830178	-
HNRNPM	19	8509858	8553996	+
HNRNPR	1	23631180	23670777	-
HNRNPU	1	245013598	245027845	-
HNRNPUL1	19	41768461	41813692	+
HNRNPUL2	11	62480101	62494929	-
HNRNPUL2-BSCL2	11	62457733	62494856	-
HOATZ	11	111385509	111407756	+
HOGA1	10	99344101	99372555	+
HOMER1	5	78668458	78809957	-
HOMER2	15	83517735	83621472	-
HOMER3	19	19040009	19052026	-
HOMER3-AS1	19	19051062	19057640	+
HOMEZ	14	23741630	23755341	-
HOOK1	1	60280620	60341994	+
HOOK2	19	12873816	12886366	-
HOOK3	8	42752120	42885675	+
HOPX	4	57514153	57547872	-
HORMAD1	1	150670535	150693371	-
HORMAD2	22	30476452	30573064	+
HORMAD2-AS1	22	30404735	30476246	-
HOTAIR	12	54356091	54368740	-
HOTAIRM1	7	27135712	27139877	+
HOTTIP	7	27240039	27246878	+
HOXA-AS2	7	27161537	27168379	+
HOXA-AS3	7	27179982	27195547	+
HOXA1	7	27132613	27135619	-
HOXA10	7	27210223	27219480	-
HOXA10-AS	7	27208517	27211534	+
HOXA10-HOXA9	7	27202056	27219880	-
HOXA11	7	27220775	27224851	-
HOXA11-AS	7	27225026	27228912	+
HOXA13	7	27233989	27239710	-
HOXA2	7	27139972	27142302	-
HOXA3	7	27146628	27192202	-
HOXA4	7	27168143	27170376	-
HOXA5	7	27180670	27183300	-
HOXA6	7	27185014	27187393	-
HOXA7	7	27193337	27196294	-
HOXA9	7	27202056	27205156	-
HOXB-AS1	17	46621712	46628603	+
HOXB-AS3	17	46667781	46683774	+
HOXB1	17	46605887	46608373	-
HOXB13	17	46802126	46806112	-
HOXB2	17	46620016	46622393	-
HOXB3	17	46626231	46667603	-
HOXB4	17	46652868	46655712	-
HOXB5	17	46668618	46671103	-
HOXB6	17	46673112	46682348	-
HOXB7	17	46684594	46688379	-
HOXB8	17	46689707	46692654	-
HOXB9	17	46698518	46703720	-
HOXC-AS1	12	54392805	54393794	-
HOXC-AS2	12	54388991	54390569	-
HOXC-AS3	12	54377734	54379303	-
HOXC10	12	54378929	54384062	+
HOXC11	12	54366909	54371427	+
HOXC12	12	54348686	54352740	+
HOXC13	12	54332614	54340328	+
HOXC13-AS	12	54329111	54333427	-
HOXC4	12	54410671	54449814	+
HOXC5	12	54410671	54429144	+
HOXC6	12	54410671	54424607	+
HOXC8	12	54402768	54406553	+
HOXC9	12	54393944	54397120	+
HOXD-AS2	2	176999568	177001826	-
HOXD1	2	177053395	177055635	+
HOXD10	2	176981505	176984665	+
HOXD11	2	176972007	176974482	+
HOXD12	2	176964522	176967217	+
HOXD13	2	176957448	176960672	+
HOXD3	2	177022034	177037826	+
HOXD4	2	177016277	177017954	+
HOXD8	2	176994432	176997423	+
HOXD9	2	176987446	176989664	+
HP	16	72088403	72094955	+
HP09053	3	99535475	99542709	-
HP1BP3	1	21066758	21113800	-
HPAT5	6	167641787	167651000	+
HPCA	1	33352091	33360247	+
HPCAL1	2	10443029	10567743	+
HPCAL4	1	40144319	40157157	-
HPD	12	122277432	122326517	-
HPDL	1	45792566	45794351	+
HPF1	4	170650620	170679095	-
HPGD	4	175411325	175444049	-
HPGDS	4	95219685	95263987	-
HPN	19	35531409	35557478	+
HPN-AS1	19	35549962	35597208	-
HPR	16	72097124	72111145	+
HPRT1	X	133594194	133634698	+
HPS1	10	100175954	100206720	-
HPS3	3	148847424	148891519	+
HPS4	22	26839074	26879829	-
HPS5	11	18300216	18343721	-
HPS6	10	103825105	103827793	+
HPSE	4	84213613	84256306	-
HPSE2	10	100216833	100995632	-
HPX	11	6452278	6462217	-
HPYR1	8	133572744	133573726	-
HR	8	21971931	21988565	-
HRAS	11	532241	535576	-
HRAT17	7	112594689	112635698	-
HRAT5	5	269670	271639	-
HRAT92	7	560027	564869	+
HRC	19	49654455	49658653	-
HRCT1	9	35906198	35907133	+
HRG	3	186383802	186396023	+
HRH1	3	11178923	11305243	+
HRH2	5	175085073	175137759	+
HRH3	20	60790015	60795334	-
HRH4	18	22040600	22059938	+
HRK	12	117293948	117319246	-
HRNR	1	152184551	152196669	-
HROB	17	42219297	42239844	+
HS1BP3	2	20817577	20850858	-
HS1BP3-IT1	2	20790534	20792308	-
HS2ST1	1	87380317	87575665	+
HS3ST1	4	11394773	11430518	-
HS3ST2	16	22825482	22927659	+
HS3ST3A1	17	13397348	13505246	-
HS3ST3B1	17	14204397	14252721	+
HS3ST4	16	25703279	26149006	+
HS3ST5	6	114376749	114384041	-
HS3ST6	16	1961475	1968416	-
HS6ST1	2	129023053	129076442	-
HS6ST2	X	131760042	132095398	-
HS6ST2-AS1	X	131801669	131803915	+
HS6ST3	13	96742360	97491816	+
HSBP1	16	83841582	83853342	+
HSBP1L1	18	77724642	77730822	+
HSCB	22	29138019	29153496	+
HSD11B1	1	209859524	209908295	+
HSD11B1-AS1	1	209834703	209915907	-
HSD11B1L	19	5681037	5688533	+
HSD11B2	16	67465023	67471454	+
HSD17B1	17	40704940	40707232	+
HSD17B10	X	53458205	53461323	-
HSD17B11	4	88257667	88312340	-
HSD17B12	11	43702287	43878162	+
HSD17B13	4	88224946	88244034	-
HSD17B14	19	49316274	49339748	-
HSD17B2	16	82068857	82132139	+
HSD17B3	9	98997587	99064458	-
HSD17B3-AS1	9	99008744	99012543	+
HSD17B4	5	118788191	118878027	+
HSD17B6	12	57157107	57181574	+
HSD17B7	1	162760491	162782608	+
HSD17B7P2	10	38645307	38667433	+
HSD17B8	6	33172431	33174608	+
HSD3B1	1	120049825	120057681	+
HSD3B2	1	119957553	119965662	+
HSD3B7	16	30996527	31000468	+
HSD3BP4	1	120106502	120115199	+
HSD52	1	59597607	59612479	-
HSDL1	16	84155743	84178800	-
HSDL2	9	115142188	115234685	+
HSF1	8	145515285	145538383	+
HSF2	6	122720695	122754264	+
HSF2BP	21	44949065	45079369	-
HSF4	16	67197663	67203844	+
HSF5	17	56497527	56565769	-
HSFX1	X	148674177	148858521	-
HSFX2	X	148674171	148858528	-
HSFX3	X	148629754	148631469	-
HSFX4	X	149097790	149099505	+
HSFY1	Y	20708576	20935601	+
HSFY1P1	22	17308363	17310225	+
HSFY2	Y	20708556	20935621	+
HSH2D	19	16244837	16269384	+
HSP90AA1	14	102547078	102606086	-
HSP90AB1	6	44213902	44221625	+
HSP90AB4P	15	58982671	58985806	-
HSP90B1	12	104324187	104341704	+
HSP90B2P	15	99797729	99800481	+
HSPA12A	10	118430702	118609233	-
HSPA12B	20	3713331	3733758	+
HSPA13	21	15743436	15755467	-
HSPA14	10	14880304	14913740	+
HSPA1A	6	31783319	31785719	+
HSPA1B	6	31795514	31798031	+
HSPA1L	6	31777395	31783060	-
HSPA2	14	65007185	65009954	+
HSPA4	5	132387704	132442141	+
HSPA4L	4	128702950	128761888	+
HSPA5	9	127997131	128003622	-
HSPA6	1	161494329	161496683	+
HSPA7	1	161575848	161578341	+
HSPA8	11	122928196	122932844	-
HSPA9	5	137889446	137911090	-
HSPB1	7	75931989	75933609	+
HSPB11	1	54382245	54411978	-
HSPB2	11	111783457	111784817	+
HSPB2-C11orf52	11	111783459	111797595	+
HSPB3	5	53751528	53752207	+
HSPB6	19	36245466	36247930	-
HSPB7	1	16340523	16346089	-
HSPB8	12	119616735	119632551	+
HSPB9	17	40274821	40275370	+
HSPBAP1	3	122458845	122512678	-
HSPBP1	19	55773590	55791751	-
HSPC324	9	139543061	139554873	-
HSPD1	2	198351307	198364998	-
HSPE1	2	198365102	198368173	+
HSPE1-MOB4	2	198365102	198418423	+
HSPG2	1	22148736	22263803	-
HSPH1	13	31709109	31736525	-
HTATIP2	11	20385230	20405329	+
HTATSF1	X	135579237	135594503	+
HTATSF1P2	6	3019193	3024124	-
HTD2	3	58291971	58305920	+
HTN1	4	70916154	70924565	+
HTN3	4	70894175	70902255	+
HTR1A	5	63253701	63258272	-
HTR1B	6	78170640	78173208	-
HTR1D	1	23518387	23543995	-
HTR1E	6	87647245	87726397	+
HTR1F	3	87841855	88042988	+
HTR2A	13	47405680	47472217	-
HTR2A-AS1	13	47426274	47430434	+
HTR2B	2	231972943	231989756	-
HTR2C	X	113818550	114144624	+
HTR3A	11	113845796	113861034	+
HTR3B	11	113775517	113817283	+
HTR3C	3	183770834	183778461	+
HTR3D	3	183749331	183757157	+
HTR3E	3	183814851	183824783	+
HTR3E-AS1	3	183812905	183822966	-
HTR4	5	147830594	148034090	-
HTR5A	7	154862033	154879102	+
HTR5A-AS1	7	154858776	154863267	-
HTR6	1	19991367	20007459	+
HTR7	10	92500579	92617796	-
HTR7P1	12	13153375	13157764	+
HTRA1	10	124221068	124274423	+
HTRA2	2	74756531	74760683	+
HTRA3	4	8271480	8308825	+
HTRA4	8	38831746	38846182	+
HTT	4	3076407	3245687	+
HTT-AS	4	3064972	3076241	-
HULC	6	8652441	8654081	+
HUNK	21	33245332	33376377	+
HUS1	7	48002884	48019212	-
HUS1B	6	655938	656964	-
HUWE1	X	53559056	53713664	-
HVCN1	12	111086490	111127582	-
HYAL1	3	50337319	50349812	-
HYAL2	3	50355220	50360281	-
HYAL3	3	50330262	50336836	-
HYAL4	7	123485222	123517535	+
HYAL6P	7	123454192	123459484	+
HYDIN	16	70835986	71264625	-
HYI	1	43916660	43919660	-
HYKK	15	78799905	78829715	+
HYLS1	11	125753508	125770541	+
HYMAI	6	144326052	144329867	-
HYOU1	11	118914898	118927916	-
HYPK	15	44092618	44096624	+
IAH1	2	9614679	9629856	+
IAPP	12	21507893	21532914	+
IARS1	9	94972489	95055979	-
IARS2	1	220267473	220321383	+
IATPR	10	33362953	33405735	-
IBA57	1	228353504	228369958	+
IBA57-DT	1	228351786	228353213	-
IBSP	4	88720705	88733586	+
IBTK	6	82879703	82957461	-
ICA1	7	8152814	8302242	-
ICA1L	2	203637872	203736489	-
ICAM1	19	10381795	10397291	+
ICAM2	17	62079954	62097994	-
ICAM3	19	10444451	10450300	-
ICAM4	19	10397630	10399196	+
ICAM5	19	10400627	10407454	+
ICE1	5	5422789	5490333	+
ICE2	15	60711807	60771341	-
ICMT	1	6281252	6296024	-
ICOS	2	204801485	204826298	+
ICOSLG	21	45642877	45660826	-
ID1	20	30193091	30194313	+
ID2	2	8822185	8824591	+
ID2-AS1	2	8811113	8821993	-
ID3	1	23884416	23885992	-
ID4	6	19837600	19842426	+
IDE	10	94211440	94333852	-
IDH1	2	209100950	209119795	-
IDH1-AS1	2	209119956	209120918	+
IDH2	15	90626278	90645700	-
IDH2-DT	15	90645363	90676804	+
IDH3A	15	78441703	78464283	+
IDH3B	20	2639040	2644869	-
IDH3G	X	153051222	153059830	-
IDI1	10	1085091	1102644	-
IDI2	10	1064850	1071799	-
IDI2-AS1	10	1068576	1090141	+
IDNK	9	86237963	86259045	+
IDO1	8	39771409	39786309	+
IDO2	8	39792473	39873910	+
IDS	X	148558518	148586836	-
IDUA	4	980784	998352	+
IER2	19	13261224	13265725	+
IER3	6	30710975	30712324	-
IER3-AS1	6	30710739	30711450	+
IER3IP1	18	44679205	44702735	-
IER5	1	181057835	181062036	+
IER5L	9	131937830	131940540	-
IFFO1	12	6648126	6665208	-
IFFO2	1	19230773	19283170	-
IFI16	1	158969765	159024940	+
IFI27	14	94577081	94583027	+
IFI27L1	14	94547655	94569055	+
IFI27L2	14	94594117	94595941	-
IFI30	19	18284622	18288927	+
IFI35	17	41158800	41166473	+
IFI44	1	79115473	79129763	+
IFI44L	1	79086132	79111830	+
IFI6	1	27992574	27998703	-
IFIH1	2	163123583	163175194	-
IFIT1	10	91152302	91166244	+
IFIT1B	10	91137812	91144962	+
IFIT2	10	91061802	91069028	+
IFIT3	10	91087753	91100725	+
IFIT5	10	91174324	91180754	+
IFITM1	11	314039	315272	+
IFITM10	11	1753635	1771825	-
IFITM2	11	308106	309410	+
IFITM3	11	319675	320860	-
IFITM4P	6	29718583	29718925	-
IFITM5	11	298200	299526	-
IFNA1	9	21440437	21441315	+
IFNA10	9	21206179	21207142	-
IFNA13	9	21367370	21368056	-
IFNA14	9	21239000	21240004	-
IFNA16	9	21216371	21217310	-
IFNA17	9	21227241	21228221	-
IFNA2	9	21384253	21385397	-
IFNA21	9	21165635	21166659	-
IFNA22P	9	21277686	21278562	-
IFNA4	9	21186617	21187681	-
IFNA5	9	21304324	21305312	-
IFNA6	9	21350316	21350886	-
IFNA7	9	21201467	21202204	-
IFNA8	9	21409115	21410184	+
IFNAR1	21	34696699	34732170	+
IFNAR2	21	34602199	34637968	+
IFNB1	9	21077102	21077941	-
IFNE	9	21480838	21482312	-
IFNG	12	68548547	68553520	-
IFNG-AS1	12	68383224	68415107	+
IFNGR1	6	137518620	137540522	-
IFNGR2	21	34775201	34809828	+
IFNK	9	27524287	27526496	+
IFNL1	19	39787046	39789313	+
IFNL2	19	39759035	39760828	+
IFNL3	19	39734192	39735717	-
IFNL4	19	39736953	39739496	-
IFNLR1	1	24480661	24513779	-
IFNW1	9	21140630	21141900	-
IFRD1	7	112063198	112117258	+
IFRD2	3	50325162	50329860	-
IFT122	3	129158878	129239350	+
IFT140	16	1560427	1662073	-
IFT172	2	27667243	27712610	-
IFT20	17	26655350	26662515	-
IFT22	7	100954194	100965104	-
IFT27	22	37154254	37172163	-
IFT43	14	76452095	76550416	+
IFT46	11	118415242	118436791	-
IFT52	20	42219576	42275939	+
IFT57	3	107879658	107941271	-
IFT74	9	26946987	27066132	+
IFT74-AS1	9	26955777	26956305	-
IFT80	3	159974773	160117013	-
IFT81	12	110562161	110656598	+
IFT88	13	21141295	21265583	+
IFTAP	11	36616042	36680841	+
IGBP1	X	69353296	69386173	+
IGBP1P1	14	35409127	35409702	+
IGDCC3	15	65619464	65670340	-
IGDCC4	15	65673822	65715285	-
IGF1	12	102789651	102874341	-
IGF1R	15	99191767	99507759	+
IGF2	11	2150341	2170833	-
IGF2-AS	11	2161741	2169896	+
IGF2BP1	17	47074746	47133507	+
IGF2BP2	3	185360917	185542830	-
IGF2BP2-AS1	3	185431039	185447575	+
IGF2BP3	7	23349827	23510110	-
IGF2R	6	160390113	160532534	+
IGFALS	16	1840413	1844909	-
IGFBP1	7	45928086	45933258	+
IGFBP2	2	217497550	217529158	+
IGFBP3	7	45951843	45960871	-
IGFBP4	17	38599701	38613977	+
IGFBP5	2	217536827	217560272	-
IGFBP6	12	53491450	53496124	+
IGFBP7	4	57896938	57976551	-
IGFBP7-AS1	4	57975927	58071465	+
IGFBPL1	9	38406524	38424451	-
IGFL1	19	46732998	46734500	+
IGFL2	19	46651038	46664561	+
IGFL2-AS1	19	46692285	46706319	-
IGFL3	19	46623323	46627945	-
IGFL4	19	46542439	46580887	-
IGFLR1	19	36229702	36233353	-
IGFN1	1	201159951	201198080	+
IGHMBP2	11	68671358	68708069	+
IGHV1OR15-1	15	22448239	22448881	-
IGHV1OR15-3	15	22465805	22466547	-
IGIP	5	139505521	139508977	+
IGLL1	22	23915312	23922477	-
IGLL3P	22	25714223	25716193	+
IGLL5	22	23229995	23238291	+
IGLON5	19	51815101	51834122	+
IGSF1	X	130407482	130423403	-
IGSF10	3	151153992	151257104	-
IGSF11	3	118619403	118864867	-
IGSF11-AS1	3	118661922	118667088	+
IGSF21	1	18434291	18704977	+
IGSF22	11	18725858	18747735	-
IGSF23	19	45116872	45140081	+
IGSF3	1	117117019	117210377	-
IGSF5	21	41117333	41174023	+
IGSF6	16	21650870	21663929	-
IGSF8	1	160061128	160068618	-
IGSF9	1	159896830	159915403	-
IGSF9B	11	133766335	133826863	-
IHH	2	219919145	219925643	-
IHO1	3	49235860	49295539	+
IK	5	140027413	140042065	+
IKBIP	12	99007201	99038566	-
IKBKB	8	42128819	42189977	+
IKBKE	1	206643818	206670222	+
IKBKG	X	153769452	153793261	+
IKZF1	7	50343659	50472798	+
IKZF2	2	213864421	214017180	-
IKZF3	17	37913967	38020565	-
IKZF4	12	56401287	56432219	+
IKZF5	10	124750321	124768311	-
IL10	1	206940946	206945839	-
IL10RA	11	117857108	117873751	+
IL10RB	21	34638671	34669526	+
IL10RB-DT	21	34637936	34638565	-
IL11	19	55875749	55881831	-
IL11RA	9	34652181	34661898	+
IL12A	3	159706621	159713806	+
IL12A-AS1	3	159631189	159924879	-
IL12B	5	158741787	158757495	-
IL12RB1	19	18169804	18209626	-
IL12RB2	1	67773046	67864405	+
IL13	5	131992213	131996802	+
IL13RA1	X	117861568	117928496	+
IL13RA2	X	114238544	114252179	-
IL15	4	142557735	142655140	+
IL15RA	10	5994333	6020704	-
IL16	15	81489219	81606399	+
IL17A	6	52051172	52055436	+
IL17B	5	148753829	148783765	-
IL17C	16	88704979	88706876	+
IL17D	13	21275651	21297237	+
IL17F	6	52101481	52109298	-
IL17RA	22	17565848	17596584	+
IL17RB	3	53880594	53899821	+
IL17RC	3	9958757	9975305	+
IL17RD	3	57124009	57204345	-
IL17RE	3	9944295	9958084	+
IL17REL	22	50430239	50451194	-
IL18	11	112013982	112034817	-
IL18BP	11	71709954	71713965	+
IL18R1	2	102972255	103015236	+
IL18RAP	2	103035249	103069024	+
IL19	1	206944117	207016326	+
IL1A	2	113531501	113542070	-
IL1B	2	113587331	113594356	-
IL1F10	2	113825546	113833419	+
IL1R1	2	102686849	102796334	+
IL1R2	2	102608421	102645006	+
IL1RAP	3	190231873	190377539	+
IL1RAPL1	X	28605562	29974830	+
IL1RAPL2	X	103810879	105011822	+
IL1RL1	2	102927961	102968497	+
IL1RL2	2	102803432	102856461	+
IL1RN	2	113875547	113891591	+
IL2	4	123372625	123377880	-
IL20	1	207036909	207042568	+
IL20RA	6	137321107	137366317	-
IL20RB	3	136676824	136729926	+
IL21	4	123531262	123542221	-
IL21-AS1	4	123540137	123610311	+
IL21R	16	27413494	27463363	+
IL21R-AS1	16	27458990	27464714	-
IL22	12	68642021	68647384	-
IL22RA1	1	24446260	24469630	-
IL22RA2	6	137464956	137494781	-
IL23A	12	56732667	56734194	+
IL23R	1	67632136	67725650	+
IL24	1	207070787	207077484	+
IL25	14	23842017	23845612	+
IL26	12	68595128	68619590	-
IL27	16	28510682	28518155	-
IL27RA	19	14142573	14164030	+
IL2RA	10	6052654	6104330	-
IL2RB	22	37521879	37571158	-
IL2RG	X	70327256	70331427	-
IL3	5	131396347	131398897	+
IL31	12	122656575	122658768	-
IL31RA	5	55147184	55218678	+
IL32	16	3115403	3119531	+
IL33	9	6215148	6257983	+
IL34	16	70613797	70694585	+
IL36A	2	113763035	113765621	+
IL36B	2	113779665	113810444	-
IL36G	2	113735582	113743234	+
IL36RN	2	113816214	113822320	+
IL37	2	113668741	113676458	+
IL4	5	132009677	132018370	+
IL4I1	19	50392912	50432761	-
IL4R	16	27325294	27376099	+
IL5	5	131877136	131879214	-
IL5RA	3	3108007	3152058	-
IL6	7	22766818	22771617	+
IL6-AS1	7	22765013	22767239	-
IL6R	1	154377818	154441926	+
IL6R-AS1	1	154374798	154379040	-
IL6ST	5	55230924	55290791	-
IL7	8	79645006	79717758	-
IL7R	5	35856992	35879705	+
IL9	5	135227934	135231530	-
ILDR1	3	121706169	121741094	-
ILDR2	1	166877423	166944777	-
ILF2	1	153634263	153643504	-
ILF3	19	10764936	10803095	+
ILF3-DT	19	10762537	10764548	-
ILK	11	6624937	6632105	+
ILKAP	2	239079042	239112336	-
ILRUN	6	34555065	34664544	-
ILVBL	19	15225797	15236597	-
IMMP1L	11	31453947	31531169	-
IMMP2L	7	110302699	111202548	-
IMMT	2	86371054	86422893	-
IMP3	15	75931433	75932565	-
IMP4	2	131100469	131105539	+
IMPA1	8	82569148	82598589	-
IMPA1P1	8	82516118	82543512	-
IMPA2	18	11981505	12030876	+
IMPACT	18	22006633	22033494	+
IMPDH1	7	128032330	128050036	-
IMPDH2	3	49061761	49066831	-
IMPG1	6	76630830	76782395	-
IMPG2	3	100941389	101039419	-
INA	10	105036894	105050103	+
INAFM1	19	47777679	47778980	+
INAFM2	15	40615892	40618916	+
INAVA	1	200860658	200884870	+
INCA1	17	4891424	4900905	-
INCENP	11	61891482	61920638	+
INE1	X	47064246	47065254	+
INE2	X	15803838	15805712	-
INF2	14	105155942	105188872	+
ING1	13	111364969	111375684	+
ING2	4	184426210	184433582	+
ING3	7	120590830	120617268	+
ING4	12	6759466	6772285	-
ING5	2	242626434	242668892	+
INGX	X	70711530	70712299	-
INHA	2	220437031	220440433	+
INHBA	7	41724711	41742688	-
INHBA-AS1	7	41733516	41818976	+
INHBB	2	121103711	121109379	+
INHBC	12	57828566	57845845	+
INHBE	12	57849089	57851808	+
INIP	9	115446205	115480397	-
INKA1	3	49840693	49842463	+
INKA2	1	112264685	112298419	-
INKA2-AS1	1	112282462	112290420	+
INMT	7	30791750	30797218	+
INMT-MINDY4	7	30791750	30932002	+
INO80	15	41271078	41408478	-
INO80B	2	74682213	74685071	+
INO80B-WBP1	2	74682149	74688018	+
INO80C	18	33048296	33077924	-
INO80D	2	206858444	206950898	-
INO80E	16	30007561	30017112	+
INPP1	2	191208314	191236391	+
INPP4A	2	99061049	99210855	+
INPP4B	4	142944312	143767688	-
INPP5A	10	134351290	134596984	+
INPP5B	1	38326368	38412729	-
INPP5D	2	233925051	234116549	+
INPP5E	9	139323072	139334297	-
INPP5F	10	121485558	121588662	+
INPP5J	22	31518908	31530683	+
INPP5K	17	1397870	1419906	-
INPPL1	11	71935810	71950188	+
INS	11	2181008	2182439	-
INS-IGF2	11	2150346	2182439	-
INSC	11	15133969	15268756	+
INSIG1	7	155089481	155101945	+
INSIG2	2	118845993	118868573	+
INSL3	19	17927320	17932328	-
INSL4	9	5231418	5235304	+
INSL5	1	67263422	67266959	-
INSL6	9	5163867	5185639	-
INSM1	20	20348747	20351592	+
INSM2	14	36003369	36006260	+
INSR	19	7112275	7294425	-
INSRR	1	156809854	156828909	-
INSYN1	15	74027771	74045692	-
INSYN1-AS1	15	74060426	74062143	+
INSYN2A	10	128933693	128994855	-
INSYN2B	5	169288306	169407499	-
INTS1	7	1509912	1544025	-
INTS10	8	19674659	19709594	+
INTS11	1	1246964	1260067	-
INTS12	4	106603784	106629881	-
INTS13	12	27058115	27090914	-
INTS14	15	65871115	65903469	-
INTS2	17	59942727	60005343	-
INTS3	1	153700525	153747284	+
INTS4	11	77589765	77705714	-
INTS4P1	7	64601407	64694600	+
INTS4P2	7	65112766	65183667	+
INTS5	11	62414319	62420774	-
INTS6	13	51935712	52027172	-
INTS6-AS1	13	52027480	52028851	+
INTS6L	X	134654584	134716462	+
INTS6L-AS1	X	134654007	134654599	-
INTS7	1	212113740	212209002	-
INTS8	8	95835514	95893974	+
INTS9	8	28625174	28747698	-
INTU	4	128554111	128647892	+
INVS	9	102861466	103064457	+
IP6K1	3	49761726	49823975	-
IP6K2	3	48725435	48754711	-
IP6K3	6	33689438	33714762	-
IPCEF1	6	154475617	154677900	-
IPMK	10	59951277	60027654	-
IPO11	5	61708589	61924416	+
IPO11-LRRC70	5	61874561	61924416	+
IPO13	1	44412621	44433694	+
IPO4	14	24649424	24658124	-
IPO5	13	98605928	98676550	+
IPO5P1	19	23437855	23457053	-
IPO7	11	9406198	9469674	+
IPO8	12	30781914	30848803	-
IPO9	1	201798284	201853418	+
IPO9-AS1	1	201657383	201798687	-
IPP	1	46159995	46216485	-
IPPK	9	95375464	95432413	-
IPW	15	25361691	25367623	+
IQANK1	8	144816308	144872815	+
IQCA1	2	237232789	237416178	-
IQCA1L	7	150887960	150902582	-
IQCB1	3	121488607	121553926	-
IQCC	1	32671271	32674283	+
IQCD	12	113633250	113658899	-
IQCE	7	2598605	2654368	+
IQCF1	3	51928891	51937369	-
IQCF2	3	51895630	51897440	+
IQCF3	3	51860898	51864872	+
IQCF4P	3	51851618	51853651	+
IQCF5	3	51907736	51909617	-
IQCF5-AS1	3	51907611	51909783	+
IQCF6	3	51812578	51813253	-
IQCG	3	197615945	197686890	-
IQCH	15	67547123	67794142	+
IQCH-AS1	15	67695948	67814182	-
IQCJ	3	158787040	158984096	+
IQCJ-SCHIP1	3	158787040	159615155	+
IQCJ-SCHIP1-AS1	3	159483170	159486401	-
IQCK	16	19727777	19869789	+
IQCM	4	150272860	150736995	-
IQCN	19	18367907	18385262	-
IQGAP1	15	90931473	91045471	+
IQGAP2	5	75699109	76003957	+
IQGAP3	1	156495196	156542357	-
IQSEC1	3	12938541	13324757	-
IQSEC2	X	53262057	53350548	-
IQSEC3	12	175932	287621	+
IQUB	7	123092235	123174718	-
IRAG1	11	10594642	10715302	-
IRAG1-AS1	11	10562782	10621479	+
IRAG2	12	25205161	25261269	+
IRAIN	15	99189094	99194450	-
IRAK1	X	153275957	153285353	-
IRAK1BP1	6	79577267	79612819	+
IRAK2	3	10206602	10285429	+
IRAK3	12	66582993	66648394	+
IRAK4	12	44152746	44183346	+
IREB2	15	78729772	78793798	+
IRF1	5	131817300	131826465	-
IRF1-AS1	5	131746620	131811736	+
IRF2	4	185308882	185395704	-
IRF2BP1	19	46386865	46389399	-
IRF2BP2	1	234740014	234745271	-
IRF2BPL	14	77490885	77495051	-
IRF3	19	50162825	50169132	-
IRF4	6	391751	411443	+
IRF5	7	128577085	128590096	+
IRF6	1	209958963	209979520	-
IRF7	11	612554	615950	-
IRF8	16	85932767	85956215	+
IRF9	14	24630473	24635774	+
IRGC	19	44220227	44224169	+
IRGM	5	150226082	150281964	+
IRGQ	19	44088518	44100287	-
IRS1	2	227596027	227664536	-
IRS2	13	110405041	110438930	-
IRS4	X	107963175	107979793	-
IRX1	5	3595945	3601517	+
IRX2	5	2745958	2751791	-
IRX3	16	54317215	54320699	-
IRX4	5	1877528	1887293	-
IRX5	16	54964776	54968395	+
IRX6	16	55358114	55364668	+
ISCA1	9	88879462	88897453	-
ISCA2	14	74960422	74963809	+
ISCU	12	108955238	108963160	+
ISG15	1	948876	949919	+
ISG20	15	89178862	89199714	+
ISG20L2	1	156691682	156698558	-
ISL1	5	50679281	50690563	+
ISL2	15	76629113	76634816	+
ISLR	15	74466050	74469212	+
ISLR2	15	74421714	74429143	+
ISM1	20	13201920	13281298	+
ISM1-AS1	20	13218066	13220334	-
ISM2	14	77940737	77965159	-
ISOC1	5	128430441	128449719	+
ISOC2	19	55964351	55973009	-
IST1	16	71928310	71965099	+
ISX	22	35462150	35483380	+
ISY1	3	128846257	128879906	-
ISY1-RAB43	3	128806411	128880073	-
ISYNA1	19	18545197	18548943	-
ITCH	20	32951078	33099578	+
ITFG1	16	47188298	47495185	-
ITFG1-AS1	16	47177978	47196657	+
ITFG2	12	2921833	2968957	+
ITFG2-AS1	12	2851791	2922090	-
ITGA1	5	52083749	52255039	+
ITGA10	1	145524890	145543868	+
ITGA11	15	68588869	68724502	-
ITGA2	5	52285181	52390609	+
ITGA2B	17	42449548	42467017	-
ITGA3	17	48133473	48167845	+
ITGA4	2	182321618	182403666	+
ITGA5	12	54789044	54813050	-
ITGA6	2	173292063	173371186	+
ITGA6-AS1	2	173328990	173330750	-
ITGA7	12	56078353	56106192	-
ITGA8	10	15555947	15762334	-
ITGA9	3	37493631	37864998	+
ITGA9-AS1	3	37795179	37903271	-
ITGAD	16	31404655	31437826	+
ITGAE	17	3617921	3704482	-
ITGAL	16	30484062	30534506	+
ITGAM	16	31271295	31344198	+
ITGAV	2	187454782	187545629	+
ITGAX	16	31366496	31394320	+
ITGB1	10	33189245	33247158	-
ITGB1BP1	2	9543605	9563698	-
ITGB1BP2	X	70521599	70525221	+
ITGB2	21	46305868	46348730	-
ITGB2-AS1	21	46340949	46349595	+
ITGB3	17	45331192	45391109	+
ITGB3BP	1	63906440	63988944	-
ITGB4	17	73717538	73753899	+
ITGB5	3	124480794	124620258	-
ITGB6	2	160956176	161056824	-
ITGB7	12	53585106	53601035	-
ITGB8	7	20370522	20455377	+
ITGBL1	13	102104943	102373206	+
ITIH1	3	52811614	52826084	+
ITIH2	10	7745278	7791483	+
ITIH3	3	52828783	52843025	+
ITIH4	3	52846977	52864717	-
ITIH4-AS1	3	52857950	52859330	+
ITIH5	10	7601231	7708961	-
ITIH6	X	54775350	54824688	-
ITK	5	156607850	156682195	+
ITLN1	1	160846329	160854970	-
ITLN2	1	160914814	160924599	-
ITM2A	X	78615880	78623049	-
ITM2B	13	48807341	48844490	+
ITM2C	2	231728899	231743969	+
ITPA	20	3189321	3208095	+
ITPK1	14	93403258	93582270	-
ITPK1-AS1	14	93533796	93538478	+
ITPKA	15	41786071	41795749	+
ITPKB	1	226819390	226926876	-
ITPKB-IT1	1	226843780	226862769	-
ITPKC	19	41223016	41246765	+
ITPR1	3	4535031	4889190	+
ITPR1-DT	3	4532000	4534847	-
ITPR2	12	26488284	26986127	-
ITPR3	6	33589098	33664339	+
ITPRID1	7	31553703	31698334	+
ITPRID2	2	182756456	182795464	+
ITPRIP	10	106069453	106098223	-
ITPRIP-AS1	10	106083121	106086503	+
ITPRIPL1	2	96991054	96996245	+
ITPRIPL2	16	19125285	19132950	+
ITSN1	21	35014806	35272165	+
ITSN2	2	24425732	24583405	-
IVD	15	40697995	40728146	+
IVL	1	152881020	152884362	+
IVNS1ABP	1	185265519	185286375	-
IWS1	2	128238387	128284065	-
IYD	6	150690147	150727105	+
IZUMO1	19	49244108	49250166	-
IZUMO1R	11	94037904	94041312	+
IZUMO2	19	50655804	50666538	-
IZUMO3	9	24542949	24545895	-
IZUMO4	19	2096913	2099589	+
JADE1	4	129730854	129796379	+
JADE2	5	133860005	133918917	+
JADE3	X	46771710	46920641	+
JAG1	20	10618331	10654647	-
JAG2	14	105607334	105635113	-
JAGN1	3	9932293	9936031	+
JAK1	1	65298905	65533429	-
JAK2	9	4985085	5129944	+
JAK3	19	17935590	17958791	-
JAKMIP1	4	6027925	6202276	-
JAKMIP2	5	146965003	147162291	-
JAKMIP2-AS1	5	146939556	147041572	+
JAKMIP3	10	133879449	133998362	+
JAM2	21	27011569	27089874	+
JAM3	11	133938819	134021895	+
JAML	11	118064439	118095726	-
JARID2	6	15246299	15522273	+
JARID2-AS1	6	15248045	15248927	-
JAZF1	7	27870195	28220414	-
JAZF1-AS1	7	28220075	28280996	+
JCAD	10	30301732	30404423	-
JCHAIN	4	71521257	71532225	-
JDP2	14	75894426	75940810	+
JHY	11	122753235	122834570	+
JKAMP	14	59951160	59972128	+
JMJD1C	10	64926980	65281650	-
JMJD1C-AS1	10	65224988	65226322	+
JMJD4	1	227918889	227923112	-
JMJD6	17	74708917	74722688	-
JMJD7	15	42120289	42129779	+
JMJD7-PLA2G4B	15	42120282	42140346	+
JMJD8	16	731669	734334	-
JMY	5	78531953	78623034	+
JOSD1	22	39081547	39097408	-
JOSD2	19	51009253	51014612	-
JPH1	8	75146934	75233775	-
JPH2	20	42735229	42815828	-
JPH3	16	87635440	87731761	+
JPH4	14	24037250	24047999	-
JPT1	17	73131337	73150607	-
JPT2	16	1728279	1752087	+
JPX	X	73164158	73290217	+
JRK	8	143738873	143751385	-
JRKL	11	96123176	96126725	+
JRKL-AS1	11	96176445	96240041	-
JSRP1	19	2252250	2256416	-
JTB	1	153946744	153950150	-
JUN	1	59246462	59249719	-
JUNB	19	12902299	12904129	+
JUND	19	18390503	18392432	-
JUP	17	39910858	39943020	-
KAAG1	6	24357130	24358513	+
KALRN	3	123813527	124445172	+
KANK1	9	470290	746106	+
KANK2	19	11274945	11308541	-
KANK3	19	8387467	8408146	-
KANK4	1	62701836	62785105	-
KANSL1	17	44107281	44302733	-
KANSL1-AS1	17	44270938	44274089	+
KANSL1L	2	210886144	211036133	-
KANSL1L-AS1	2	210894645	210929080	+
KANSL2	12	49046994	49076021	-
KANSL3	2	97258908	97304049	-
KANTR	X	53123338	53177190	+
KARS1	16	75661621	75681563	-
KASH5	19	49891505	49921247	+
KAT14	20	18118506	18169031	+
KAT2A	17	40265128	40273385	-
KAT2B	3	20081937	20195896	+
KAT5	11	65479722	65487075	+
KAT6A	8	41786996	41909505	-
KAT6B	10	76585012	76792382	+
KAT7	17	47866042	47912388	+
KAT8	16	31128984	31142680	+
KATNA1	6	149916010	149969940	-
KATNAL1	13	30776766	30881688	-
KATNAL2	18	44497556	44628614	+
KATNB1	16	57769681	57791156	+
KATNBL1	15	34432874	34502297	-
KATNBL1P6	6	147122804	147124960	-
KATNIP	16	27561464	27791663	+
KAZALD1	10	102821745	102827888	+
KAZN	1	14925180	15444539	+
KAZN-AS1	1	14675449	14746469	-
KBTBD11	8	1921842	1955102	+
KBTBD11-OT1	8	1919562	1924610	+
KBTBD12	3	127634074	127706520	+
KBTBD13	15	65369083	65372286	+
KBTBD2	7	32907783	32931372	-
KBTBD3	11	105921824	105948465	-
KBTBD4	11	47593748	47600567	-
KBTBD6	13	41701704	41706938	-
KBTBD7	13	41763969	41768705	-
KBTBD8	3	67048730	67061632	+
KC6	18	39060235	39100641	-
KCCAT198	12	105698644	105720795	-
KCMF1	2	85198283	85286595	+
KCNA1	12	5019070	5027422	+
KCNA10	1	111059838	111061797	-
KCNA2	1	111136201	111174062	-
KCNA3	1	111196185	111217562	-
KCNA4	11	30031277	30038577	-
KCNA5	12	5153044	5155954	+
KCNA6	12	4918341	4960278	+
KCNA7	19	49570674	49576198	-
KCNAB1	3	155838336	156256927	+
KCNAB1-AS1	3	156158945	156164725	-
KCNAB1-AS2	3	155933348	155945672	-
KCNAB2	1	6052735	6161240	+
KCNAB3	17	7825176	7832753	-
KCNB1	20	47980413	48099205	-
KCNB2	8	73449459	73850584	+
KCNC1	11	17756327	17804604	+
KCNC2	12	75433857	75603619	-
KCNC3	19	50815196	50836793	-
KCNC4	1	110752935	110776666	+
KCND1	X	48818640	48828251	-
KCND2	7	119913228	120390389	+
KCND3	1	112313285	112532290	-
KCND3-AS1	1	112452278	112453552	+
KCND3-IT1	1	112396383	112399527	-
KCNE1	21	35818985	35884508	-
KCNE1B	21	35818987	35831942	-
KCNE2	21	35736304	35743680	+
KCNE3	11	74165885	74178594	-
KCNE4	2	223916907	223920355	+
KCNE5	X	108866928	108868401	-
KCNF1	2	11052059	11054351	+
KCNG1	20	49620192	49639644	-
KCNG2	18	77623667	77659816	+
KCNG3	2	42669156	42721122	-
KCNG4	16	84254740	84273356	-
KCNH1	1	210851655	211307490	-
KCNH1-IT1	1	211305620	211306716	-
KCNH2	7	150642043	150675409	-
KCNH3	12	49932812	49952117	+
KCNH4	17	40308908	40333160	-
KCNH5	14	63166181	63512176	-
KCNH6	17	61600718	61626340	+
KCNH7	2	163227916	163695277	-
KCNH7-AS1	2	163625445	163654482	+
KCNH8	3	19190001	19577134	+
KCNIP1	5	169780490	170163636	+
KCNIP1-AS1	5	170066161	170108474	-
KCNIP1-OT1	5	169816496	169849848	+
KCNIP2	10	103585730	103603677	-
KCNIP2-AS1	10	103578824	103588646	+
KCNIP3	2	95963094	96051825	+
KCNIP4	4	20730228	21950374	-
KCNIP4-IT1	4	21844963	21854811	-
KCNJ1	11	128707914	128737191	-
KCNJ10	1	160007256	160039950	-
KCNJ11	11	17406795	17410893	-
KCNJ12	17	21279668	21323182	+
KCNJ13	2	233630511	233641275	-
KCNJ14	19	48958830	48970237	+
KCNJ15	21	39601847	39679279	+
KCNJ16	17	68071365	68131746	+
KCNJ18	17	21308447	21320482	+
KCNJ2	17	68165672	68176183	+
KCNJ2-AS1	17	68163101	68165543	-
KCNJ3	2	155555092	155714866	+
KCNJ4	22	38822332	38851205	-
KCNJ5	11	128761250	128791058	+
KCNJ6	21	38979674	39288760	-
KCNJ8	12	21917888	21927640	-
KCNJ9	1	160051327	160060353	+
KCNK1	1	233749851	233808260	+
KCNK10	14	88646451	88793256	-
KCNK12	2	47736428	47798124	-
KCNK13	14	90528337	90652197	+
KCNK15	20	43374505	43380954	+
KCNK15-AS1	20	43340502	43374868	-
KCNK16	6	39282473	39290744	-
KCNK17	6	39266776	39282195	-
KCNK18	10	118956999	118969810	+
KCNK2	1	215178884	215410433	+
KCNK3	2	26915589	26956287	+
KCNK4	11	64058773	64067503	+
KCNK4-TEX40	11	64059193	64072241	+
KCNK5	6	39156746	39197251	-
KCNK6	19	38810484	38822716	+
KCNK7	11	65360306	65363271	-
KCNK9	8	140613080	140715366	-
KCNMA1	10	78629358	79397566	-
KCNMA1-AS1	10	78647801	78738351	+
KCNMA1-AS2	10	78900588	78909858	+
KCNMA1-AS3	10	79110629	79136371	+
KCNMB1	5	169801674	169816371	-
KCNMB2	3	178254223	178562217	+
KCNMB2-AS1	3	178243254	178578193	-
KCNMB3	3	178957536	178984838	-
KCNMB4	12	70760069	70828072	+
KCNN1	19	18062110	18109930	+
KCNN2	5	113391674	113832197	+
KCNN3	1	154669933	154842757	-
KCNN4	19	44270684	44285125	-
KCNQ1	11	2466237	2870340	+
KCNQ1-AS1	11	2861364	2882799	-
KCNQ1DN	11	2891262	2893336	+
KCNQ1OT1	11	2629557	2721228	-
KCNQ2	20	62031560	62104008	-
KCNQ3	8	133133104	133493342	-
KCNQ4	1	41249458	41306124	+
KCNQ5	6	73331791	73908576	+
KCNQ5-AS1	6	73844525	73853237	-
KCNQ5-IT1	6	73340222	73388282	+
KCNRG	13	50589579	50595058	+
KCNS1	20	43719854	43729768	-
KCNS2	8	99439185	99445081	+
KCNS3	2	18059113	18114225	+
KCNT1	9	138594030	138687348	+
KCNT2	1	196194909	196577570	-
KCNU1	8	36641891	36793643	+
KCNV1	8	110975864	110988000	-
KCNV2	9	2717509	2730037	+
KCP	7	128516918	128550763	-
KCTD1	18	24034873	24237437	-
KCTD10	12	109886459	109915105	-
KCTD11	17	7255207	7258262	+
KCTD12	13	77454309	77460540	-
KCTD13	16	29917660	29937547	-
KCTD14	11	77726760	77757237	-
KCTD15	19	34287774	34306666	+
KCTD16	5	143550436	143865249	+
KCTD17	22	37447775	37459430	+
KCTD18	2	201353681	201374791	-
KCTD19	16	67323334	67360644	-
KCTD2	17	73028665	73061981	+
KCTD20	6	36410543	36458920	+
KCTD21	11	77882294	77899672	-
KCTD21-AS1	11	77850838	77885023	+
KCTD3	1	215740646	215795149	+
KCTD4	13	45766987	45775180	-
KCTD5	16	2732523	2759031	+
KCTD6	3	58477822	58488087	+
KCTD7	7	66093867	66108216	+
KCTD8	4	44175919	44450826	-
KCTD9	8	25285363	25315949	-
KDELR1	19	48885832	48894808	-
KDELR2	7	6500719	6523783	-
KDELR3	22	38864066	38879452	+
KDF1	1	27276052	27286959	-
KDM1A	1	23345960	23410182	+
KDM1B	6	18155652	18224085	+
KDM2A	11	66886733	67025550	+
KDM2B	12	121866899	122018928	-
KDM3A	2	86668493	86719839	+
KDM3B	5	137688373	137772716	+
KDM4A	1	44115819	44171189	+
KDM4A-AS1	1	44165408	44173012	-
KDM4B	19	4969123	5153608	+
KDM4C	9	6720862	7175648	+
KDM4D	11	94706872	94732683	+
KDM4E	11	94758421	94760760	+
KDM5A	12	389222	498486	-
KDM5B	1	202693624	202778598	-
KDM5C	X	53205458	53254604	-
KDM5D	Y	21865750	21906825	-
KDM6A	X	44732420	44972024	+
KDM6B	17	7743223	7758108	+
KDM7A	7	139784545	139876783	-
KDM7A-DT	7	139877060	139879440	+
KDM8	16	27214846	27233089	+
KDR	4	55944647	55991762	-
KDSR	18	60994958	61034439	-
KEAP1	19	10596800	10614032	-
KEL	7	142638200	142659450	-
KERA	12	91444269	91451801	-
KHDC1	6	73951036	74020088	-
KHDC1L	6	73933266	73935219	-
KHDC3L	6	74072380	74073894	+
KHDC4	1	155882835	155904204	-
KHDRBS1	1	32479468	32526451	+
KHDRBS2	6	62252601	62996132	-
KHDRBS3	8	136469698	136659852	+
KHK	2	27309639	27323630	+
KHNYN	14	24898491	24911049	+
KHSRP	19	6413112	6424822	-
KIAA0040	1	175126121	175162123	-
KIAA0087	7	26572739	26578444	-
KIAA0100	17	26941457	26972177	-
KIAA0232	4	6784453	6885899	+
KIAA0319	6	24544331	24646419	-
KIAA0319L	1	35899092	36023004	-
KIAA0408	6	127759550	127780534	-
KIAA0513	16	85061356	85127828	+
KIAA0586	14	58894102	59018015	+
KIAA0753	17	6481466	6544031	-
KIAA0754	1	39874744	39882154	+
KIAA0825	5	93486555	93954309	-
KIAA0895	7	36363760	36429966	-
KIAA0895L	16	67209501	67217866	-
KIAA0930	22	45588124	45636775	-
KIAA1109	4	123073485	123283914	+
KIAA1143	3	44790235	44803111	-
KIAA1191	5	175773063	175788810	-
KIAA1210	X	118212597	118284542	-
KIAA1217	10	23983655	24836777	+
KIAA1328	18	34409089	34812103	+
KIAA1522	1	33207430	33240571	+
KIAA1549	7	138516126	138666135	-
KIAA1549L	11	33397653	33695646	+
KIAA1586	6	56911329	56920037	+
KIAA1614	1	180882032	180920750	+
KIAA1614-AS1	1	180918826	180924023	-
KIAA1656	22	30764799	30773894	-
KIAA1671	22	25423940	25593415	+
KIAA1671-AS1	22	25498383	25508659	-
KIAA1755	20	36838904	36889137	-
KIAA1841	2	61293004	61365169	+
KIAA1958	9	115249106	115431677	+
KIAA2012	2	202937977	203069907	+
KIAA2012-AS1	2	202952277	202981781	-
KIAA2013	1	11979647	11986484	-
KIAA2026	9	5919021	6008482	-
KIDINS220	2	8861210	8977743	-
KIF11	10	94352886	94415152	+
KIF12	9	116853917	116861337	-
KIF13A	6	17759413	17987866	-
KIF13B	8	28924794	29120587	-
KIF14	1	200520624	200589879	-
KIF15	3	44803285	44894748	+
KIF16B	20	16252748	16554093	-
KIF17	1	20990506	21044500	-
KIF18A	11	28042165	28129703	-
KIF18B	17	43002078	43025141	-
KIF19	17	72322364	72351959	+
KIF1A	2	241653183	241760820	-
KIF1B	1	10270627	10441661	+
KIF1C	17	4901244	4931696	+
KIF1C-AS1	17	4922509	4923388	-
KIF20A	5	137514800	137523409	+
KIF20B	10	91461346	91534691	+
KIF21A	12	39687029	39836922	-
KIF21B	1	200938517	200992842	-
KIF22	16	29802071	29816706	+
KIF23	15	69706687	69740766	+
KIF24	9	34252377	34329266	-
KIF25	6	168418552	168445769	+
KIF25-AS1	6	168394866	168397757	-
KIF26A	14	104605059	104647235	+
KIF26B	1	245318286	245872734	+
KIF26B-AS1	1	245369745	245397819	-
KIF27	9	86449016	86536459	-
KIF2A	5	61601988	61686852	+
KIF2B	17	51900287	51902554	+
KIF2C	1	45205508	45233438	+
KIF3A	5	132028322	132073238	-
KIF3B	20	30865453	30922811	+
KIF3C	2	26149466	26205366	-
KIF4A	X	69509953	69640736	+
KIF4B	5	154393314	154397694	+
KIF5A	12	57943826	57980416	+
KIF5B	10	32297943	32345353	-
KIF5C	2	149632795	149883273	+
KIF6	6	39297765	39693199	-
KIF7	15	90171207	90198698	-
KIF9	3	47269487	47324289	-
KIF9-AS1	3	47205859	47285606	+
KIFAP3	1	169890469	170043879	-
KIFBP	10	70748558	70776736	+
KIFC1	6	33359599	33377673	+
KIFC2	8	145691719	145699585	+
KIFC3	16	57792128	57837165	-
KIN	10	7792924	7829956	-
KIR2DL1	19	55281244	55295774	+
KIR2DL3	19	55249977	55264504	+
KIR2DL4	19	55315064	55325972	+
KIR2DS4	19	55344161	55360030	+
KIR3DL1	19	55327892	55342233	+
KIR3DL2	19	55361897	55378662	+
KIR3DL3	19	55235951	55248003	+
KIR3DX1	19	55043908	55057024	+
KIRREL1	1	157963062	158070052	+
KIRREL1-IT1	1	157995339	158001888	+
KIRREL2	19	36347812	36358038	+
KIRREL3	11	126293252	126870766	-
KIRREL3-AS2	11	126810641	126814986	+
KIRREL3-AS3	11	126872804	126875953	+
KISS1	1	204159468	204165619	-
KISS1R	19	917332	921005	+
KIT	4	55524123	55606881	+
KITLG	12	88886569	88974250	-
KIZ	20	21106615	21227258	+
KIZ-AS1	20	21175043	21198927	-
KL	13	33590560	33640280	+
KLB	4	39408549	39453153	+
KLC1	14	104095524	104167888	+
KLC2	11	66024764	66035332	+
KLC3	19	45844007	45854777	+
KLC4	6	43027331	43042831	+
KLF1	19	12995235	12998015	-
KLF10	8	103661004	103667953	-
KLF11	2	10183676	10194963	+
KLF12	13	74260225	74708066	-
KLF13	15	31619037	31727868	+
KLF14	7	130415525	130418967	-
KLF15	3	126061477	126076251	-
KLF16	19	1852397	1863578	-
KLF17	1	44584492	44600809	+
KLF18	1	44603492	44607303	-
KLF2	19	16435636	16439496	+
KLF3	4	38665819	38703138	+
KLF3-AS1	4	38614321	38666249	-
KLF4	9	110247132	110252050	-
KLF5	13	73629113	73651680	+
KLF6	10	3818187	3827473	-
KLF7	2	207938861	208031970	-
KLF8	X	55934555	56317963	+
KLF9	9	72999512	73029573	-
KLHDC1	14	50159837	50219864	+
KLHDC10	7	129710373	129775545	+
KLHDC2	14	50234870	50253103	+
KLHDC3	6	42981986	42989031	+
KLHDC4	16	87741417	87799592	-
KLHDC7A	1	18807423	18812480	+
KLHDC7B	22	50984327	50989452	+
KLHDC8A	1	205305188	205326218	-
KLHDC8B	3	49209030	49213919	+
KLHDC9	1	161068150	161070136	+
KLHL1	13	70274724	70682625	-
KLHL10	17	39991936	40004636	+
KLHL11	17	40004770	40021676	-
KLHL12	1	202860248	202897727	-
KLHL13	X	117031775	117251303	-
KLHL14	18	30252635	30352986	-
KLHL15	X	24001838	24045303	-
KLHL17	1	895963	901099	+
KLHL18	3	47324433	47388306	+
KLHL2	4	166128712	166244308	+
KLHL20	1	173684119	173755825	+
KLHL21	1	6650783	6662929	-
KLHL22	22	20795805	20850082	-
KLHL23	2	170590341	170608388	+
KLHL24	3	183353410	183402304	+
KLHL25	15	86302558	86338156	-
KLHL26	19	18747837	18782530	+
KLHL28	14	45393526	45431150	-
KLHL29	2	23608049	23931476	+
KLHL3	5	136953188	137071778	-
KLHL30	2	239047308	239061586	+
KLHL31	6	53512713	53530554	-
KLHL32	6	97345958	97588630	+
KLHL33	14	20894010	20904325	-
KLHL34	X	21672807	21676448	-
KLHL35	11	75133437	75141674	-
KLHL36	16	84682116	84701292	+
KLHL38	8	124656682	124666041	-
KLHL4	X	86772804	86925050	+
KLHL40	3	42727028	42734036	+
KLHL41	2	170366211	170382767	+
KLHL42	12	27933165	27955973	+
KLHL5	4	39046450	39127853	+
KLHL6	3	183205338	183273494	-
KLHL6-AS1	3	183266522	183270114	+
KLHL7	7	23145352	23217533	+
KLHL7-DT	7	23140846	23145322	-
KLHL8	4	88081255	88141770	-
KLHL9	9	21329663	21335403	-
KLK1	19	51322401	51327043	-
KLK10	19	51515994	51523431	-
KLK11	19	51525491	51531247	-
KLK12	19	51532349	51538258	-
KLK13	19	51558882	51568349	-
KLK14	19	51580750	51587467	-
KLK15	19	51328544	51334779	-
KLK2	19	51376688	51383823	+
KLK3	19	51358170	51364020	+
KLK4	19	51409607	51413994	-
KLK5	19	51446558	51456294	-
KLK6	19	51461886	51472847	-
KLK7	19	51479723	51487320	-
KLK8	19	51499263	51504958	-
KLK9	19	51505763	51512848	-
KLKB1	4	187148660	187179625	+
KLKP1	19	51385351	51399654	-
KLLN	10	89618915	89623290	-
KLRA1P	12	10741076	10752434	-
KLRB1	12	9747146	9760512	-
KLRC1	12	10594862	10607284	-
KLRC2	12	10583205	10588592	-
KLRC3	12	10564913	10573194	-
KLRC4	12	10559982	10562356	-
KLRC4-KLRK1	12	10524951	10562745	-
KLRD1	12	10391559	10482207	+
KLRF1	12	9952647	9997603	+
KLRF2	12	10034087	10048432	+
KLRG1	12	9102639	9163347	+
KLRG2	7	139137435	139168419	-
KLRK1	12	10524951	10542640	-
KLRK1-AS1	12	10516367	10551105	+
KMO	1	241695677	241758944	+
KMT2A	11	118307206	118397547	+
KMT2B	19	36208904	36229779	+
KMT2C	7	151832009	152133088	-
KMT2D	12	49412760	49454577	-
KMT2E	7	104654636	104755464	+
KMT2E-AS1	7	104650988	104654588	-
KMT5A	12	123868678	123893900	+
KMT5B	11	67922329	67981115	-
KMT5C	19	55851243	55859489	+
KNCN	1	47011312	47017319	-
KNDC1	10	134973722	135039916	+
KNG1	3	186435147	186462199	+
KNL1	15	40886446	40956539	+
KNOP1	16	19713258	19729549	-
KNSTRN	15	40674921	40686489	+
KNTC1	12	123011795	123110943	+
KPNA1	3	122140749	122233786	-
KPNA2	17	66031850	66042975	+
KPNA3	13	50273455	50366818	-
KPNA4	3	160212794	160283359	-
KPNA5	6	117002373	117063030	+
KPNA6	1	32573656	32642164	+
KPNA7	7	98771194	98805738	-
KPNB1	17	45727284	45762871	+
KPRP	1	152730500	152734528	+
KPTN	19	47978406	47987476	-
KRAS	12	25358179	25403863	-
KRBA1	7	149412101	149431664	+
KRBA2	17	8262140	8280022	-
KRBOX1	3	42977877	42984283	+
KRBOX1-AS1	3	42975735	42978277	-
KRBOX4	X	46306623	46334074	+
KRCC1	2	88326723	88355302	-
KREMEN1	22	29469022	29564321	+
KREMEN2	16	3014275	3018381	+
KRI1	19	10663760	10676686	-
KRIT1	7	91828282	91875414	-
KRR1	12	75884642	75905389	-
KRT1	12	53068519	53074191	-
KRT10	17	38974368	38978866	-
KRT12	17	39017554	39023475	-
KRT13	17	39657232	39661864	-
KRT14	17	39738530	39743147	-
KRT15	17	39669996	39675142	-
KRT16	17	39766030	39769019	-
KRT16P1	17	18343221	18346208	+
KRT16P2	17	16733796	16736147	-
KRT16P3	17	20404825	20407811	-
KRT17	17	39775693	39780827	-
KRT17P1	17	16744100	16749186	-
KRT17P2	17	18330174	18335240	+
KRT17P5	17	18325494	18328647	+
KRT18	12	53342654	53346690	+
KRT18P55	17	26603011	26634408	-
KRT19	17	39679868	39684560	-
KRT19P2	12	95228229	95228804	+
KRT2	12	53038341	53045995	-
KRT20	17	39032140	39041494	-
KRT222	17	38810916	38821429	-
KRT23	17	39078951	39093898	-
KRT24	17	38854242	38860004	-
KRT25	17	38904272	38911583	-
KRT26	17	38922489	38928411	-
KRT27	17	38933059	38938802	-
KRT28	17	38948447	38956211	-
KRT3	12	53183468	53189901	-
KRT31	17	39549972	39553860	-
KRT32	17	39615764	39623638	-
KRT33A	17	39502344	39507080	-
KRT33B	17	39519749	39526065	-
KRT34	17	39533920	39538636	-
KRT35	17	39632940	39637392	-
KRT36	17	39642387	39646116	-
KRT37	17	39576798	39580837	-
KRT38	17	39592405	39597235	-
KRT39	17	39114668	39123200	-
KRT4	12	53200332	53207900	-
KRT40	17	39133966	39143387	-
KRT42P	17	39782578	39796451	-
KRT5	12	52908358	52914178	-
KRT6A	12	52880959	52887041	-
KRT6B	12	52840434	52845930	-
KRT6C	12	52862299	52867589	-
KRT7	12	52627026	52642705	+
KRT7-AS	12	52638826	52641232	-
KRT71	12	52937692	52946929	-
KRT72	12	52979372	52995247	-
KRT73	12	53001353	53012343	-
KRT73-AS1	12	53003634	53009089	+
KRT74	12	52959565	52967627	-
KRT75	12	52817853	52828155	-
KRT76	12	53161938	53171129	-
KRT77	12	53083409	53097308	-
KRT78	12	53231587	53242778	-
KRT79	12	53215191	53228095	-
KRT8	12	53290974	53343644	-
KRT80	12	52562779	52585798	-
KRT81	12	52679696	52685318	-
KRT82	12	52787714	52800119	-
KRT83	12	52708084	52715182	-
KRT84	12	52771595	52779436	-
KRT85	12	52753789	52761265	-
KRT86	12	52668428	52702947	+
KRT87P	12	52644327	52652292	-
KRT8P41	11	9115909	9117737	+
KRT9	17	39722088	39728311	-
KRTAP1-1	17	39196792	39197702	-
KRTAP1-3	17	39190136	39191126	-
KRTAP1-4	17	39185928	39186377	-
KRTAP1-5	17	39182278	39183460	-
KRTAP10-1	21	45958863	45960078	-
KRTAP10-10	21	46057272	46058372	+
KRTAP10-11	21	46066330	46067566	+
KRTAP10-12	21	46117086	46117959	+
KRTAP10-2	21	45970239	45971388	-
KRTAP10-3	21	45977672	45978678	-
KRTAP10-4	21	45993605	45995248	+
KRTAP10-5	21	45999331	46000481	-
KRTAP10-6	21	46011148	46012386	-
KRTAP10-7	21	46020496	46022091	+
KRTAP10-8	21	46031995	46032871	+
KRTAP10-9	21	46047009	46048295	+
KRTAP11-1	21	32252963	32253899	-
KRTAP12-1	21	46101490	46102078	-
KRTAP12-2	21	46086105	46086844	-
KRTAP12-3	21	46077848	46078258	+
KRTAP12-4	21	46074129	46074576	-
KRTAP13-1	21	31768348	31769138	+
KRTAP13-2	21	31743707	31744589	-
KRTAP13-3	21	31797697	31798244	-
KRTAP13-4	21	31802571	31803216	+
KRTAP15-1	21	31812596	31813187	+
KRTAP16-1	17	39463951	39465505	-
KRTAP17-1	17	39471163	39471962	-
KRTAP19-1	21	31852024	31852686	-
KRTAP19-2	21	31859361	31859755	-
KRTAP19-3	21	31863779	31864331	-
KRTAP19-4	21	31869141	31869483	-
KRTAP19-5	21	31873974	31874459	-
KRTAP19-6	21	31913853	31914183	-
KRTAP19-7	21	31933193	31933632	-
KRTAP19-8	21	32410477	32410795	-
KRTAP2-1	17	39202795	39203568	-
KRTAP2-2	17	39210750	39211463	-
KRTAP2-3	17	39215491	39216366	-
KRTAP2-4	17	39221367	39222131	-
KRTAP20-1	21	31988743	31989018	+
KRTAP20-2	21	32007524	32007938	+
KRTAP20-3	21	32015182	32015455	+
KRTAP20-4	21	31992945	31993169	+
KRTAP21-1	21	32127332	32127746	-
KRTAP21-2	21	32119111	32119577	-
KRTAP21-3	21	32090842	32091095	-
KRTAP22-1	21	31973405	31973701	+
KRTAP22-2	21	31962423	31962716	-
KRTAP23-1	21	31720716	31720924	-
KRTAP24-1	21	31653626	31655268	-
KRTAP25-1	21	31661462	31661832	-
KRTAP26-1	21	31691441	31692633	-
KRTAP27-1	21	31709330	31710012	-
KRTAP29-1	17	39458077	39459103	-
KRTAP3-1	17	39164773	39165380	-
KRTAP3-2	17	39155444	39156158	-
KRTAP3-3	17	39149681	39150416	-
KRTAP4-1	17	39340351	39341163	-
KRTAP4-11	17	39273433	39274625	-
KRTAP4-12	17	39279344	39280434	-
KRTAP4-2	17	39333697	39334473	-
KRTAP4-3	17	39323482	39324473	-
KRTAP4-4	17	39315900	39317000	-
KRTAP4-5	17	39305175	39306077	-
KRTAP4-6	17	39295684	39296739	-
KRTAP4-7	17	39240458	39241396	+
KRTAP4-8	17	39253233	39274600	-
KRTAP4-9	17	39261640	39262740	+
KRTAP5-1	11	1605571	1606513	-
KRTAP5-10	11	71276608	71277780	+
KRTAP5-11	11	71292900	71293921	-
KRTAP5-2	11	1618406	1619524	-
KRTAP5-3	11	1628794	1629693	-
KRTAP5-4	11	1642187	1643368	-
KRTAP5-5	11	1651032	1652159	+
KRTAP5-6	11	1718424	1718985	+
KRTAP5-7	11	71238312	71239715	+
KRTAP5-8	11	71249070	71250255	+
KRTAP5-9	11	71259465	71260654	+
KRTAP5-AS1	11	1593970	1620414	+
KRTAP6-1	21	31986004	31986223	-
KRTAP6-2	21	31971004	31971193	-
KRTAP6-3	21	31964758	31965394	+
KRTAP7-1	21	32201357	32202078	-
KRTAP8-1	21	32185014	32185592	-
KRTAP9-1	17	39346138	39346891	+
KRTAP9-2	17	39382899	39383904	+
KRTAP9-3	17	39388700	39389706	+
KRTAP9-4	17	39405938	39406905	+
KRTAP9-6	17	39421629	39422112	+
KRTAP9-7	17	39431949	39432459	+
KRTAP9-8	17	39394250	39395256	+
KRTAP9-9	17	39388751	39412616	+
KRTCAP2	1	155141883	155145780	-
KRTCAP3	2	27665232	27669348	+
KRTDAP	19	35978225	35981366	-
KSR1	17	25783473	25953461	+
KSR2	12	117890816	118406795	-
KTI12	1	52497774	52499482	-
KTN1	14	56046924	56151302	+
KTN1-AS1	14	56042874	56046810	-
KU-MEL-3	6	4610798	4612153	+
KXD1	19	18668571	18680197	+
KY	3	134318764	134369864	-
KYAT1	9	131595220	131644802	-
KYAT3	1	89386726	89458643	-
KYNU	2	143635232	143813402	+
L1CAM	X	153126968	153151627	-
L1TD1	1	62660520	62678000	+
L2HGDH	14	50709151	50778947	-
L3HYPDH	14	59939323	59951126	-
L3MBTL1	20	42136336	42179594	+
L3MBTL2	22	41601315	41627275	+
L3MBTL2-AS1	22	41605125	41613631	-
L3MBTL3	6	130339725	130462594	+
L3MBTL4	18	5954704	6415258	-
L3MBTL4-AS1	18	6256742	6260933	+
LACC1	13	44453313	44468068	+
LACRT	12	55024594	55028679	-
LACTB	15	63414059	63434260	+
LACTB2	8	71549500	71581420	-
LACTB2-AS1	8	71520811	71575513	+
LACTBL1	1	23279535	23299359	-
LAD1	1	201349960	201368452	-
LAG3	12	6881685	6887621	+
LAGE3	X	153706107	153707596	-
LAIR1	19	54862992	54882163	-
LAIR2	19	55014046	55021897	+
LALBA	12	48961466	48965628	-
LAMA1	18	6941740	7117796	-
LAMA2	6	129204282	129837710	+
LAMA3	18	21269416	21535029	+
LAMA4	6	112429133	112575917	-
LAMA4-AS1	6	112557796	112627885	+
LAMA5	20	60884120	60942368	-
LAMA5-AS1	20	60928065	60931534	+
LAMB1	7	107564243	107643606	-
LAMB2	3	49158546	49170483	-
LAMB2P1	3	49190291	49191834	-
LAMB3	1	209788214	209825770	-
LAMB4	7	107663999	107770806	-
LAMC1	1	182992554	183114727	+
LAMC1-AS1	1	183107537	183110405	-
LAMC2	1	183155398	183214262	+
LAMC3	9	133884560	133969860	+
LAMP1	13	113951553	113977987	+
LAMP2	X	119560002	119603204	-
LAMP3	3	182840002	182880522	-
LAMP5	20	9495004	9511171	+
LAMP5-AS1	20	9485826	9495645	-
LAMTOR1	11	71808337	71814343	-
LAMTOR2	1	156024572	156028297	+
LAMTOR3	4	100799492	100815703	-
LAMTOR4	7	99746540	99751835	+
LAMTOR5	1	110943875	110950546	-
LAMTOR5-AS1	1	110950430	110958896	+
LANCL1	2	211295972	211341499	-
LANCL1-AS1	2	211189435	211335057	+
LANCL2	7	55433029	55501430	+
LANCL3	X	37430913	37543716	+
LAP3	4	17578820	17609593	+
LAPTM4A	2	20232410	20251389	-
LAPTM4B	8	98788015	98865241	+
LAPTM5	1	31205315	31230621	-
LARGE-AS1	22	34120971	34146803	+
LARGE1	22	33668495	34318812	-
LARGE2	11	45943171	45950647	+
LARP1	5	154062538	154197163	+
LARP1B	4	128982466	129144081	+
LARP4	12	50794591	50873788	+
LARP4B	10	852853	977645	-
LARP6	15	71121469	71146496	-
LARP7	4	113558119	113578748	+
LARS1	5	145492588	145562350	-
LARS2	3	45430067	45590899	+
LARS2-AS1	3	45524186	45551037	-
LAS1L	X	64732461	64754686	-
LASP1	17	37026111	37078023	+
LASTR	10	5636947	5638081	-
LAT	16	28996123	29002105	+
LAT2	7	73624335	73644164	+
LATS1	6	149979288	150039392	-
LATS2	13	21547175	21635725	-
LAX1	1	203734310	203745480	+
LAYN	11	111411004	111432470	+
LBH	2	30454399	30482894	+
LBHD1	11	62430288	62439255	-
LBHD2	14	103550546	103556364	+
LBP	20	36974884	37005655	+
LBR	1	225589203	225616557	-
LBX1	10	102986732	102988717	-
LBX1-AS1	10	102989350	102998616	+
LBX2	2	74724643	74730443	-
LBX2-AS1	2	74729719	74732192	+
LCA10	X	153146126	153154427	+
LCA5	6	80194707	80247147	-
LCA5L	21	40777653	40817704	-
LCAL1	6	80017385	80023101	-
LCAT	16	67973652	67978023	-
LCE1A	1	152799948	152800573	+
LCE1B	1	152784446	152785584	+
LCE1C	1	152777307	152779127	-
LCE1D	1	152769196	152770657	+
LCE1E	1	152758732	152760901	+
LCE1F	1	152748847	152749445	+
LCE2A	1	152670820	152671918	+
LCE2B	1	152658598	152659873	+
LCE2C	1	152647790	152649049	+
LCE2D	1	152635855	152637135	+
LCE3A	1	152595309	152595579	-
LCE3B	1	152586286	152586574	+
LCE3C	1	152572709	152573562	+
LCE3D	1	152551856	152552992	-
LCE3E	1	152538129	152539256	-
LCE4A	1	152681522	152681910	+
LCE5A	1	152483278	152484653	+
LCE6A	1	152815331	152816459	+
LCK	1	32716865	32751768	+
LCLAT1	2	30670111	30867091	+
LCMT1	16	25123062	25189549	+
LCMT1-AS1	16	25111884	25122876	-
LCMT1-AS2	16	25151891	25160353	-
LCMT2	15	43615846	43622771	-
LCN1	9	138413285	138418386	+
LCN10	9	139632624	139637392	-
LCN12	9	139846724	139849949	+
LCN15	9	139654085	139658970	-
LCN2	9	130911731	130915732	+
LCN6	9	139638469	139642977	-
LCN8	9	139648839	139652995	-
LCN9	9	138555167	138557755	+
LCNL1	9	139877444	139880210	+
LCOR	10	98592054	98755713	+
LCORL	4	17842820	18023498	-
LCP1	13	46700057	46756312	-
LCP2	5	169673236	169724781	-
LCT	2	136545419	136594754	-
LCT-AS1	2	136577760	136580657	+
LCTL	15	66839516	66858336	-
LDAH	2	20883773	21022890	-
LDB1	10	103866245	103880125	-
LDB2	4	16503156	16900432	-
LDB3	10	88426544	88495829	+
LDC1P	1	31971838	31974167	+
LDHA	11	18415935	18429972	+
LDHAL6A	11	18477402	18501148	+
LDHAL6B	15	59499041	59500785	+
LDHB	12	21788275	21810789	-
LDHC	11	18433852	18473609	+
LDHD	16	75145757	75150678	-
LDLR	19	11200138	11244496	+
LDLR-AS1	19	11199743	11200335	-
LDLRAD1	1	54472970	54483859	-
LDLRAD2	1	22138757	22151716	+
LDLRAD3	11	35965530	36253686	+
LDLRAD4	18	13217680	13652753	+
LDLRAD4-AS1	18	13419497	13427533	-
LDLRAP1	1	25870096	25895377	+
LDOC1	X	140267419	140271314	-
LEAP2	5	132209359	132210724	+
LECT2	5	135282592	135290672	-
LEF1	4	108968700	109090112	-
LEF1-AS1	4	109088680	109097586	+
LEFTY1	1	226073981	226076846	-
LEFTY2	1	226124297	226129192	-
LEKR1	3	156544095	156763918	+
LELP1	1	153175905	153177596	+
LEMD1	1	205350506	205391184	-
LEMD1-AS1	1	205342379	205356568	+
LEMD1-DT	1	205425185	205438152	+
LEMD2	6	33738989	33756907	-
LEMD3	12	65563362	65642135	+
LENEP	1	154966061	154966797	+
LENG1	19	54658898	54663459	-
LENG8	19	54960376	54973196	+
LENG8-AS1	19	54955993	54960216	-
LENG9	19	54972911	54974961	-
LEO1	15	52230221	52263998	-
LEP	7	127881330	127897682	+
LEPR	1	65886334	66107242	+
LEPROT	1	65886350	65901690	+
LEPROTL1	8	29952923	29995864	+
LERFS	9	66513679	66553911	-
LETM1	4	1813205	1857883	-
LETM2	8	38243958	38267042	+
LETMD1	12	51442002	51462737	+
LEUTX	19	40267092	40276931	+
LEXM	1	55271735	55307937	+
LFNG	7	2552162	2568810	+
LGALS1	22	38071642	38075809	+
LGALS12	11	63273555	63284244	+
LGALS13	19	40093163	40098114	+
LGALS14	19	40195120	40200084	+
LGALS16	19	40146552	40151287	+
LGALS17A	19	40170013	40177013	+
LGALS2	22	37966254	37976094	-
LGALS3	14	55595969	55612148	+
LGALS3BP	17	76967336	76976005	-
LGALS4	19	39292313	39303585	-
LGALS7	19	39261607	39264157	-
LGALS7B	19	39279839	39282394	+
LGALS8	1	236681513	236716279	+
LGALS8-AS1	1	236686368	236687808	-
LGALS9	17	25958213	25976586	+
LGALS9B	17	20352707	20370848	-
LGALS9C	17	18380102	18398259	+
LGALSL	2	64681295	64688513	+
LGI1	10	95517565	95557931	+
LGI2	4	25000468	25032568	-
LGI3	8	22004342	22014319	-
LGI4	19	35615416	35625963	-
LGMN	14	93170154	93214972	-
LGR4	11	27387507	27494337	-
LGR4-AS1	11	27493277	27503980	+
LGR5	12	71833577	71980088	+
LGR6	1	202163117	202288889	+
LGSN	6	63985855	64029888	-
LHB	19	49519236	49520348	-
LHCGR	2	48913912	48982863	-
LHFPL1	X	111873875	111923166	-
LHFPL2	5	77781052	77944595	-
LHFPL3	7	103969103	104549003	+
LHFPL3-AS1	7	104436953	104444539	-
LHFPL3-AS2	7	104535074	104567092	-
LHFPL4	3	9540044	9595506	-
LHFPL5	6	35773128	35791846	+
LHFPL6	13	39917028	40177330	-
LHPP	10	126150391	126302710	+
LHX1	17	35294771	35301912	+
LHX1-DT	17	35218934	35293960	-
LHX2	9	126774046	126795580	+
LHX3	9	139088095	139096974	-
LHX4	1	180199398	180248119	+
LHX4-AS1	1	180238797	180243816	-
LHX5	12	113899837	113909676	-
LHX5-AS1	12	113909807	113918286	+
LHX6	9	124964855	124991236	-
LHX8	1	75594118	75627218	+
LHX9	1	197881634	197904608	+
LIAS	4	39460643	39481126	+
LIF	22	30636441	30642748	-
LIF-AS1	22	30635182	30636527	+
LIFR	5	38474769	38595507	-
LIFR-AS1	5	38556887	38671318	+
LIG1	19	48618701	48673860	-
LIG3	17	33307516	33336762	+
LIG4	13	108859790	108870697	-
LILRA1	19	55105040	55113846	+
LILRA2	19	55084454	55101752	+
LILRA3	19	54799849	54804265	-
LILRA4	19	54844455	54850433	-
LILRA5	19	54818352	54824436	-
LILRA6	19	54740465	54746644	-
LILRB1	19	55128383	55148981	+
LILRB2	19	54777665	54785033	-
LILRB3	19	54720146	54746631	-
LILRB4	19	55174270	55181810	+
LILRB5	19	54753278	54761136	-
LILRP2	19	55219699	55224955	+
LIM2	19	51883162	51891228	-
LIMA1	12	50569562	50677303	-
LIMCH1	4	41361623	41702061	+
LIMD1	3	45636242	45727832	+
LIMD1-AS1	3	45719656	45730374	-
LIMD2	17	61773247	61777485	-
LIME1	20	62367052	62370460	+
LIMK1	7	73498133	73536855	+
LIMK2	22	31608283	31676066	+
LIMS1	2	109150126	109303702	+
LIMS1-AS1	2	109293250	109295057	-
LIMS2	2	128395955	128439360	-
LIMS3	2	110656264	111230396	-
LIMS3-LOC440895	2	110656008	111230652	+
LIMS4	2	110656008	111230652	+
LIN28A	1	26737307	26756219	+
LIN28B	6	105404981	105531207	+
LIN28B-AS1	6	105384168	105388402	-
LIN37	19	36239476	36245420	+
LIN52	14	74551658	74668196	+
LIN54	4	83845756	83934094	-
LIN7A	12	81186299	81331713	-
LIN7B	19	49617626	49621717	+
LIN7C	11	27515964	27528316	-
LIN9	1	226418849	226497468	-
LINC-PINT	7	130562320	130794675	-
LINC-ROR	18	54721789	54739350	-
LINC00028	20	30073580	30075377	+
LINC00029	20	61665568	61668380	-
LINC00032	9	27245681	27282791	-
LINC00051	8	143279716	143290364	+
LINC00052	15	88120159	88122917	+
LINC00092	9	98782013	98784093	-
LINC00111	21	43099461	43117496	+
LINC00112	21	43136595	43137742	+
LINC00113	21	29094697	29123552	+
LINC00114	21	40110944	40145401	-
LINC00115	1	761585	762902	-
LINC00158	21	26758132	26804013	-
LINC00159	21	33452793	33458608	-
LINC00160	21	36096104	36109479	-
LINC00161	21	29911639	29912677	+
LINC00163	21	46409778	46414001	-
LINC00167	11	129872518	129875381	+
LINC00173	12	116971226	116974318	+
LINC00174	7	65841030	65865395	-
LINC00184	1	234765056	234770526	+
LINC00189	21	30565814	30660526	+
LINC00200	10	1205707	1210612	+
LINC00205	21	46707966	46717269	+
LINC00207	22	44965219	44968329	+
LINC00208	8	11434043	11438850	+
LINC00210	1	218066241	218094146	+
LINC00211	2	38053389	38103006	-
LINC00216	14	58754750	58755870	+
LINC00221	14	106938444	106951529	+
LINC00222	6	109072856	109091145	+
LINC00226	14	106744268	106744966	+
LINC00229	22	45002207	45021299	-
LINC00235	16	576846	577407	-
LINC00237	20	21068244	21086999	-
LINC00239	14	102196773	102198862	+
LINC00240	6	26924771	26991753	+
LINC00242	6	170188885	170198921	-
LINC00243	6	30780642	30798436	-
LINC00244	7	156333184	156333795	+
LINC00251	8	66073379	66092575	-
LINC00254	16	1928285	1934232	-
LINC00260	1	203699704	203700979	+
LINC00261	20	22541190	22559280	-
LINC00265	7	39773166	39834222	+
LINC00266-1	20	62921737	62934707	+
LINC00266-3	6	140263	148159	-
LINC00269	X	68399399	68429767	+
LINC00271	6	135818938	136037193	+
LINC00272	1	182376755	182383948	+
LINC00276	2	14368997	14541082	-
LINC00278	Y	2871036	2970313	+
LINC00279	Y	8506334	8513170	+
LINC00280	Y	6225259	6229454	-
LINC00290	4	181985242	182080302	-
LINC00293	8	47752507	47767407	+
LINC00294	11	33097695	33101000	+
LINC00297	13	30446749	30462542	-
LINC00298	2	8062555	8116945	-
LINC00299	2	8147900	8468549	-
LINC00301	11	60383223	60454621	+
LINC00302	1	152627952	152629280	+
LINC00303	1	204001574	204010392	-
LINC00304	16	89225627	89230083	+
LINC00305	18	61747242	61816260	-
LINC00307	21	31581468	31584101	-
LINC00308	21	23470935	23488847	+
LINC00309	2	64412212	64432619	-
LINC00310	21	35552977	35562220	+
LINC00311	16	85316563	85321685	+
LINC00312	3	8613467	8616354	+
LINC00313	21	44881973	44898103	-
LINC00314	21	29385681	29395528	+
LINC00316	21	46758504	46761905	-
LINC00317	21	23095612	23109639	-
LINC00319	21	44866480	44873782	+
LINC00320	21	22114907	22175426	-
LINC00322	21	44742088	44751919	-
LINC00323	21	42513426	42519991	-
LINC00324	17	8123947	8127361	-
LINC00326	6	133409218	133427717	+
LINC00327	13	24043650	24061603	+
LINC00330	13	45373639	45383766	-
LINC00331	13	79361453	79414185	-
LINC00332	13	40755945	40763167	+
LINC00333	13	84714736	85180903	+
LINC00334	21	46654254	46678645	+
LINC00336	6	33553882	33561115	-
LINC00337	1	6296299	6299502	+
LINC00339	1	22351683	22357717	+
LINC00342	2	96472799	96492729	-
LINC00343	13	106359178	106414145	+
LINC00347	13	75126979	75131257	+
LINC00348	13	71589272	71742549	+
LINC00350	13	20161257	20162630	+
LINC00351	13	85937737	86118797	+
LINC00353	13	90201047	90216667	-
LINC00354	13	112547691	112555490	+
LINC00355	13	64560503	64650144	-
LINC00358	13	62577657	62603681	-
LINC00359	13	97593534	97636426	-
LINC00363	13	93697593	93710179	+
LINC00364	13	67946518	67954126	+
LINC00365	13	30677314	30683012	-
LINC00366	13	39141860	39153653	+
LINC00367	13	21512702	21523567	-
LINC00368	13	111748184	111758237	+
LINC00373	13	88795121	88888337	+
LINC00374	13	58785830	58807251	-
LINC00375	13	85639221	85722192	-
LINC00376	13	63757234	63902227	-
LINC00377	13	81592525	81618577	+
LINC00378	13	61247088	61269934	+
LINC00379	13	91779866	91863952	-
LINC00380	13	91739508	91743693	-
LINC00381	13	74993309	75009296	+
LINC00382	13	80446720	80492171	+
LINC00383	13	69796477	69896231	+
LINC00384	13	30726023	30727211	-
LINC00390	13	44680226	44721871	-
LINC00392	13	74138380	74162016	+
LINC00395	13	64241814	64312151	-
LINC00396	13	110705631	110707299	+
LINC00397	13	88453297	88462775	-
LINC00398	13	31377342	31384782	+
LINC00399	13	110053042	110053986	+
LINC00400	13	43687300	43733602	+
LINC00402	13	74805580	74834113	+
LINC00407	13	45214504	45275152	+
LINC00408	13	19479578	19500881	+
LINC00410	13	91543207	91578851	-
LINC00411	13	101591774	101596618	-
LINC00412	13	27810418	27811394	-
LINC00415	13	26626413	26633660	-
LINC00417	13	19312239	19314239	-
LINC00421	13	19919188	19920889	+
LINC00423	13	33383327	33485790	-
LINC00424	13	22446934	22452299	-
LINC00426	13	30914402	30948051	-
LINC00428	13	43416547	43446880	-
LINC00430	13	87564174	87589062	+
LINC00431	13	111618373	111642949	+
LINC00433	13	89193083	89197764	+
LINC00434	13	60788480	60842238	-
LINC00437	13	39106136	39260812	-
LINC00440	13	89887544	89932494	+
LINC00442	13	19582398	19586774	+
LINC00443	13	107306227	107324528	+
LINC00445	13	36271660	36273392	+
LINC00446	13	78587017	78627730	+
LINC00448	13	63246417	63381492	-
LINC00449	13	100151976	100153317	-
LINC00452	13	114598075	114624290	+
LINC00454	13	114581600	114586459	-
LINC00456	13	97824635	97831876	-
LINC00457	13	35009590	35214822	-
LINC00458	13	54698458	54707006	-
LINC00459	13	62897789	62902968	+
LINC00460	13	107028911	107030943	+
LINC00461	5	87834083	87986858	-
LINC00462	13	49151109	49155037	-
LINC00463	13	25746961	25754139	-
LINC00466	1	63624753	63782928	-
LINC00467	1	211556096	211605877	+
LINC00469	17	71745408	71824676	-
LINC00470	18	1268311	1359630	-
LINC00471	2	232373136	232379050	-
LINC00472	6	72117566	72130448	-
LINC00473	6	166337535	166401527	-
LINC00474	9	118650442	118687486	-
LINC00475	9	94903748	94921890	+
LINC00476	9	98568369	98638259	-
LINC00477	12	24719897	24737102	-
LINC00479	21	43131679	43135935	-
LINC00482	17	79276623	79283048	-
LINC00484	9	93881343	93945044	+
LINC00485	12	103203060	103218177	-
LINC00486	2	33050499	33171202	+
LINC00487	2	6869299	6910442	-
LINC00488	3	108897011	108904108	+
LINC00489	20	36247699	36251521	-
LINC00491	5	101944195	102007168	-
LINC00492	5	101917071	101953291	+
LINC00494	20	46988653	46999381	+
LINC00499	4	139230864	139345498	+
LINC00501	3	177012229	177041223	+
LINC00502	10	92805564	92821916	+
LINC00504	4	14472089	14889793	-
LINC00506	3	87138429	87206219	+
LINC00507	12	128399954	128436097	+
LINC00508	12	128368534	128468436	-
LINC00511	17	70594179	70636611	-
LINC00513	7	130598222	130606705	+
LINC00514	16	3039054	3044510	+
LINC00515	21	26955086	26955536	-
LINC00517	14	38365264	38371329	-
LINC00518	6	10428017	10435055	-
LINC00519	14	51771028	51795103	-
LINC00520	14	56247852	56263392	-
LINC00523	14	101123604	101139081	+
LINC00524	14	101872323	101874259	-
LINC00525	7	47801073	47806370	+
LINC00526	18	5236722	5238028	-
LINC00528	22	18260055	18262247	+
LINC00533	6	28616062	28622252	-
LINC00534	8	91233715	91400187	+
LINC00535	8	94358694	94712661	-
LINC00536	8	116962735	117337297	-
LINC00537	9	68408674	68414763	+
LINC00538	1	214098091	214099996	+
LINC00539	13	21877650	21918998	-
LINC00540	13	22784423	22850659	+
LINC00543	13	28527662	28529500	+
LINC00544	13	30510667	30524625	+
LINC00545	13	31456698	31457532	+
LINC00547	13	38109076	38125673	+
LINC00548	13	40768645	40794639	-
LINC00550	13	69435415	69459457	-
LINC00551	13	107270157	107284006	+
LINC00552	13	114451483	114454062	-
LINC00554	13	100647153	100650163	-
LINC00557	13	95612294	95613573	+
LINC00558	13	54389553	54450254	+
LINC00559	13	90712500	90771971	-
LINC00560	13	89279106	89282651	+
LINC00561	13	76506533	76509268	-
LINC00562	13	48504287	48506757	-
LINC00563	13	46870579	46871979	-
LINC00564	13	81800000	81801118	-
LINC00565	13	114629486	114631964	-
LINC00566	13	24905587	24911258	+
LINC00567	13	111462022	111465431	-
LINC00570	2	11534106	11543203	+
LINC00571	13	38624953	38717369	-
LINC00572	13	30492783	30500788	-
LINC00574	6	170190168	170202969	+
LINC00575	4	83534265	83542590	-
LINC00578	3	177159708	177470492	+
LINC00581	6	21486291	21512123	-
LINC00582	1	231727037	231747836	-
LINC00583	9	13927969	13945606	+
LINC00587	9	105281918	105419791	+
LINC00588	8	58192101	58197290	+
LINC00589	8	29578775	29605625	-
LINC00592	12	52604713	52617665	+
LINC00593	15	70127572	70135306	+
LINC00595	10	80027098	80039970	+
LINC00597	15	77516245	77517746	-
LINC00598	13	40921270	41055143	-
LINC00601	10	128102437	128110448	-
LINC00602	6	166401038	166403103	+
LINC00603	5	40052392	40053426	+
LINC00605	14	103653557	103655365	-
LINC00606	3	10801026	10805894	-
LINC00607	2	216476285	216708259	-
LINC00608	2	219841005	219842644	+
LINC00609	14	36539632	36634494	+
LINC00612	12	9208184	9217666	-
LINC00613	4	136788137	136834835	-
LINC00615	12	91311799	91342446	+
LINC00616	4	138948576	139051839	-
LINC00618	14	97409915	97411731	+
LINC00619	10	44340753	44346070	+
LINC00620	3	13692220	13788132	+
LINC00621	13	23450530	23490508	-
LINC00622	1	120140324	120141914	-
LINC00623	1	144298163	149619134	-
LINC00624	1	146853913	146989699	-
LINC00626	1	168756178	168762126	+
LINC00628	1	204337557	204338847	-
LINC00629	X	133684053	133694428	+
LINC00630	X	102024080	102219450	+
LINC00632	X	139791923	139854841	+
LINC00634	22	42348190	42354946	+
LINC00635	3	107560508	107596915	-
LINC00636	3	107602051	107647753	+
LINC00637	14	104314057	104324386	+
LINC00638	14	105287537	105290055	+
LINC00639	14	39218542	39386086	-
LINC00640	14	51800110	51832276	+
LINC00641	14	21668237	21675059	-
LINC00642	14	90921573	90925249	+
LINC00643	14	62584074	62600903	+
LINC00644	14	62600867	62606691	-
LINC00645	14	28081793	28108842	+
LINC00648	14	48234155	48264217	-
LINC00649	21	35303425	35343487	+
LINC00652	20	18768614	18775228	-
LINC00653	20	18774692	18776709	+
LINC00654	20	5476712	5485242	-
LINC00656	20	23105705	23113273	-
LINC00658	20	5412602	5426394	-
LINC00659	20	61405472	61408208	-
LINC00661	19	16126443	16138272	+
LINC00662	19	28281400	28284848	-
LINC00663	19	19867180	19887222	-
LINC00664	19	21666516	21686040	+
LINC00665	19	36803962	36822620	-
LINC00667	18	5238098	5246505	+
LINC00668	18	6925472	6929868	-
LINC00670	17	12453284	12540504	+
LINC00671	17	41026690	41050751	-
LINC00672	17	37081420	37085637	+
LINC00673	17	70399462	70588943	-
LINC00674	17	66097695	66132070	+
LINC00676	13	110380620	110382381	+
LINC00677	14	103587185	103589246	-
LINC00678	11	27639172	27656174	-
LINC00680	6	58272111	58287724	-
LINC00680-GUSBP4	6	58246158	58287724	-
LINC00681	8	12651748	12675800	+
LINC00682	4	41881538	41884628	-
LINC00683	18	74331733	74335516	+
LINC00687	20	11790634	11851363	-
LINC00689	7	158801044	158818929	+
LINC00690	3	16577824	16582880	+
LINC00691	3	24141464	24144738	-
LINC00692	3	25900022	25915186	-
LINC00693	3	28616768	28799828	+
LINC00696	3	52096109	52099128	-
LINC00698	3	63088363	63110737	+
LINC00700	10	2047666	2056542	-
LINC00701	10	2342512	2357268	-
LINC00702	10	4249067	4286104	-
LINC00703	10	4426437	4452804	+
LINC00705	10	4698347	4704606	+
LINC00706	10	6816264	6821142	-
LINC00707	10	6821559	6884868	+
LINC00708	10	8301294	8310268	-
LINC00709	10	9317575	9329019	+
LINC00710	10	10976902	10994126	-
LINC00824	8	129417515	129576925	-
LINC00836	10	25940640	26021864	+
LINC00837	10	29078239	29084979	-
LINC00838	10	34048640	34061608	-
LINC00839	10	42970938	42990785	+
LINC00840	10	44354858	44390881	+
LINC00841	10	44404743	44476713	+
LINC00842	10	47096453	47151400	-
LINC00844	10	60759277	60761377	+
LINC00845	10	62776032	62786175	+
LINC00847	5	180257956	180262726	+
LINC00850	X	148958632	149008599	+
LINC00851	20	18359692	18362127	+
LINC00852	3	10326102	10327430	+
LINC00853	1	47644921	47646011	+
LINC00856	10	80008381	80012402	+
LINC00857	10	81967465	81979413	+
LINC00858	10	86039735	86054415	+
LINC00861	8	126934766	126963441	-
LINC00862	1	200311671	200342920	-
LINC00863	10	89102167	89117059	+
LINC00865	10	91589249	91600618	+
LINC00866	10	99588234	99609555	-
LINC00867	10	120116619	120118715	+
LINC00868	17	74852247	74857918	+
LINC00869	1	144300467	149651107	-
LINC00870	3	72200407	72223490	+
LINC00871	14	46533361	46971104	+
LINC00877	3	72084669	72149606	-
LINC00879	3	94657106	94710172	+
LINC00880	3	156799455	156840791	-
LINC00881	3	156807669	156818924	+
LINC00882	3	106828636	106959485	-
LINC00884	3	194207868	194209274	+
LINC00885	3	195869506	195887761	+
LINC00886	3	156465131	156534851	-
LINC00887	3	194018988	194030593	-
LINC00888	3	183165395	183173800	+
LINC00891	X	70917045	71004228	+
LINC00892	X	135721701	135724588	+
LINC00893	X	148609131	148621312	-
LINC00894	X	149106765	149185018	+
LINC00895	22	19553652	19554362	-
LINC00896	22	20193854	20196060	+
LINC00898	22	48016791	48027318	-
LINC00899	22	46435786	46440748	-
LINC00900	11	115626050	115630918	-
LINC00901	3	116640277	116651085	+
LINC00903	3	116271319	116287288	+
LINC00904	19	35382932	35389847	-
LINC00905	19	16144522	16152945	+
LINC00906	19	29456037	29460055	+
LINC00907	18	39766632	40271389	+
LINC00908	18	74240611	74271784	+
LINC00909	18	72259009	72265071	-
LINC00910	17	41447212	41466266	-
LINC00911	14	85860222	85886418	+
LINC00917	16	86365455	86379285	-
LINC00919	16	52116976	52119021	-
LINC00920	16	66442426	66444803	+
LINC00921	16	3313767	3317566	+
LINC00922	16	65318401	65610203	-
LINC00923	15	98285845	98417659	-
LINC00924	15	95976321	96051076	+
LINC00926	15	57592562	57599967	+
LINC00927	15	80555409	80634147	-
LINC00928	15	90048160	90067265	-
LINC00929	15	26360959	26378184	+
LINC00930	15	93111047	93115493	-
LINC00933	15	85113879	85123412	+
LINC00934	12	119721629	119741185	-
LINC00937	12	8509559	8543348	-
LINC00938	12	46119502	46121704	-
LINC00939	12	126443229	126467920	-
LINC00940	12	2038367	2045742	-
LINC00941	12	30948614	30955645	+
LINC00942	12	1609656	1613590	+
LINC00943	12	127221552	127230800	+
LINC00944	12	127215246	127256808	-
LINC00945	21	34430134	34437385	+
LINC00951	6	40312083	40323745	-
LINC00954	2	20068614	20084808	+
LINC00955	4	3578595	3592712	+
LINC00957	7	44078647	44083895	+
LINC00958	11	13001080	13011095	-
LINC00960	3	75721431	75728454	+
LINC00963	9	132250938	132275965	+
LINC00964	8	125954249	125963337	+
LINC00965	8	7118140	7143880	-
LINC00967	8	67104348	67109554	+
LINC00968	8	57430877	57472382	-
LINC00970	1	168873142	169056243	-
LINC00971	3	84687555	84918726	-
LINC00972	7	85050437	85118654	+
LINC00974	17	39705857	39710747	-
LINC00976	8	129965124	129978247	-
LINC00977	8	130228712	130253486	-
LINC00987	12	9392598	9415473	+
LINC00989	4	80413746	80497614	+
LINC00992	5	116751207	116915439	+
LINC00993	10	37598113	37635956	+
LINC00994	3	64064036	64073039	-
LINC00996	7	150130741	150145228	+
LINC00997	7	32797897	32802536	+
LINC00999	10	38717073	38741081	+
LINC01000	7	128281294	128301052	+
LINC01001	11	127133	139117	-
LINC01002	19	197015	202209	-
LINC01003	7	152161208	152162630	+
LINC01004	7	104622193	104631612	-
LINC01005	7	63484795	63490480	-
LINC01006	7	156264792	156433229	-
LINC01007	7	101206034	101212286	-
LINC01010	6	134758853	134825158	+
LINC01011	6	2988200	2991405	+
LINC01012	6	27661813	27678001	+
LINC01013	6	132455117	132490514	+
LINC01014	3	178136988	178175093	+
LINC01015	6	29497182	29501345	+
LINC01016	6	33857287	33864684	-
LINC01017	5	3496485	3504118	-
LINC01018	5	6582248	6588613	+
LINC01019	5	3417265	3536208	-
LINC01020	5	5034471	5070115	+
LINC01022	7	158383320	158384625	+
LINC01023	5	108063525	108063962	-
LINC01028	17	68047411	68064236	+
LINC01029	18	75683252	75705683	-
LINC01030	8	91605002	91618291	-
LINC01031	1	193273874	193335083	+
LINC01033	5	53616773	53710955	+
LINC01036	1	187061973	187329376	+
LINC01037	1	187412759	187446354	+
LINC01038	13	80378520	80379817	+
LINC01039	13	100229365	100238233	+
LINC01040	13	90129860	90152763	-
LINC01043	13	112967780	112976080	+
LINC01044	13	112976880	112985539	-
LINC01046	13	21808706	21809343	+
LINC01047	13	89867101	89889144	-
LINC01048	13	38055600	38058921	-
LINC01049	13	91145541	91187595	+
LINC01050	13	43384501	43386698	-
LINC01052	13	66440178	66452351	+
LINC01053	13	25755469	25764795	+
LINC01054	13	115095231	115099423	-
LINC01055	13	46255333	46275319	-
LINC01056	20	61669362	61685215	+
LINC01058	13	30993575	30996381	-
LINC01060	4	189376731	189523062	+
LINC01061	4	120326677	120331815	-
LINC01063	3	196358374	196359458	-
LINC01065	13	53705880	53726035	-
LINC01068	13	80140861	80145581	+
LINC01069	13	78553900	78568908	-
LINC01070	13	112851646	112855316	+
LINC01072	13	20676839	20677369	+
LINC01074	13	62895437	62896531	+
LINC01075	13	62786414	62824084	+
LINC01078	13	75814723	75826148	+
LINC01080	13	80585211	80600798	+
LINC01081	16	86259185	86319853	-
LINC01082	16	86229786	86233324	+
LINC01085	4	14113591	14141676	+
LINC01087	2	132394597	132407188	+
LINC01088	4	79892901	80229953	+
LINC01089	12	122233172	122240852	-
LINC01090	2	188900322	189152418	-
LINC01091	4	124571145	124851933	+
LINC01093	4	185814153	185820615	-
LINC01094	4	79567147	79605655	+
LINC01095	4	147030606	147043065	-
LINC01096	4	13547699	13549448	-
LINC01097	4	13527942	13533041	-
LINC01098	4	178649910	178911904	+
LINC01099	4	178733199	178829090	-
LINC01100	3	159738435	159749210	+
LINC01101	2	121221910	121223925	-
LINC01102	2	105050804	105129215	+
LINC01103	2	105104913	105126967	-
LINC01104	2	100824715	100867946	+
LINC01106	2	111132685	111142113	-
LINC01107	2	239419330	239464140	-
LINC01108	6	14280357	14285685	-
LINC01111	8	77318888	77436567	+
LINC01114	2	105363094	105374177	-
LINC01115	2	779836	864112	-
LINC01116	2	177494308	177502302	-
LINC01117	2	177502481	177520686	+
LINC01118	2	47043806	47049799	+
LINC01119	2	47055002	47086145	+
LINC01120	2	132160473	132165801	+
LINC01121	2	45401479	45482080	-
LINC01122	2	58747887	59290901	+
LINC01123	2	110744556	111142102	+
LINC01124	2	171568948	171571077	-
LINC01126	2	43454349	43455994	+
LINC01127	2	102599926	102602007	+
LINC01128	1	762970	794826	+
LINC01132	1	234859788	234867390	+
LINC01133	1	159931013	159948876	+
LINC01134	1	3816967	3832011	+
LINC01135	1	59250822	59365384	+
LINC01136	1	203267885	203274453	-
LINC01137	1	37920479	37940044	-
LINC01138	1	143717587	143744519	-
LINC01139	1	238643683	238649317	-
LINC01140	1	87595447	87634886	+
LINC01141	1	20686293	20755287	-
LINC01142	1	170240545	170253349	-
LINC01143	2	71115000	71117114	+
LINC01144	1	45769581	45771291	+
LINC01145	1	149576280	149677285	+
LINC01146	14	88490893	88553688	+
LINC01147	14	88484948	88492656	-
LINC01148	14	87372121	87389099	+
LINC01149	6	31409443	31414750	+
LINC01150	11	1917988	1929589	+
LINC01151	8	123682623	123706345	-
LINC01152	17	70026794	70037438	+
LINC01159	2	105481954	105489053	-
LINC01160	1	112141628	112150940	-
LINC01162	7	20875049	21061771	+
LINC01163	10	130084213	130115990	+
LINC01164	10	133604733	133622535	-
LINC01166	10	134757470	134778793	-
LINC01167	10	134774843	134775741	-
LINC01168	10	134779037	134790001	+
LINC01169	15	66874527	66978136	+
LINC01170	5	123395486	123774213	-
LINC01173	2	235591311	235626408	+
LINC01176	7	30430500	30443670	+
LINC01177	16	9535150	9538842	-
LINC01179	4	166605790	166683930	+
LINC01180	17	42723731	42727717	-
LINC01181	8	104133259	104152583	+
LINC01182	4	13656802	13932852	+
LINC01184	5	127276131	127418867	-
LINC01185	2	61074894	61108449	-
LINC01186	X	46185358	46187109	-
LINC01187	5	169618650	169626145	-
LINC01189	9	46763790	46833319	+
LINC01191	2	114726898	114785659	+
LINC01192	3	162895030	163021089	-
LINC01193	15	21145766	21198633	+
LINC01194	5	12574968	12805295	+
LINC01195	16	9539869	9549362	-
LINC01197	15	95822518	95870329	-
LINC01198	13	47029338	47040911	-
LINC01201	X	130150442	130192120	-
LINC01202	5	161337467	161428202	-
LINC01203	X	13353359	13359944	+
LINC01204	X	45364632	45386484	+
LINC01205	3	109128836	109214014	+
LINC01206	3	181670151	181728464	+
LINC01208	3	176321935	176353320	-
LINC01209	3	176531943	176534789	-
LINC01210	3	137490752	137499719	+
LINC01213	3	149956305	149957992	+
LINC01214	3	149983193	150041534	-
LINC01215	3	107843910	107857457	+
LINC01216	4	101581435	101596270	-
LINC01219	11	2012325	2014699	+
LINC01220	14	75761106	75763111	+
LINC01221	1	198985261	199045864	+
LINC01222	1	198961717	198988093	-
LINC01224	19	23582035	23598876	-
LINC01226	1	31984035	31989846	+
LINC01227	16	80600999	80606705	-
LINC01229	16	79804367	79835240	+
LINC01230	9	1048142	1048640	+
LINC01231	9	3181588	3200500	+
LINC01232	13	100139215	100151560	-
LINC01233	19	22715427	22716296	+
LINC01234	12	114182381	114211488	-
LINC01235	9	13406378	13431328	-
LINC01237	2	242823513	243020873	+
LINC01238	2	242912833	242919427	+
LINC01239	9	22646198	22824212	+
LINC01241	9	25780053	25812966	+
LINC01242	9	30388932	30408452	-
LINC01243	9	31371608	31381488	-
LINC01246	2	6766240	6774838	-
LINC01247	2	6506141	6515554	-
LINC01248	2	5774272	5831250	-
LINC01249	2	4675807	4703812	-
LINC01250	2	2898819	3129798	-
LINC01251	9	33732972	33738414	-
LINC01252	12	11700963	11717335	+
LINC01254	18	10405129	10414367	-
LINC01255	18	11488568	11506982	+
LINC01256	4	133512243	133599655	+
LINC01257	12	131649555	131697476	+
LINC01258	4	38422282	38524801	-
LINC01259	4	38511387	38519677	+
LINC01260	20	43285092	43300380	-
LINC01262	4	190580759	190582640	+
LINC01264	10	43474464	43476955	-
LINC01265	5	38710468	38720375	-
LINC01266	3	633787	887698	+
LINC01267	3	14389950	14394068	-
LINC01269	14	71165414	71178870	+
LINC01270	20	48909256	48931456	+
LINC01271	20	48927247	48937879	-
LINC01273	20	48789106	48793208	+
LINC01276	6	41470181	41487590	+
LINC01277	6	143287558	143358719	-
LINC01278	X	62646437	62780975	-
LINC01280	2	217454715	217471661	-
LINC01281	X	39164209	39186616	-
LINC01282	X	39226538	39251028	-
LINC01284	X	50838681	50914253	-
LINC01285	X	117973518	118015977	+
LINC01287	7	153097003	153109319	-
LINC01288	8	34641438	34722316	+
LINC01289	8	64681987	64698054	+
LINC01290	16	10608699	10622055	-
LINC01291	2	75136257	75165545	+
LINC01297	14	19603417	19643375	+
LINC01297-DUXAP10-NBEAP6	14	19603417	19718903	+
LINC01298	8	96219234	96228602	-
LINC01299	8	66439242	66474901	-
LINC01300	8	142350647	142354720	+
LINC01301	8	61314729	61326377	-
LINC01303	14	62022989	62037371	-
LINC01304	2	4005245	4021622	-
LINC01305	2	175190754	175195370	+
LINC01307	1	101789392	101842869	+
LINC01309	13	104077549	104080035	+
LINC01310	22	49262581	49294198	+
LINC01311	22	19159218	19160345	+
LINC01312	6	134142284	134175130	+
LINC01315	22	42760405	42765214	-
LINC01317	2	33931952	34522813	+
LINC01318	2	34292292	34294617	+
LINC01320	2	34902623	34947630	+
LINC01322	3	164924747	165231516	+
LINC01324	3	164431882	164549268	-
LINC01327	3	167110583	167126307	+
LINC01331	5	73665200	73832801	-
LINC01333	5	73618310	73624182	+
LINC01335	5	73602234	73604150	-
LINC01337	5	79904439	79918343	-
LINC01338	5	82146683	82155655	-
LINC01339	5	89454155	89585888	-
LINC01340	5	96840399	97006755	+
LINC01341	1	246952918	246954788	+
LINC01342	1	1072396	1079434	+
LINC01343	1	38674705	38680439	-
LINC01344	1	182173079	182283196	-
LINC01345	1	4007208	4009040	-
LINC01346	1	4000671	4012643	+
LINC01347	1	243219615	243265046	-
LINC01349	1	101092605	101112560	-
LINC01350	1	185527511	185597620	-
LINC01351	1	190447389	190450524	+
LINC01352	1	221002596	221005770	+
LINC01353	1	203256279	203257924	+
LINC01354	1	234663636	234667525	-
LINC01355	1	23607801	23612011	-
LINC01356	1	113362790	113393265	-
LINC01358	1	59486147	59553919	+
LINC01359	1	65445259	65468159	-
LINC01360	1	73771852	73804560	+
LINC01361	1	83439565	83451891	-
LINC01362	1	83368865	83632498	+
LINC01363	1	167144598	167165042	-
LINC01364	1	87819209	87837338	-
LINC01365	4	120720260	120725670	-
LINC01366	5	169758396	169762104	+
LINC01370	20	38633102	38637171	+
LINC01372	7	66800962	66805012	+
LINC01374	10	91613662	91674713	+
LINC01375	10	91675245	91717130	-
LINC01376	2	19167728	19226726	-
LINC01377	5	3177948	3181346	+
LINC01378	4	118349553	118610258	+
LINC01381	2	25427181	25432071	+
LINC01386	5	72750014	72768791	-
LINC01387	18	6511414	6590652	+
LINC01389	1	47846467	47902989	-
LINC01391	3	138654030	138662862	-
LINC01392	7	114763652	114871409	-
LINC01393	7	114719011	114766368	+
LINC01395	11	129482015	129487164	-
LINC01396	4	4846163	4852554	+
LINC01397	1	110625309	110652341	+
LINC01398	1	46912344	46915376	-
LINC01399	22	35515816	35627049	-
LINC01402	X	119251551	119253610	-
LINC01405	12	111374405	111375250	+
LINC01410	9	66457288	66469310	+
LINC01411	5	173763356	173954142	+
LINC01412	2	145279434	145337001	+
LINC01413	15	57611335	57617237	+
LINC01414	8	64769499	65281115	-
LINC01415	18	53441831	53448956	-
LINC01416	18	53548918	53587430	-
LINC01419	8	84315992	84321132	+
LINC01422	22	27299254	27316573	+
LINC01423	21	39698280	39717998	-
LINC01424	21	46222155	46224631	+
LINC01425	21	23119304	23169735	+
LINC01426	21	36118121	36157168	+
LINC01427	20	22260865	22263439	-
LINC01428	20	7127113	7234849	-
LINC01429	20	50448335	50479452	-
LINC01430	20	43077416	43079197	-
LINC01431	20	23337230	23338764	-
LINC01432	20	22034727	22055292	+
LINC01433	20	4173736	4176600	+
LINC01435	10	109631334	109829051	-
LINC01436	21	37377617	37380593	+
LINC01440	20	54039580	54043329	+
LINC01441	20	54036873	54043735	-
LINC01443	18	14946265	14973755	+
LINC01444	18	14969605	14970467	-
LINC01445	7	54398389	54417538	+
LINC01446	7	53723201	53879624	-
LINC01447	7	47661536	47669491	+
LINC01448	7	42701325	42746046	-
LINC01449	7	41141201	41173099	+
LINC01450	7	41004276	41019537	-
LINC01451	9	139506479	139511633	-
LINC01455	5	79232401	79263449	+
LINC01456	X	17988292	18122764	-
LINC01460	2	27928652	27938599	-
LINC01461	1	85063646	85086714	-
LINC01465	12	62995530	62997214	-
LINC01467	14	82071690	82089405	-
LINC01470	5	151998524	152351909	-
LINC01471	3	127216443	127256623	-
LINC01473	2	186898260	186951044	-
LINC01474	9	75486644	75489025	-
LINC01475	10	101286106	101290934	-
LINC01476	17	57508229	57604218	-
LINC01477	18	37646249	37679197	+
LINC01478	18	41903399	42111662	-
LINC01479	12	68323014	68363797	+
LINC01480	19	42041859	42043266	+
LINC01482	17	66624294	66675747	+
LINC01483	17	67590127	67899141	+
LINC01484	5	173134601	173173212	-
LINC01485	5	173213792	173217945	-
LINC01486	12	109791991	109797293	-
LINC01487	3	154958733	154960912	+
LINC01488	11	69300328	69308311	+
LINC01489	12	15154766	15159617	+
LINC01490	12	81156932	81164494	+
LINC01491	15	48095580	48138433	-
LINC01492	9	105902809	106087315	-
LINC01493	11	38670407	38676799	+
LINC01494	2	219765536	219795359	-
LINC01495	11	22467217	22513565	-
LINC01496	X	51242760	51250293	-
LINC01497	17	67957847	67979685	+
LINC01498	12	108853201	108867466	-
LINC01499	11	41736117	41857992	+
LINC01500	14	59295005	59484046	+
LINC01501	9	93224713	93345028	-
LINC01502	9	138466770	138478958	+
LINC01503	9	132099201	132109756	+
LINC01504	9	74920351	74958126	+
LINC01505	9	109378338	109442081	+
LINC01506	9	71158456	71161518	-
LINC01507	9	82439444	82649470	+
LINC01508	9	93063177	93195771	-
LINC01509	9	110182564	110228866	-
LINC01511	5	1363696	1380188	-
LINC01512	6	43858764	43905944	+
LINC01514	10	102936078	102953904	+
LINC01515	10	67331182	67526299	+
LINC01516	10	25401986	25450162	+
LINC01517	10	29032578	29097148	+
LINC01518	10	43168460	43187207	-
LINC01519	10	86953176	86958694	-
LINC01520	10	87209348	87251758	+
LINC01521	22	31742744	31747141	+
LINC01522	20	46608836	46618861	-
LINC01523	20	46611969	46613057	+
LINC01524	20	51237376	51266965	+
LINC01525	1	117838087	117863958	+
LINC01526	6	82523002	82523909	-
LINC01529	19	36279777	36288811	-
LINC01530	19	52095035	52097633	-
LINC01531	19	35896508	35907742	+
LINC01532	19	29493461	29504862	+
LINC01533	19	32516767	32539805	+
LINC01534	19	37176340	37178351	-
LINC01535	19	37742786	37756437	+
LINC01537	11	72281699	72284266	+
LINC01538	18	61880317	61927290	-
LINC01539	18	53750586	53804767	-
LINC01541	18	69187199	69246192	-
LINC01543	18	24002958	24018008	+
LINC01544	18	59415408	59421928	+
LINC01545	X	46746853	46759139	-
LINC01546	X	3189860	3202694	+
LINC01547	21	46353198	46359828	-
LINC01548	21	34537775	34542541	-
LINC01549	21	18811207	18821503	+
LINC01550	14	98391946	98444461	-
LINC01551	14	29241909	29264000	+
LINC01553	10	61717974	61720671	-
LINC01554	5	95187935	95195836	+
LINC01555	1	85093912	85100703	-
LINC01556	6	28911560	28912315	+
LINC01558	6	168185216	168197539	-
LINC01559	12	13523604	13529679	-
LINC01560	X	47342114	47344626	+
LINC01561	10	122357460	122359635	+
LINC01562	1	51660766	51700768	-
LINC01563	17	20978868	20993926	+
LINC01564	6	53493177	53496192	+
LINC01565	3	128290842	128294929	-
LINC01566	16	34597786	34626084	+
LINC01567	16	24672742	24682383	-
LINC01568	16	73420703	73455295	+
LINC01569	16	4295825	4303790	-
LINC01570	16	5651169	5666251	-
LINC01571	16	51796429	51806557	+
LINC01572	16	72314800	72698869	-
LINC01574	5	176170205	176170922	+
LINC01579	15	94439288	94443828	-
LINC01580	15	94443929	94527379	+
LINC01581	15	94448633	94651167	-
LINC01582	15	98626207	98631982	-
LINC01583	15	82380934	82390034	+
LINC01584	15	86626575	86659948	-
LINC01585	15	91203464	91208185	+
LINC01586	15	89128801	89148341	-
LINC01587	4	5526295	5529527	+
LINC01588	14	50448386	50474238	-
LINC01589	22	46000311	46001527	-
LINC01590	6	88106841	88109459	+
LINC01591	8	136246373	136311962	+
LINC01592	8	69824037	70016425	-
LINC01593	2	108665655	108669211	-
LINC01594	2	108784203	108834297	-
LINC01596	4	190802669	190806022	+
LINC01597	20	29513583	29521213	-
LINC01599	14	50474030	50571761	-
LINC01600	6	2622146	2634837	-
LINC01601	18	42111743	42133868	+
LINC01602	8	58890916	58896685	+
LINC01603	8	70337105	70360479	-
LINC01605	8	37263981	37378904	-
LINC01606	8	58130834	58145513	+
LINC01607	8	80680376	80715077	+
LINC01608	8	111949918	112039662	-
LINC01609	8	112111189	112248432	-
LINC01611	6	85130750	85184647	-
LINC01612	4	171147741	171204873	+
LINC01613	9	122697337	122700110	+
LINC01614	2	216582765	216585669	+
LINC01615	6	169558186	169563084	-
LINC01616	11	30001667	30003940	-
LINC01617	8	74791216	74795309	+
LINC01618	4	53656160	53681631	+
LINC01619	12	92378751	92536607	-
LINC01620	20	43080623	43093984	-
LINC01621	6	80513299	80521963	-
LINC01622	6	961240	1101567	-
LINC01623	6	28827401	28831454	-
LINC01624	6	170581561	170588554	+
LINC01625	6	139790131	139795733	-
LINC01626	6	72130729	72168575	+
LINC01628	2	67148642	67149622	-
LINC01629	14	77425980	77432145	+
LINC01630	18	48918411	49088839	+
LINC01633	1	184970658	184977810	+
LINC01634	22	18512150	18520734	+
LINC01635	1	22350486	22352541	-
LINC01637	22	21311379	21318968	+
LINC01638	22	27617310	27620640	-
LINC01639	22	43796336	43805687	+
LINC01640	22	33504514	33512280	+
LINC01644	22	47857047	47882860	-
LINC01645	1	177320721	177335594	+
LINC01646	1	4631546	4643764	+
LINC01647	1	11669587	11673411	+
LINC01648	1	30486798	30510459	-
LINC01649	1	116461996	116468529	+
LINC01650	1	95816806	95817663	-
LINC01653	1	218216846	218232482	+
LINC01654	1	18392150	18400905	+
LINC01655	1	222001007	222014008	-
LINC01656	22	44839206	44840668	+
LINC01657	1	175846478	175849600	+
LINC01659	22	23775750	23777258	+
LINC01661	1	107360860	107380815	+
LINC01664	22	17602484	17612994	+
LINC01665	22	17227758	17229328	-
LINC01668	21	44197928	44200104	-
LINC01669	21	44881839	44899414	-
LINC01671	21	44019513	44035205	-
LINC01672	1	6784804	6790072	+
LINC01674	21	14918353	14930781	+
LINC01675	1	166445008	166459276	-
LINC01676	1	106132315	106161557	-
LINC01677	1	106470245	106570875	-
LINC01678	21	45578655	45579745	-
LINC01679	21	44777934	44782229	-
LINC01680	1	191190288	191197628	-
LINC01681	1	170143519	170210711	+
LINC01682	1	230011296	230029655	-
LINC01683	21	21265592	21272069	-
LINC01684	21	25801053	25920256	+
LINC01685	1	38940867	38942156	+
LINC01686	1	182584274	182585765	+
LINC01687	21	23381476	23470778	-
LINC01688	1	182681996	182683676	+
LINC01689	21	25676862	25693690	-
LINC01690	21	34331195	34332872	+
LINC01692	21	26212863	26430056	+
LINC01693	1	211813149	211827963	+
LINC01694	21	47013567	47022970	+
LINC01695	21	29488412	29600986	-
LINC01696	1	209498800	209501877	+
LINC01697	21	29420732	29509928	+
LINC01698	1	209545399	209553035	+
LINC01699	1	181205523	181207740	+
LINC01700	21	40346354	40349700	-
LINC01703	1	226271275	226277990	+
LINC01704	1	158101833	158110430	-
LINC01706	20	7328079	7349148	+
LINC01707	1	69521580	69650685	+
LINC01708	1	99937975	99953360	-
LINC01710	1	219086098	219091853	-
LINC01711	20	57209827	57210794	+
LINC01712	1	83911736	83920454	+
LINC01713	20	6711387	6716783	-
LINC01714	1	8268731	8275268	+
LINC01715	1	28969767	28975311	+
LINC01716	20	55152618	55171182	+
LINC01717	1	208902032	208906529	+
LINC01718	20	59654119	59655235	+
LINC01719	1	145376205	145382404	-
LINC01720	1	190594019	190770788	+
LINC01721	20	24180402	24205224	+
LINC01722	20	12845851	12933167	-
LINC01723	20	12930987	12932275	+
LINC01724	1	196014009	196057845	-
LINC01725	1	84041470	84326679	-
LINC01726	20	21591424	21684223	-
LINC01727	20	21550661	21596360	+
LINC01728	20	42523357	42524110	+
LINC01729	20	5488520	5490648	-
LINC01730	20	3789140	3793081	+
LINC01732	1	181143619	181151342	+
LINC01733	20	25936447	25949924	+
LINC01734	20	37842423	37853391	-
LINC01736	1	230138463	230142909	+
LINC01737	1	230728405	230731329	-
LINC01739	1	63466167	63478142	-
LINC01740	1	212719035	212729408	+
LINC01741	1	177669658	177679465	+
LINC01742	20	56578959	56579704	+
LINC01743	1	246679340	246687589	-
LINC01744	1	232862999	232878461	-
LINC01745	1	232853816	232857995	+
LINC01747	20	22647930	22665982	-
LINC01748	1	60981387	61088357	-
LINC01749	20	61640734	61716423	+
LINC01750	1	112533157	112541463	+
LINC01751	20	7282735	7288079	-
LINC01752	20	10733737	10734675	+
LINC01753	1	56381281	56410636	-
LINC01754	20	46011509	46040888	-
LINC01755	1	56410759	56415792	+
LINC01756	1	29656131	29676626	-
LINC01757	1	20569587	20571147	+
LINC01758	1	69898937	69901092	+
LINC01760	1	95776483	95783819	-
LINC01761	1	95940292	95944912	+
LINC01762	1	116966345	117021448	-
LINC01763	1	91317315	91320456	+
LINC01766	19	36088796	36092403	+
LINC01767	1	56880634	56881638	+
LINC01770	1	1365536	1369953	-
LINC01771	1	53793904	53802181	+
LINC01772	1	16787442	16794976	+
LINC01774	1	209145798	209148652	+
LINC01775	19	2458934	2462183	-
LINC01776	1	98676266	98738214	+
LINC01777	1	4472110	4484744	+
LINC01778	1	31297498	31307131	+
LINC01780	1	119870874	119898805	+
LINC01781	1	81001439	81112473	+
LINC01782	19	32592997	32596822	-
LINC01783	1	16860385	16862147	-
LINC01784	1	12882548	12883086	-
LINC01785	19	22798358	22806773	-
LINC01787	1	96719624	96839681	-
LINC01788	1	71172135	71252151	+
LINC01790	2	195595318	195626159	+
LINC01791	19	31658415	31698569	+
LINC01792	2	201577027	201599900	-
LINC01793	2	59444842	59506535	+
LINC01795	2	58503011	58523683	+
LINC01796	2	103489797	103512180	-
LINC01797	2	66924161	66930359	-
LINC01798	2	66801161	66922720	+
LINC01799	2	67131567	67198598	+
LINC01800	2	65073263	65090765	-
LINC01801	19	35307057	35323773	-
LINC01802	2	208125168	208135788	+
LINC01803	2	220768771	220769610	-
LINC01804	2	15830905	15859085	+
LINC01805	2	64713486	64728038	+
LINC01806	2	162101249	162105561	+
LINC01807	2	229347978	229476111	-
LINC01809	2	83749937	83750605	+
LINC01810	2	5950767	5952728	-
LINC01812	2	68023185	68052694	-
LINC01813	2	56301788	56317517	-
LINC01814	2	8699962	8723922	-
LINC01815	2	81688482	81694070	-
LINC01816	2	70351167	70352448	-
LINC01817	2	151091405	151113521	-
LINC01819	2	43254991	43266682	-
LINC01820	2	46619431	46621306	-
LINC01821	2	195208992	195284355	+
LINC01822	2	21910305	21933524	-
LINC01826	2	123823731	123831057	-
LINC01828	2	67313577	67516376	+
LINC01829	2	67350488	67442451	-
LINC01831	2	105028609	105030489	-
LINC01832	2	138859453	138863475	+
LINC01833	2	45148218	45166338	-
LINC01838	19	35396218	35399094	+
LINC01840	3	184264501	184274706	-
LINC01841	19	14416269	14474802	-
LINC01842	19	14444554	14454726	+
LINC01843	5	133842242	133844921	+
LINC01844	5	142125164	142140558	+
LINC01845	5	158875563	158893284	-
LINC01846	5	97421569	97496943	-
LINC01847	5	159203781	159298391	-
LINC01848	5	109218882	109220604	+
LINC01849	2	101220200	101225820	+
LINC01851	2	78143059	78145134	+
LINC01852	15	38361012	38365191	-
LINC01854	2	129999745	130031464	-
LINC01855	19	16176496	16177113	+
LINC01856	2	130680749	130704276	+
LINC01857	2	208527107	208543846	+
LINC01858	19	23237624	23244067	-
LINC01859	19	23197876	23206499	-
LINC01861	5	153266987	153278547	-
LINC01864	19	56578049	56590166	+
LINC01865	2	316283	337054	+
LINC01867	2	52597785	52617208	+
LINC01869	19	51320936	51322134	+
LINC01872	19	51774519	51784488	+
LINC01873	2	66610437	66619578	+
LINC01874	2	490946	492655	-
LINC01875	2	545804	546667	+
LINC01876	2	156877046	157111443	-
LINC01877	2	200472790	200523855	+
LINC01878	2	213660054	213683987	+
LINC01879	18	74401985	74405592	+
LINC01880	2	242989834	243026289	-
LINC01881	2	243030783	243102476	+
LINC01882	18	12739484	12749421	-
LINC01883	2	38658435	38660715	+
LINC01884	2	22759350	22761159	+
LINC01886	2	108145874	108172952	+
LINC01887	18	10610995	10626417	-
LINC01891	2	235353233	235363239	-
LINC01892	18	5081180	5098779	+
LINC01893	18	73921464	73927779	+
LINC01894	18	22512737	22567943	-
LINC01895	18	3347700	3350557	-
LINC01898	18	73408037	73424358	-
LINC01899	18	69399851	69449462	-
LINC01902	18	37421672	37469957	+
LINC01903	18	65475743	65482059	-
LINC01904	18	926083	927994	-
LINC01905	18	53709508	53763546	+
LINC01907	2	231555635	231565244	-
LINC01909	18	68002674	68019695	+
LINC01910	18	68047375	68051827	-
LINC01913	2	42104694	42121186	+
LINC01914	2	42158738	42160863	-
LINC01915	18	22208145	22242162	+
LINC01917	18	51105992	51107429	-
LINC01918	2	105760570	105761882	+
LINC01919	18	51094816	51124221	+
LINC01920	2	151409045	151428735	-
LINC01921	2	217735494	217736362	+
LINC01922	18	72076682	72080443	+
LINC01923	2	199164086	199239821	-
LINC01924	18	61771324	62090827	+
LINC01925	18	508567	515294	-
LINC01926	18	56481111	56501596	+
LINC01927	18	74334737	74350968	-
LINC01928	18	11454476	11465995	+
LINC01929	18	52773134	52791537	-
LINC01930	1	98399029	98407296	-
LINC01931	2	150624019	150715705	-
LINC01932	5	158654722	158672135	+
LINC01933	5	151338458	151650010	+
LINC01934	2	181988563	182264280	+
LINC01935	2	103583866	103600887	-
LINC01936	2	30569511	30573024	+
LINC01939	2	895901	901137	-
LINC01940	2	239840997	239847965	-
LINC01941	2	126867676	126875562	-
LINC01942	5	173116461	173132852	+
LINC01944	5	171983727	171986017	-
LINC01945	2	132741358	132795473	-
LINC01946	2	32018889	32029049	-
LINC01947	5	166332226	166353375	-
LINC01948	5	55753621	55777596	-
LINC01949	5	86511551	86535018	-
LINC01950	5	106150897	106346715	-
LINC01951	5	174346084	174422734	-
LINC01953	2	214020539	214032434	-
LINC01954	2	11018392	11025244	+
LINC01957	5	113911737	113915667	+
LINC01960	2	174890007	174891885	+
LINC01962	5	180618045	180618908	-
LINC01963	2	217081611	217084915	+
LINC01964	2	85291232	85294470	-
LINC01968	3	194429149	194502897	+
LINC01969	17	48292054	48292781	+
LINC01970	17	80247921	80250690	-
LINC01972	3	194485966	194489438	-
LINC01973	17	75875082	75880169	-
LINC01975	17	3880396	3886439	+
LINC01976	17	42015628	42016330	+
LINC01977	17	77797250	77801503	+
LINC01978	17	77893155	77897803	+
LINC01979	17	77889050	77900524	-
LINC01980	3	27839078	27901816	+
LINC01981	3	27872376	27875627	-
LINC01982	17	50467881	50613061	+
LINC01983	3	195563325	195587275	-
LINC01985	3	30560359	30568685	+
LINC01986	3	65430	66175	+
LINC01987	17	75718953	75724641	-
LINC01988	3	44469413	44471021	+
LINC01989	17	32496394	32510651	-
LINC01990	3	107149776	107182759	+
LINC01991	3	187676562	187694195	-
LINC01992	17	26255949	26318733	-
LINC01993	17	76257429	76274573	-
LINC01994	3	182164757	182204150	-
LINC01995	3	182216077	182224912	-
LINC01996	17	4513743	4520942	+
LINC01999	17	58641906	58663981	+
LINC02000	3	133774093	133776492	-
LINC02003	17	70338951	70351277	+
LINC02004	3	134032417	134040013	+
LINC02005	3	73858394	73928771	+
LINC02006	3	153101338	153480315	-
LINC02008	3	82035292	82512826	+
LINC02009	3	46458006	46465158	-
LINC02010	3	146639709	146643005	+
LINC02011	3	14840837	14852921	-
LINC02012	3	197232132	197236532	-
LINC02014	3	129807708	129813147	-
LINC02015	3	177534652	177617012	+
LINC02016	3	127041149	127109513	-
LINC02017	3	55212199	55223242	+
LINC02018	3	75484458	75561328	+
LINC02020	3	186158133	186163031	+
LINC02021	3	129830549	129839412	+
LINC02022	3	12919020	12926710	-
LINC02024	3	117397539	117409772	-
LINC02025	3	84931240	84942530	+
LINC02026	3	193675160	193721448	-
LINC02027	3	81043018	81144798	+
LINC02028	3	193723244	193788759	-
LINC02029	3	156799629	156806336	+
LINC02032	3	147795945	147805816	+
LINC02033	3	36862040	36863991	-
LINC02035	3	122605359	122611263	+
LINC02036	3	193920804	193967942	-
LINC02037	3	193965436	193975561	+
LINC02038	3	193558616	193561798	-
LINC02039	5	125515269	125529543	+
LINC02041	3	187164833	187167737	+
LINC02042	3	112455295	112468166	-
LINC02043	3	186528668	186543310	-
LINC02044	3	112861196	112886578	-
LINC02046	3	147998677	148117743	+
LINC02049	3	120531027	120555204	-
LINC02050	3	80814047	80838539	+
LINC02052	3	186172769	186211450	-
LINC02053	3	180131960	180140289	+
LINC02054	3	184119324	184157436	+
LINC02055	8	137543040	137909844	+
LINC02056	5	71869901	71956496	-
LINC02057	5	60546386	60560756	-
LINC02059	5	86042634	86045589	+
LINC02060	5	87704798	87734907	-
LINC02062	5	98264265	98339725	+
LINC02064	5	29380195	29396083	-
LINC02065	5	65500950	65505274	-
LINC02067	3	161144214	161166030	+
LINC02068	3	172278690	172313397	-
LINC02069	3	184474176	184490943	-
LINC02070	3	86531092	86546146	+
LINC02071	17	49389969	49412523	-
LINC02072	17	49414075	49419932	+
LINC02073	17	49512787	49523163	+
LINC02075	17	47535222	47539111	-
LINC02076	17	18314472	18317702	+
LINC02077	3	78087855	78098114	-
LINC02078	17	77681074	77686081	+
LINC02079	17	37182967	37183363	-
LINC02080	17	74795125	74803184	+
LINC02082	3	168619732	168639781	+
LINC02085	3	101659702	101716770	+
LINC02087	17	15709555	15721056	-
LINC02088	17	20516290	20536564	-
LINC02089	17	50939480	50976948	+
LINC02090	17	16891642	16893490	+
LINC02091	17	33614	37042	-
LINC02092	17	71782960	71796934	+
LINC02093	17	13202497	13210077	-
LINC02097	17	70068473	70089622	+
LINC02098	11	128078660	128111336	+
LINC02099	8	29605824	29656008	+
LINC02101	5	57403458	57418168	-
LINC02102	5	6686437	6707824	-
LINC02103	5	28286495	28287772	-
LINC02104	5	39520532	39524810	+
LINC02105	5	53071880	53115512	-
LINC02106	5	50265050	50266021	-
LINC02107	5	38025798	38184034	+
LINC02108	5	57837393	57854070	-
LINC02109	5	29143609	29173082	+
LINC02110	5	37948592	37951156	+
LINC02111	5	17379014	17387419	-
LINC02112	5	9641426	9903936	-
LINC02113	5	98869693	98913658	+
LINC02114	5	4773593	4774978	+
LINC02115	5	102864134	102877686	-
LINC02116	5	1856083	1856682	-
LINC02118	5	51303864	51339743	+
LINC02119	5	38148581	38153817	+
LINC02120	5	32947548	32962573	+
LINC02121	5	5069304	5078424	-
LINC02123	5	7347098	7348090	-
LINC02124	16	1939114	1940434	+
LINC02125	16	76668894	76692375	+
LINC02126	16	65175658	65210476	-
LINC02127	16	51051668	51069688	+
LINC02130	16	14456965	14464123	-
LINC02133	16	47892491	47942342	+
LINC02134	16	47999599	48005598	+
LINC02135	16	86320036	86326995	+
LINC02136	16	71444343	71460367	-
LINC02138	16	89232790	89235555	+
LINC02139	16	85170755	85183049	+
LINC02140	16	54399918	54404611	-
LINC02141	16	59889256	60087875	+
LINC02143	5	163875427	163894408	-
LINC02145	5	6310553	6337405	-
LINC02146	5	20612733	20615644	-
LINC02147	5	117066055	117601757	+
LINC02148	5	117618268	117620472	+
LINC02149	5	15191754	15266669	-
LINC02150	5	16373469	16441211	-
LINC02153	8	20831496	20852630	+
LINC02154	X	13284166	13321571	-
LINC02155	8	62802397	62806765	+
LINC02156	12	47808790	47813962	+
LINC02158	3	42812103	42815126	+
LINC02159	5	160358785	160365633	-
LINC02160	5	33229840	33255659	+
LINC02162	5	3452929	3461774	+
LINC02167	16	34980922	34990995	+
LINC02168	16	50840582	50841540	+
LINC02169	16	54279456	54304791	-
LINC02171	4	3675319	3679582	-
LINC02172	4	138466884	138524584	+
LINC02173	4	107354780	107374604	+
LINC02174	4	172523833	172559914	-
LINC02175	16	25078207	25080276	+
LINC02177	16	9449444	9501950	+
LINC02178	16	50424826	50429044	-
LINC02180	16	52119192	52132979	+
LINC02181	16	87091389	87097597	+
LINC02182	16	88227886	88228823	+
LINC02185	16	14103132	14109875	-
LINC02186	16	14112736	14114934	-
LINC02188	16	86755696	86771432	+
LINC02189	16	86754289	86755565	-
LINC02190	16	31558018	31564888	-
LINC02192	16	47883224	47921041	-
LINC02194	16	24247424	24264181	+
LINC02197	5	70616857	70742583	-
LINC02198	5	68263567	68325754	-
LINC02199	5	8839843	8881636	+
LINC02200	5	111964132	111966618	+
LINC02201	5	121964646	122066255	-
LINC02202	5	158527490	158544486	+
LINC02203	15	21184354	22371088	+
LINC02204	15	70863296	70878945	-
LINC02205	15	70796245	70798267	-
LINC02206	15	67223874	67248853	-
LINC02207	15	94399788	94421585	+
LINC02208	5	117686666	117897812	-
LINC02209	8	29779028	29811123	+
LINC02210	17	43697694	43723597	+
LINC02210-CRHR1	17	43697711	43913194	+
LINC02211	5	25191061	25302389	+
LINC02212	5	10493638	10502840	-
LINC02213	5	10505101	10522196	-
LINC02214	5	116078997	116097905	-
LINC02215	5	117931882	117963787	+
LINC02217	5	17404127	17441803	+
LINC02218	5	17444118	17484055	+
LINC02219	5	67485703	67494235	+
LINC02220	5	12877583	13032998	-
LINC02221	5	9854488	9857721	+
LINC02222	5	180111095	180113543	+
LINC02223	5	17807382	17930598	+
LINC02224	5	44495245	44510384	-
LINC02225	5	57186157	57194989	-
LINC02226	5	8333595	8457677	-
LINC02227	5	157747711	157836781	-
LINC02228	5	25126413	25190765	-
LINC02229	5	65803372	65807432	-
LINC02230	5	72633732	72634590	+
LINC02231	12	65314624	65386071	-
LINC02232	4	65779998	65870218	-
LINC02233	4	160587657	160698936	-
LINC02234	5	97176461	97259179	+
LINC02236	5	6795992	6826841	+
LINC02237	8	112388867	112482846	+
LINC02238	1	74140361	74204325	+
LINC02239	5	24835388	24840692	-
LINC02240	5	124828953	124937920	+
LINC02241	5	20611948	20937802	+
LINC02242	5	66928093	66942617	-
LINC02243	X	134083578	134087411	+
LINC02245	2	65128973	65159581	-
LINC02246	21	16189158	16290989	-
LINC02247	9	137185776	137187243	-
LINC02249	15	30488238	30506743	+
LINC02251	15	98546267	98565568	+
LINC02252	15	34943335	34947965	-
LINC02254	15	97913600	98065041	-
LINC02255	15	74671422	74687096	+
LINC02256	15	32828959	32872810	+
LINC02257	1	222086986	222151862	-
LINC02258	12	88162588	88199526	+
LINC02259	15	72900821	72929296	-
LINC02260	4	55469377	55473298	-
LINC02261	4	27219100	27283847	+
LINC02262	4	118235752	118281795	-
LINC02263	4	118281807	118294005	+
LINC02264	4	118755555	118791103	+
LINC02265	4	40309201	40332436	+
LINC02266	4	146256414	146261571	-
LINC02267	4	97231853	97739566	+
LINC02268	4	175015810	175141549	-
LINC02269	4	174818423	174850676	+
LINC02270	4	12225074	12252909	+
LINC02271	4	62009373	62019369	+
LINC02273	4	153021904	153025868	+
LINC02274	14	74289261	74296838	-
LINC02275	4	170838911	170897053	-
LINC02278	4	38565623	38575581	+
LINC02280	14	105127456	105131895	-
LINC02282	14	29252696	29254993	-
LINC02283	4	55199058	55222271	+
LINC02285	14	101587192	101589882	+
LINC02287	14	93372041	93373827	-
LINC02288	14	77507391	77535846	+
LINC02289	14	77535522	77542534	-
LINC02291	14	98098983	98152995	-
LINC02292	14	95795920	95801841	+
LINC02293	14	27278553	27289909	+
LINC02294	14	27244700	27291326	-
LINC02297	14	19407014	19410111	-
LINC02298	14	105560483	105565833	+
LINC02299	14	97207527	97256950	+
LINC02301	14	83108975	83173169	+
LINC02302	14	45232359	45268329	-
LINC02303	14	46175460	46184805	-
LINC02304	14	97621193	97625073	+
LINC02308	14	81908330	81916501	-
LINC02310	14	51858846	51863853	-
LINC02311	14	82200955	82209482	-
LINC02312	14	98215600	98229168	-
LINC02313	14	32414058	32419500	+
LINC02314	14	101908412	101910651	+
LINC02315	14	41423915	41610251	+
LINC02317	14	90918406	90921461	-
LINC02318	14	96039898	96048293	+
LINC02322	14	60789913	60790625	+
LINC02323	14	103011590	103022163	+
LINC02324	14	65679610	65689065	-
LINC02325	14	97925152	98047720	+
LINC02328	14	86401021	86596121	+
LINC02329	14	85853618	85855109	+
LINC02330	14	88100722	88121638	-
LINC02332	14	23025204	23025956	-
LINC02333	13	52908429	52916018	+
LINC02337	13	112248355	112294426	+
LINC02338	13	58739960	58783617	+
LINC02339	13	61998821	62002079	-
LINC02341	13	42999027	43060092	+
LINC02343	13	34922179	35190429	+
LINC02344	13	33907982	33909403	-
LINC02345	15	38332593	38354541	+
LINC02346	15	26147506	26298267	+
LINC02347	12	126927026	126957331	+
LINC02348	15	102142988	102154542	-
LINC02349	15	62022116	62023588	+
LINC02350	12	126910691	126918773	+
LINC02351	15	98866661	98964227	-
LINC02352	15	31508223	31517210	+
LINC02353	4	32352659	32354842	+
LINC02355	4	150075446	150199274	+
LINC02359	12	126580537	126588478	+
LINC02360	4	11742574	11771092	-
LINC02361	12	132671279	132674240	-
LINC02362	4	185286713	185303460	-
LINC02363	4	185262183	185275130	-
LINC02364	4	28998405	29016215	+
LINC02365	4	185505246	185546026	-
LINC02366	12	10902832	10930050	+
LINC02367	12	9520059	9550213	+
LINC02368	12	128602761	128606497	+
LINC02369	12	128571527	128602686	-
LINC02370	12	131832014	131852100	+
LINC02372	12	127354039	127359236	-
LINC02374	4	188123139	188134029	+
LINC02375	12	127808699	127824617	-
LINC02376	12	127758816	127768828	-
LINC02378	12	17734756	17742012	-
LINC02380	4	58292037	58332152	+
LINC02381	12	54519854	54526626	+
LINC02382	4	171663619	171664886	-
LINC02383	4	43459550	43494560	-
LINC02384	12	68825621	68845264	-
LINC02387	12	31516414	31522235	-
LINC02388	12	58959741	59175498	-
LINC02389	12	65277553	65371302	+
LINC02392	12	90687094	90694475	+
LINC02393	12	128366161	128383184	+
LINC02395	12	50305735	50320122	+
LINC02396	12	50302664	50305646	-
LINC02397	12	92860454	92877723	+
LINC02398	12	20167618	20251802	+
LINC02399	12	90341469	90343503	+
LINC02400	12	42157990	42159383	+
LINC02401	12	103941571	103953593	+
LINC02402	12	43009304	43040300	-
LINC02403	12	58481674	58487143	+
LINC02405	12	127399773	127544942	-
LINC02408	12	67913861	67960911	+
LINC02410	12	96196874	96217092	+
LINC02411	12	128115813	128121012	-
LINC02412	12	93568141	93575608	+
LINC02414	12	132130462	132132666	-
LINC02415	12	131780657	131782517	-
LINC02417	12	3477273	3480767	+
LINC02418	12	130518356	130526887	-
LINC02419	12	130555879	130557230	+
LINC02420	12	67834777	67836339	-
LINC02421	12	68102826	68123255	-
LINC02422	12	32029902	32040137	-
LINC02423	12	119196558	119199484	-
LINC02424	12	78720459	78753526	-
LINC02425	12	66421504	66424846	-
LINC02426	12	82347497	82386912	+
LINC02427	4	185427613	185458737	-
LINC02428	4	104346198	104360885	+
LINC02429	4	59849999	59912677	+
LINC02431	4	171961752	171980311	+
LINC02432	4	142242277	142253771	-
LINC02433	4	158493641	158497303	+
LINC02436	4	185973049	186028402	+
LINC02439	12	119256611	119271341	-
LINC02441	12	128508332	128511711	-
LINC02443	12	5343161	5352317	-
LINC02444	12	73552969	73602097	+
LINC02446	12	10705977	10728287	+
LINC02447	4	7099150	7105103	-
LINC02449	12	8388010	8395160	+
LINC02450	12	43086017	43110921	+
LINC02451	12	43040384	43080503	+
LINC02453	12	98879321	98897633	-
LINC02454	12	65996648	66006767	+
LINC02458	12	89404902	89413469	-
LINC02459	12	114676775	114679575	-
LINC02461	12	43549117	43556913	+
LINC02462	4	135345022	135466659	+
LINC02465	4	130692773	130876523	+
LINC02466	4	130645325	130692633	-
LINC02468	12	20273913	20280835	-
LINC02470	12	10089177	10096094	-
LINC02471	12	40550040	40561649	+
LINC02472	4	29215913	29222783	+
LINC02474	1	222139751	222158306	+
LINC02475	4	44018877	44024078	+
LINC02476	7	119259483	119547429	-
LINC02478	2	161114229	161128406	-
LINC02479	4	131297515	131309226	+
LINC02480	4	52910970	52913085	+
LINC02481	4	6689174	6692246	-
LINC02482	4	6672454	6675608	-
LINC02483	4	76279285	76287776	+
LINC02484	4	34123032	34271369	-
LINC02485	4	136034239	136044714	-
LINC02487	6	168080305	168084467	-
LINC02488	5	86957858	86975226	+
LINC02490	15	53408561	53421895	+
LINC02492	4	188454032	188593795	-
LINC02493	4	17173379	17187680	-
LINC02494	4	59390679	59402493	-
LINC02495	4	6202459	6235663	+
LINC02497	4	31172765	31213296	+
LINC02499	4	74374519	74394250	+
LINC02500	4	182182168	182186182	-
LINC02501	4	31508165	31560443	+
LINC02502	4	120860694	120885448	+
LINC02505	4	36498158	36643522	-
LINC02506	4	31999000	32157028	+
LINC02508	4	189697810	189706665	+
LINC02509	4	177796855	177801754	+
LINC02510	4	138114909	138121102	+
LINC02511	4	137717056	138133953	-
LINC02513	4	38368534	38387367	+
LINC02514	4	188291801	188293074	+
LINC02516	4	125421096	125479589	-
LINC02517	4	8321902	8325692	+
LINC02518	6	113749741	113754649	-
LINC02520	6	37475123	37504056	+
LINC02521	6	2634733	2640793	+
LINC02523	6	125995498	126041364	+
LINC02525	6	3183050	3196001	-
LINC02526	6	107143359	107147869	+
LINC02527	6	112221507	112230600	-
LINC02528	6	138264211	138266937	-
LINC02529	6	159804562	159817473	+
LINC02530	6	12582999	12585636	-
LINC02532	6	107165326	107235416	-
LINC02533	6	4489031	4496005	+
LINC02534	6	115954705	115964999	-
LINC02535	6	86096936	86114520	-
LINC02537	6	43812612	43820070	-
LINC02538	6	168067521	168079903	-
LINC02539	6	138051306	138060174	-
LINC02540	6	77232165	77303340	-
LINC02541	6	113944736	113971277	-
LINC02542	6	82553497	82811482	-
LINC02544	6	169575398	169582835	-
LINC02545	11	13866409	13892163	-
LINC02546	11	29615959	29652221	+
LINC02547	11	12052421	12083332	+
LINC02548	11	13805932	13869549	+
LINC02549	6	68936861	69039791	-
LINC02550	11	110962655	110968042	-
LINC02551	11	130714087	130732005	-
LINC02552	11	104439216	104480030	-
LINC02554	22	27706611	27713801	+
LINC02556	22	23668802	23670680	+
LINC02558	22	32366809	32433186	+
LINC02560	19	58911569	58912046	+
LINC02561	10	5307951	5313199	-
LINC02562	4	76007135	76009918	-
LINC02563	17	63453658	63454526	+
LINC02564	18	11559	15930	+
LINC02565	18	54836845	54838425	-
LINC02567	1	77223808	77244952	-
LINC02568	15	63682428	63729735	+
LINC02569	6	30484042	30487357	+
LINC02570	6	30807305	30815936	-
LINC02571	6	31261684	31269414	-
LINC02572	2	130617785	130635064	-
LINC02573	21	21629174	21630998	-
LINC02574	1	27986838	27989233	-
LINC02575	21	45905453	45911025	+
LINC02578	9	121441948	121507590	+
LINC02579	2	64834445	64843616	+
LINC02580	2	43324883	43329583	-
LINC02582	18	70992175	71017124	+
LINC02583	2	46656328	46668972	+
LINC02584	11	69918539	69921454	-
LINC02585	3	48701200	48706603	+
LINC02586	1	110751072	110752609	-
LINC02587	7	15728002	15736517	+
LINC02588	14	27067852	27275673	+
LINC02589	X	102785694	102809881	-
LINC02591	1	149287129	149291743	+
LINC02593	1	852197	855072	-
LINC02595	X	45707508	45710920	-
LINC02601	X	41134991	41136030	+
LINC02603	9	96938851	97021593	-
LINC02604	7	66369106	66371284	+
LINC02605	8	79749763	79752757	+
LINC02606	1	9485152	9489055	-
LINC02607	1	95975671	95981020	+
LINC02608	1	212386343	212458363	-
LINC02609	1	91248540	91317207	-
LINC02610	2	239133753	239140318	-
LINC02611	2	99377525	99388361	-
LINC02612	2	151485410	151491871	+
LINC02613	2	38685779	38742882	-
LINC02614	3	125546079	125604920	-
LINC02615	4	129349170	129440551	+
LINC02616	4	37003400	37022328	+
LINC02617	12	10485458	10490891	-
LINC02618	3	141382040	141439916	+
LINC02619	4	59852905	59853872	-
LINC02620	10	106234697	106240033	-
LINC02622	10	72698809	72715398	+
LINC02623	10	43366968	43369508	+
LINC02624	10	107899922	107948480	+
LINC02626	10	116754415	116756352	+
LINC02627	10	107433367	107580091	-
LINC02639	10	3876141	3876920	+
LINC02643	10	21629161	21661879	-
LINC02644	10	31012147	31012669	+
LINC02645	10	2488446	2543654	-
LINC02647	10	87191698	87192528	-
LINC02648	10	6660677	6681743	+
LINC02649	10	6368506	6377943	+
LINC02650	10	85432161	85436845	-
LINC02652	10	28721936	28784742	-
LINC02653	10	92162277	92300562	-
LINC02655	10	82409552	82413490	+
LINC02656	10	6392277	6395770	+
LINC02658	10	44273014	44274350	-
LINC02664	10	31476811	31550481	+
LINC02667	10	130711096	130714534	+
LINC02669	10	3475703	3545030	-
LINC02670	10	10100684	10105465	+
LINC02671	10	66660893	66684276	-
LINC02676	10	8939951	8956559	+
LINC02679	10	81388513	81422941	-
LINC02681	10	103012577	103023307	-
LINC02683	11	13942993	13946410	-
LINC02685	11	44995452	44999578	+
LINC02687	11	45392947	45410059	+
LINC02688	11	1049879	1055764	+
LINC02691	14	104689920	104754406	+
LINC02692	9	139863863	139867336	+
LINC02693	17	21431570	21454941	-
LINC02694	15	38988798	38992239	+
LINC02696	11	45376921	45378208	+
LINC02702	11	116510138	116528969	+
LINC02709	11	9776316	9781080	-
LINC02711	11	87429245	87430303	-
LINC02712	11	127140964	127206928	+
LINC02714	11	134605838	134633705	+
LINC02716	11	45792982	45793909	+
LINC02719	11	105983185	106002843	-
LINC02720	11	80462243	80473846	-
LINC02724	11	64216528	64219128	+
LINC02728	11	78135028	78140882	-
LINC02729	11	17716813	17718486	-
LINC02731	11	133902166	133911236	+
LINC02732	11	110225838	110277632	+
LINC02735	11	56615953	56645554	+
LINC02737	11	96241588	96247914	+
LINC02740	11	42209292	42275240	-
LINC02743	11	133653565	133680271	-
LINC02745	11	42023271	42107008	-
LINC02746	11	92646404	92648794	-
LINC02749	11	4208381	4223883	+
LINC02751	11	15574318	15726918	+
LINC02753	11	69902335	69911477	-
LINC02759	11	38639813	38667906	-
LINC02760	11	37960150	37976213	+
LINC02762	11	112141471	112233257	+
LINC02763	11	112352954	112412639	+
LINC02764	11	112404944	112426525	-
LINC02767	1	208132335	208141487	+
LINC02774	1	244080703	244210620	+
LINC02783	1	17516283	17522882	+
LINC02789	1	199117725	199362435	+
LINC02790	1	96457623	96488436	+
LINC02800	1	24526729	24538180	+
LINC02801	1	87678351	87717014	+
LINC02805	1	146093156	147635691	+
LINC02809	1	228261609	228264251	-
LINC02817	1	221503269	221509638	-
LINC02825	12	126885337	126933873	-
LINC02860	7	26677489	26686891	+
LINC02861	16	3997625	4000445	-
LINC02864	18	70821292	70931733	-
LINC02867	16	728517	729777	-
LINC02868	1	117236733	117249225	+
LINC02869	1	218683436	218699320	+
LINC02870	10	134258692	134261810	+
LINC02871	20	11007191	11010014	+
LINC02872	9	89763558	89774641	+
LINC02873	11	130542850	130587247	+
LINC02874	12	52598606	52607367	-
LINC02875	17	59489111	59490641	+
LINC02876	17	51062864	51065012	+
LINC02877	3	153202283	153220486	+
LINC02878	8	144779284	144780583	+
LINC02880	6	114225550	114242806	+
LINC02881	10	44788197	44790097	+
LINC02882	12	74526955	74686411	-
LINC02883	15	86298171	86301956	-
LINC02885	22	35152655	35393905	-
LINC02888	7	17414540	17506880	+
LINC02889	7	17503068	17598533	-
LINCADL	5	115292267	115294298	+
LINCMD1	6	52011611	52015821	-
LINCR-0001	8	10332074	10339484	+
LINCR-0002	3	191143312	191308145	+
LINCR-0003	5	56866168	56913254	+
LINGO1	15	77905365	78113242	-
LINGO1-AS1	15	77934105	77941581	+
LINGO1-AS2	15	77952392	77960416	+
LINGO2	9	27937618	29213599	-
LINGO3	19	2289782	2308153	-
LINGO4	1	151772739	151777895	-
LINP1	10	6779343	6780901	+
LINS1	15	101107128	101142389	-
LIPA	10	90973325	91011796	-
LIPC	15	58724189	58862043	+
LIPC-AS1	15	58727099	58790934	-
LIPE	19	42905665	42931540	-
LIPE-AS1	19	42901299	43156507	+
LIPF	10	90424198	90438570	+
LIPG	18	47088426	47125554	+
LIPH	3	185224049	185270376	-
LIPI	21	15481132	15583276	-
LIPJ	10	90346518	90366733	+
LIPK	10	90466005	90512533	+
LIPM	10	90562486	90580303	+
LIPN	10	90519776	90539383	+
LIPT1	2	99771429	99779613	+
LIPT2	11	74201563	74204769	-
LITAF	16	11641577	11681322	-
LIVAR	18	68002743	68005416	-
LIX1	5	96427570	96478315	-
LIX1L	1	145477068	145501670	+
LIX1L-AS1	1	145493883	145508262	-
LKAAEAR1	20	62714732	62715712	-
LL22NC01-81G9.3	22	37361288	37364213	+
LL22NC03-63E9.3	22	22901749	22909004	+
LLCFC1	7	142636580	142637955	+
LLGL1	17	18128948	18148188	+
LLGL2	17	73521777	73571290	+
LLPH	12	66510334	66524530	-
LLPH-DT	12	66524530	66528229	+
LMAN1	18	56995055	57026497	-
LMAN1L	15	75105175	75118095	+
LMAN2	5	176758567	176778669	-
LMAN2L	2	97371666	97405829	-
LMBR1	7	156461705	156685902	-
LMBR1L	12	49490922	49504683	-
LMBRD1	6	70383901	70506902	-
LMBRD2	5	36098508	36151989	-
LMCD1	3	8543492	8616354	+
LMCD1-AS1	3	8262833	8543344	-
LMF1	16	903635	1031613	-
LMF1-AS1	16	971032	984524	+
LMF2	22	50941377	50946131	-
LMLN	3	197687070	197770591	+
LMLN-AS1	3	197765194	197766338	-
LMLN2	14	23568270	23574198	-
LMNA	1	156052363	156109872	+
LMNB1	5	126112314	126172712	+
LMNB1-DT	5	126087654	126112178	-
LMNB2	19	2428163	2456957	-
LMNTD1	12	25629015	25801512	-
LMNTD2	11	554849	560738	-
LMNTD2-AS1	11	559261	560107	+
LMO1	11	8245855	8290334	-
LMO2	11	33880122	33913623	-
LMO3	12	16701305	16761148	-
LMO4	1	87794562	87814606	+
LMO7	13	76194569	76434006	+
LMO7-AS1	13	76178835	76210130	-
LMO7DN	13	76445173	76457949	+
LMO7DN-IT1	13	76451021	76455261	+
LMOD1	1	201865583	201915676	-
LMOD2	7	123295919	123304341	+
LMOD3	3	69155220	69171746	-
LMTK2	7	97736173	97838950	+
LMTK3	19	48988527	49016446	-
LMX1A	1	165171103	165325952	-
LMX1B	9	129376206	129463311	+
LNC-LBCS	6	19729651	19804990	-
LNCAROD	10	54210636	54230293	-
LNCDAT	6	166581584	166584660	+
LNCNEF	20	22568159	22588155	-
LNCOC1	8	143783669	143808391	-
LNCOG	12	76653662	76699749	+
LNCPRESS1	7	100942893	100944627	+
LNCPRESS2	4	93183648	93198453	-
LNCRNA-ATB	14	19858731	19861176	-
LNCSRLR	3	145784130	145786972	-
LNCTAM34A	1	9242262	9252144	+
LNP1	3	100120382	100175163	+
LNPEP	5	96271783	96373216	+
LNPK	2	176788609	176867548	-
LNX1	4	54325467	54457653	-
LNX1-AS1	4	54366243	54389443	+
LNX1-AS2	4	54459122	54471548	+
LNX2	13	28120049	28194666	-
LOC100101148	7	72440212	72443674	+
LOC100126447	X	115944898	115951828	-
LOC100126584	6	125504088	125518963	-
LOC100126784	11	19732479	19736218	-
LOC100128006	17	12663450	12693601	-
LOC100128059	5	169735704	169739720	-
LOC100128076	9	94895115	94900911	+
LOC100128079	16	27719741	27730350	-
LOC100128108	15	102277296	102285941	-
LOC100128164	3	169661771	169684522	-
LOC100128253	12	3407679	3475288	-
LOC100128276	12	129333715	129337640	-
LOC100128288	17	8261730	8263859	-
LOC100128310	20	60292561	60294804	-
LOC100128317	7	81205701	81320722	-
LOC100128325	7	129781570	129782458	+
LOC100128340	5	177366527	177386801	+
LOC100128361	9	95380331	95382815	+
LOC100128398	19	58514261	58518574	+
LOC100128494	11	71725336	71731956	+
LOC100128568	19	5978413	6020374	+
LOC100128593	9	139640612	139644363	+
LOC100128653	7	1572088	1574516	-
LOC100128770	16	3082481	3089133	+
LOC100128882	16	88579366	88597461	-
LOC100128885	7	64035072	64078967	+
LOC100128966	5	137667793	137672835	+
LOC100128988	20	39609352	39654036	+
LOC100128993	8	19041185	19103032	-
LOC100129034	9	127115751	127121463	+
LOC100129129	8	11203256	11205025	-
LOC100129138	1	104615644	104619693	+
LOC100129148	7	139102208	139112272	-
LOC100129175	2	219866936	219880444	+
LOC100129203	11	94963349	94967568	+
LOC100129291	X	70882840	70886718	-
LOC100129307	13	78235508	78236938	-
LOC100129316	9	93825575	93837414	-
LOC100129434	2	56400668	56412905	-
LOC100129484	7	5465913	5468558	-
LOC100129534	1	2281853	2284100	-
LOC100129540	15	79271230	79278268	+
LOC100129603	7	3180564	3198206	-
LOC100129617	16	81698958	81700879	+
LOC100129620	1	99469831	99614408	+
LOC100129636	6	29003797	29044517	+
LOC100129697	16	89005678	89020190	+
LOC100129878	18	46550072	46574843	+
LOC100129917	4	773936	775636	-
LOC100129931	4	7032280	7047958	-
LOC100129935	19	40129324	40133041	+
LOC100130027	8	146034194	146052425	-
LOC100130075	12	69198216	69199274	-
LOC100130111	15	29967138	29971367	+
LOC100130172	5	137368462	137374622	+
LOC100130207	3	3742497	3842559	-
LOC100130238	12	132851976	132857486	+
LOC100130268	12	75628519	75645645	+
LOC100130283	16	8943325	8954274	+
LOC100130298	8	61878679	61880307	-
LOC100130331	1	238025474	238091619	+
LOC100130357	6	13273325	13295818	-
LOC100130370	17	79349237	79359182	-
LOC100130373	20	34735202	34743682	-
LOC100130449	2	241388795	241396117	-
LOC100130452	2	197565358	197577736	-
LOC100130520	17	72556839	72563482	-
LOC100130548	9	136919411	136923927	+
LOC100130587	20	61991339	62002529	+
LOC100130673	7	32496510	32498106	-
LOC100130691	2	178148235	178257419	-
LOC100130698	10	82007513	82015164	+
LOC100130744	5	14712802	14716638	+
LOC100130849	7	56943077	56949839	-
LOC100130872	4	1189570	1202750	-
LOC100130950	17	5095301	5139298	+
LOC100130964	8	39420630	39437653	+
LOC100130987	11	67085309	67159158	+
LOC100130992	10	22541000	22547477	+
LOC100131107	1	152051888	152053400	-
LOC100131257	7	7115400	7136417	-
LOC100131289	6	27729522	27730966	+
LOC100131315	15	33010301	33011066	-
LOC100131472	7	10742302	10747165	+
LOC100131496	20	45947245	45949498	+
LOC100131626	11	118251934	118289530	-
LOC100131635	3	187420153	187450203	+
LOC100132077	9	97094757	97123230	+
LOC100132078	11	111284966	111288911	-
LOC100132202	15	28594341	28807580	+
LOC100132215	2	63271100	63275656	-
LOC100132249	9	66490071	66494170	-
LOC100132356	5	43065288	43067073	-
LOC100132686	11	112130987	112132119	+
LOC100132741	X	70917045	71004228	+
LOC100132781	9	99631181	99634510	+
LOC100132813	8	110656357	110662957	+
LOC100133050	5	99715208	99723958	-
LOC100133077	9	140762376	140787022	-
LOC100133091	7	76178657	76257299	+
LOC100133286	21	37441939	37498938	-
LOC100133315	11	71576554	71639505	-
LOC100133920	9	69651360	69664949	+
LOC100134040	7	149738443	149742461	+
LOC100134317	19	36802244	36803570	+
LOC100134368	16	432240	442960	+
LOC100134391	17	71733992	71752696	+
LOC100134868	20	25990434	26003903	+
LOC100144595	2	155292364	155313950	-
LOC100190986	16	21443344	22518201	-
LOC100192426	18	8360817	8367032	-
LOC100240728	7	56549797	56551012	-
LOC100240734	12	54495992	54496483	+
LOC100240735	12	54472622	54475607	-
LOC100268168	5	172381785	172386371	-
LOC100270746	6	26987144	26988085	-
LOC100272217	9	133452736	133454881	-
LOC100286906	7	155174770	155194477	+
LOC100286922	2	234662961	234663991	-
LOC100287010	2	104995307	105024790	-
LOC100287015	8	6261076	6264069	-
LOC100287036	16	89386859	89391325	+
LOC100287042	17	73267379	73269976	+
LOC100287049	1	160231538	160232568	+
LOC100287072	17	20615758	20641178	+
LOC100287175	16	686951	689205	+
LOC100287329	6	31527347	31540480	-
LOC100287387	2	239753186	239756548	-
LOC100287467	6	116688587	116692882	-
LOC100287704	7	62809447	62812152	+
LOC100287792	20	36305311	36311636	+
LOC100287808	17	36905286	36908005	+
LOC100287834	7	62809447	62859419	+
LOC100287837	11	73018555	73020406	-
LOC100287846	8	48100929	48104885	+
LOC100287896	11	74204429	74209578	+
LOC100287944	12	106890187	107168609	-
LOC100288069	1	661138	714014	-
LOC100288123	19	1822087	1824544	+
LOC100288162	16	15019606	18438123	-
LOC100288175	1	995113	1001833	+
LOC100288203	15	30763371	30782516	+
LOC100288208	13	74987093	74993252	-
LOC100288254	5	171712600	171725380	+
LOC100288570	2	110705266	111181393	+
LOC100288637	15	30938317	31065209	+
LOC100288728	17	3038262	3080229	-
LOC100288748	8	95649512	95651695	-
LOC100288798	12	46777458	47046362	+
LOC100288846	14	39734906	39736265	-
LOC100288866	17	47583018	47651426	-
LOC100289230	5	98264837	98266713	+
LOC100289333	19	12305829	12318391	+
LOC100289361	3	142719686	142720309	-
LOC100289473	20	1754010	1760392	-
LOC100289495	6	166756118	166764957	+
LOC100289511	14	70232999	70234430	-
LOC100289561	7	102004329	102021196	+
LOC100289580	16	88797587	88807833	+
LOC100289656	15	29033388	29034538	+
LOC100294145	6	32861952	32871535	+
LOC100303749	5	65240632	65241401	-
LOC100310756	8	144638988	144640441	-
LOC100335030	12	49782956	49786116	+
LOC100379224	19	44609491	44617336	-
LOC100419170	4	154561319	154602332	+
LOC100419583	15	45021185	45025049	+
LOC100420587	19	28926295	29218601	-
LOC100421372	10	14880304	14888998	+
LOC100421746	X	55306520	55315219	+
LOC100422212	1	163390859	163392981	-
LOC100422556	15	52211159	52216317	-
LOC100422781	6	3231636	3240217	+
LOC100499194	2	114735245	114737561	-
LOC100499489	10	22724353	22726858	-
LOC100505501	8	60031768	60036037	+
LOC100505502	10	31650355	31688684	-
LOC100505549	18	55297562	55336515	+
LOC100505555	19	9898081	9903856	-
LOC100505585	19	42432971	42434288	+
LOC100505588	9	126768555	126771675	-
LOC100505622	19	42636780	42641251	+
LOC100505715	19	44395955	44405955	-
LOC100505716	2	28530557	28533326	-
LOC100505736	2	28371423	28429828	-
LOC100505774	2	28931915	28959071	-
LOC100505782	17	39558667	39568840	+
LOC100505797	18	70535622	70548634	+
LOC100505841	5	121495870	121518358	+
LOC100505851	19	24132320	24140755	-
LOC100505912	4	22328985	22341289	-
LOC100505915	16	15188267	15203054	+
LOC100505918	1	168369426	168391894	-
LOC100505938	7	8301854	8382911	+
LOC100505942	16	67551608	67562648	-
LOC100505978	12	107074535	107078478	-
LOC100506016	13	112809470	112815024	-
LOC100506023	1	173204198	173446294	-
LOC100506071	14	31345384	31359014	-
LOC100506076	2	97944453	98094824	+
LOC100506083	16	70349542	70380650	-
LOC100506098	7	20257199	20261322	+
LOC100506100	9	131486740	131495522	+
LOC100506123	2	97949671	98089620	+
LOC100506124	2	166713985	166728451	-
LOC100506178	7	22602955	22613617	+
LOC100506188	6	57125321	57128144	-
LOC100506207	6	8435855	8785678	+
LOC100506258	11	7458867	7487066	-
LOC100506271	22	37748230	37750879	-
LOC100506274	2	7561391	7590381	+
LOC100506281	16	75260280	75262101	+
LOC100506282	11	82895532	82904711	-
LOC100506302	7	155434609	155437100	-
LOC100506321	14	65556635	65561029	+
LOC100506358	14	70278476	70282684	+
LOC100506388	17	181309	183279	+
LOC100506403	21	36744804	36953062	-
LOC100506406	5	35938902	35940093	+
LOC100506422	9	26066672	26118406	+
LOC100506444	4	54562067	54600525	+
LOC100506472	22	39828164	39833133	+
LOC100506474	2	13106907	13147138	-
LOC100506476	14	74254062	74270331	+
LOC100506497	7	29019582	29052985	+
LOC100506551	12	117415244	117425142	-
LOC100506606	12	29433348	29470781	-
LOC100506639	5	43067124	43093660	+
LOC100506675	11	32057524	32062864	-
LOC100506682	7	127116936	127125858	+
LOC100506688	5	987291	997455	-
LOC100506691	12	122501195	122506466	+
LOC100506725	7	35756046	35759322	+
LOC100506730	1	19619740	19622230	-
LOC100506790	X	134530353	134531672	+
LOC100506858	5	2303833	2312315	-
LOC100506869	12	58985483	59206450	+
LOC100506937	7	132443729	132445392	+
LOC100506990	8	12294521	12424354	+
LOC100507002	17	63096929	63107212	+
LOC100507006	2	64455534	64479665	+
LOC100507053	4	100010007	100222513	+
LOC100507065	12	65860598	66036152	-
LOC100507071	8	22112088	22132675	-
LOC100507144	11	35154196	35159579	-
LOC100507156	8	23193720	23223638	+
LOC100507250	12	69068150	69080639	-
LOC100507283	11	124670323	124704383	+
LOC100507291	3	139108644	139302161	+
LOC100507334	2	111003214	111024135	+
LOC100507346	9	98225890	98232301	+
LOC100507351	17	75543022	75561103	+
LOC100507373	19	14247963	14282075	+
LOC100507384	11	45743857	45746106	+
LOC100507387	5	175546551	175552168	+
LOC100507389	3	142645516	142661378	+
LOC100507437	14	105883917	105886076	-
LOC100507443	2	208983852	209021486	+
LOC100507464	8	50409321	50424739	-
LOC100507472	15	101847455	101849509	-
LOC100507477	6	140297455	140414858	+
LOC100507507	7	143076247	143078118	-
LOC100507516	8	54424340	54436525	-
LOC100507547	6	32120578	32122142	-
LOC100507548	11	134855245	134856693	+
LOC100507551	19	17599798	17622698	-
LOC100507564	1	53704281	53708455	+
LOC100507599	22	26908497	26910533	+
LOC100507634	1	55681080	55683128	+
LOC100507642	7	149717	155461	+
LOC100508046	14	20006912	20010956	+
LOC100509620	9	67271982	67289282	-
LOC100630923	7	102004307	102067129	+
LOC100652758	5	151149353	151151737	-
LOC100652768	11	117066328	117072630	-
LOC100652931	Y	24462824	24466531	+
LOC100652999	12	53907767	53911392	+
LOC100996249	7	112258119	112260704	+
LOC100996263	1	118139453	118148392	-
LOC100996318	1	120925023	120933000	+
LOC100996325	5	602283	612325	-
LOC100996349	19	22790817	22791303	+
LOC100996351	19	3141573	3155173	-
LOC100996385	5	175476680	175489058	-
LOC100996413	15	30814348	30815776	-
LOC100996419	5	179286002	179288282	+
LOC100996437	7	66119505	66134589	+
LOC100996447	3	158263008	158288855	-
LOC100996583	1	2497973	2515973	+
LOC100996637	2	495812	496636	+
LOC100996643	9	67288309	69713301	+
LOC100996664	14	69092243	69095504	-
LOC100996671	12	127137491	127174864	-
LOC100996720	1	144339861	144340635	+
LOC100996740	1	147930935	148176920	+
LOC100996750	17	39240418	39262740	+
LOC100996842	17	7485284	7487410	-
LOC101059915	X	70887551	70891374	+
LOC101059948	19	49521504	49522741	-
LOC101060524	1	148901844	148904054	+
LOC101060553	13	111800543	111805924	-
LOC101241902	8	79635082	79636609	-
LOC101409256	7	90025605	90027550	+
LOC101448202	9	137711260	137764464	-
LOC101559451	17	4607524	4608824	+
LOC101593348	12	122710988	122713339	+
LOC101926889	20	25165307	25177528	-
LOC101926892	8	71383368	71397922	+
LOC101926898	6	46459788	46501217	+
LOC101926905	5	140425789	140457609	-
LOC101926908	8	73644279	73664078	+
LOC101926913	2	171556877	171627276	-
LOC101926915	6	46244060	46333242	+
LOC101926933	14	23398817	23423901	+
LOC101926934	6	46638180	46655902	-
LOC101926935	20	25825302	25834657	-
LOC101926943	7	74103270	74143256	-
LOC101926944	1	60238466	60254501	+
LOC101926948	9	35646266	35647472	+
LOC101926960	5	42155934	42175447	-
LOC101926964	1	61125302	61291256	-
LOC101926968	3	118360614	118363004	+
LOC101927018	17	27253292	27271766	+
LOC101927020	6	49779252	49788216	+
LOC101927023	5	111563979	111593006	+
LOC101927040	8	80681614	80783972	-
LOC101927045	14	24912158	24971403	+
LOC101927048	6	49783205	49792479	-
LOC101927050	2	91887713	91900136	-
LOC101927053	2	97584842	97591574	+
LOC101927055	2	179641652	179644690	+
LOC101927066	8	97964091	98458725	-
LOC101927069	9	71568003	71590757	-
LOC101927078	5	113783114	114109110	-
LOC101927079	15	22278030	22383564	+
LOC101927082	6	51486667	51487375	+
LOC101927100	5	114937851	114956116	+
LOC101927124	14	31889963	31922089	+
LOC101927131	16	11559115	11567030	+
LOC101927136	6	53426086	53438073	-
LOC101927141	8	83824338	83874159	+
LOC101927143	1	224396449	224400981	-
LOC101927151	19	28284338	28515876	+
LOC101927157	4	47916243	47992754	+
LOC101927159	20	41314122	41317202	+
LOC101927164	1	224407314	224415745	+
LOC101927166	17	46522194	46543402	+
LOC101927168	18	6728925	6729861	-
LOC101927178	14	35550286	35582336	+
LOC101927179	4	47833361	47898865	+
LOC101927188	18	6954675	6957417	+
LOC101927189	6	53794779	53862465	+
LOC101927190	5	115703112	115710267	-
LOC101927237	4	68283022	68287718	-
LOC101927243	7	77044514	77054760	+
LOC101927245	8	103668475	103698951	+
LOC101927248	13	95356997	95360740	-
LOC101927267	12	49686413	49718359	-
LOC101927269	7	80000832	80003755	-
LOC101927272	16	50702765	50705550	+
LOC101927278	10	100206077	100213562	+
LOC101927284	13	95413194	95587664	+
LOC101927296	3	73570472	73618925	+
LOC101927310	15	98096513	98103928	-
LOC101927314	6	97753461	98156793	+
LOC101927318	12	50345294	50356707	-
LOC101927322	18	56337240	56339105	-
LOC101927342	1	76477008	76485041	+
LOC101927354	7	7294784	7317700	+
LOC101927357	5	121917193	121920295	-
LOC101927358	9	76986446	76998446	+
LOC101927359	4	134015015	134070271	-
LOC101927365	6	99872746	99879190	+
LOC101927374	3	79460876	79484377	+
LOC101927377	20	45981304	45983376	+
LOC101927378	7	84161791	84213634	+
LOC101927391	7	7589734	7605696	-
LOC101927394	3	7994491	8057994	-
LOC101927402	2	64749322	64751289	-
LOC101927410	18	10661929	10666884	+
LOC101927418	14	45368110	45381120	-
LOC101927420	7	86780738	86781809	-
LOC101927421	5	124372523	124703427	+
LOC101927429	1	148876039	148902123	+
LOC101927434	1	81979564	82023387	-
LOC101927437	13	100393123	100609419	-
LOC101927446	7	89964536	89973408	+
LOC101927450	9	81750337	81760581	-
LOC101927468	1	147680369	147719342	-
LOC101927476	X	40122169	40146974	+
LOC101927478	1	229644176	229649834	+
LOC101927480	16	54881161	54882145	-
LOC101927488	5	125608209	125620867	-
LOC101927495	11	61355965	61375018	+
LOC101927502	9	84304627	84391814	+
LOC101927506	8	13712	63102	-
LOC101927509	2	242211578	242216354	+
LOC101927513	8	120075181	120081021	-
LOC101927516	4	141049168	141060011	+
LOC101927539	17	55678225	55685773	-
LOC101927543	8	121773492	121789072	+
LOC101927550	7	98610787	98634102	+
LOC101927551	22	45396445	45399500	-
LOC101927557	17	55599608	55600958	-
LOC101927560	1	84267198	84326229	-
LOC101927571	18	20303453	20366800	-
LOC101927572	19	36505403	36542019	+
LOC101927575	9	86678357	86709494	+
LOC101927583	12	58012187	58015686	-
LOC101927588	8	125204931	125259639	-
LOC101927604	1	231010591	231014761	+
LOC101927620	14	53620071	53624246	+
LOC101927623	9	88742454	88771987	+
LOC101927635	X	48364915	48367227	-
LOC101927636	4	144833483	144903605	+
LOC101927657	8	127337739	127341778	+
LOC101927661	2	67440539	67471706	+
LOC101927666	17	56154251	56160565	-
LOC101927668	7	19958603	20180049	-
LOC101927690	14	56981048	57018027	+
LOC101927691	6	868497	876613	+
LOC101927692	10	116524546	116539662	+
LOC101927699	10	46951471	46967448	+
LOC101927708	11	3529209	3593217	-
LOC101927709	2	119357358	119360542	-
LOC101927727	17	812871	814452	+
LOC101927730	6	2884221	2900910	+
LOC101927751	15	101432547	101459488	-
LOC101927752	8	1710128	1712750	-
LOC101927759	6	3024296	3027668	+
LOC101927762	10	978965	988683	+
LOC101927769	7	20336330	20351335	+
LOC101927770	20	52169308	52191847	+
LOC101927787	1	234782034	234796670	+
LOC101927789	11	65222756	65234466	+
LOC101927793	16	88949922	88953544	+
LOC101927798	8	134787793	134789595	-
LOC101927811	7	20367923	20371385	-
LOC101927814	16	21601018	21610706	-
LOC101927815	8	2387218	2585991	-
LOC101927817	16	89497325	89520902	+
LOC101927822	8	134898738	134914650	+
LOC101927824	10	3094690	3109125	-
LOC101927827	9	44384584	44391314	+
LOC101927829	3	20383959	20392420	+
LOC101927830	X	154576449	154723771	-
LOC101927839	17	2135971	2136904	+
LOC101927845	8	135862177	135894142	+
LOC101927847	9	92731697	92749768	+
LOC101927851	1	235093089	235099746	-
LOC101927855	17	59439028	59445065	-
LOC101927870	7	103085653	103154454	+
LOC101927881	2	129622173	129626301	+
LOC101927884	2	75751193	75769832	+
LOC101927908	5	166591938	166595406	-
LOC101927911	17	2865540	2869189	-
LOC101927914	7	157258924	157292410	+
LOC101927915	8	138418343	138425831	-
LOC101927919	6	117993975	117996447	-
LOC101927932	20	57438810	57463865	-
LOC101927948	2	78315855	78354932	+
LOC101927950	6	5665219	5695505	-
LOC101927954	9	95770396	95777226	-
LOC101927960	2	209407366	209690311	+
LOC101927964	10	4093917	4131205	+
LOC101927967	2	77970821	78517857	-
LOC101927972	6	5452700	5458308	-
LOC101927974	7	107383197	107385026	-
LOC101927989	18	74203607	74205871	+
LOC101928002	12	70107414	70132330	-
LOC101928008	11	9860688	9950808	+
LOC101928009	1	153146993	153164152	+
LOC101928012	7	112262435	112348122	+
LOC101928021	17	65240891	65258196	+
LOC101928030	12	9524377	9534018	-
LOC101928034	1	153518217	153524245	+
LOC101928035	16	74226290	74249420	-
LOC101928042	15	32878305	32906947	-
LOC101928048	20	59044666	59048034	-
LOC101928052	4	162943884	162968702	+
LOC101928053	11	10830843	10844478	+
LOC101928058	8	1919344	1921511	-
LOC101928063	19	44501047	44507022	-
LOC101928068	1	245128505	245134171	-
LOC101928069	11	66240960	66247720	-
LOC101928075	14	71075514	71108015	-
LOC101928087	8	143719948	143722024	+
LOC101928093	5	172182505	172189565	+
LOC101928095	8	7073043	7085710	-
LOC101928105	3	150452257	150456772	-
LOC101928107	21	34484009	34496006	-
LOC101928118	1	95628774	95699538	-
LOC101928119	9	97689301	97707836	-
LOC101928120	1	154933946	154935101	+
LOC101928123	14	73710725	73712709	-
LOC101928126	21	35348682	35349992	+
LOC101928128	X	84465711	84474295	+
LOC101928131	4	166651930	166664223	-
LOC101928135	3	34917288	35435515	-
LOC101928143	14	73927640	73930348	-
LOC101928160	8	144790220	144796068	+
LOC101928163	1	23848421	23854911	+
LOC101928166	3	151877252	151923218	-
LOC101928168	7	29164648	29167788	+
LOC101928174	15	35047284	35105124	+
LOC101928177	1	156584533	156591720	-
LOC101928191	6	10932549	10954322	-
LOC101928195	9	42817547	69712879	-
LOC101928201	X	4545240	4551613	-
LOC101928211	7	123977433	123992150	-
LOC101928222	2	20189964	20204567	+
LOC101928251	17	71509821	71514909	+
LOC101928253	6	11990575	12001477	-
LOC101928254	7	124869632	124904345	-
LOC101928266	17	9074384	9082435	-
LOC101928269	21	37326976	37376965	-
LOC101928272	10	9239328	9337556	-
LOC101928273	2	138636323	138685502	-
LOC101928279	4	4763486	4789101	+
LOC101928283	7	124824622	125019375	+
LOC101928295	19	49871961	49891338	-
LOC101928304	6	134846455	134861143	-
LOC101928306	4	4922534	4990398	+
LOC101928307	6	69342554	69344216	-
LOC101928323	3	42653801	42695880	-
LOC101928335	X	107137826	107179210	-
LOC101928336	X	118425491	118469573	+
LOC101928343	17	72595978	72622135	+
LOC101928358	X	107979769	107982133	+
LOC101928370	1	101700428	101702084	-
LOC101928371	2	88838237	88875128	+
LOC101928372	1	160902254	160919712	+
LOC101928381	9	42771707	70374924	+
LOC101928386	2	144694633	144721722	+
LOC101928389	X	17546557	17605281	+
LOC101928398	21	40229462	40230786	+
LOC101928401	7	56601922	56605823	-
LOC101928402	X	123093082	123095191	-
LOC101928414	15	45543778	45571420	-
LOC101928416	12	132906435	132908161	+
LOC101928417	16	82986834	83023903	-
LOC101928424	11	102323649	102332769	+
LOC101928429	6	137105184	137107192	+
LOC101928436	1	103959601	104068130	-
LOC101928437	X	112285954	112763885	+
LOC101928438	9	102348067	102582171	-
LOC101928441	12	23328569	23344521	+
LOC101928446	16	82806923	82863243	+
LOC101928453	10	14116282	14129878	+
LOC101928475	17	14918121	14955592	+
LOC101928489	6	74403625	74405854	-
LOC101928491	6	17501595	17511496	-
LOC101928495	X	125243744	125249545	+
LOC101928504	14	81687561	81689724	+
LOC101928505	5	56946486	56966816	+
LOC101928510	11	36084833	36099451	-
LOC101928516	6	74779166	75400443	+
LOC101928517	19	51656179	51685222	-
LOC101928519	6	19068773	19180711	-
LOC101928523	9	106761989	106762763	+
LOC101928525	9	138395118	138398293	-
LOC101928530	12	133464427	133465157	+
LOC101928535	11	106120745	106135632	+
LOC101928540	6	76092901	76168615	+
LOC101928551	4	175752878	175797115	+
LOC101928557	16	85826020	85826539	+
LOC101928565	1	168433351	168464882	-
LOC101928590	4	176711457	176733340	+
LOC101928595	16	30107750	30116777	+
LOC101928596	1	169073361	169074144	+
LOC101928617	12	92539860	92579560	+
LOC101928618	7	36134919	36140262	+
LOC101928622	4	33897960	34041515	-
LOC101928626	1	562759	564389	-
LOC101928627	X	36383740	36458375	-
LOC101928651	5	60958984	60994259	-
LOC101928659	16	87351114	87351649	+
LOC101928661	6	146915651	146920067	-
LOC101928663	6	25245145	25261635	-
LOC101928674	17	76356528	76369990	+
LOC101928682	16	87305511	87326058	-
LOC101928697	13	19756172	19761605	+
LOC101928708	16	87245720	87260035	+
LOC101928718	1	112287938	112298131	-
LOC101928725	15	59060270	59063173	-
LOC101928728	1	27018400	27020622	-
LOC101928730	13	112911039	112927314	-
LOC101928731	12	94101566	94131599	-
LOC101928737	16	87527792	87549236	+
LOC101928739	3	178819158	178865761	-
LOC101928748	9	117881818	117900688	-
LOC101928764	13	21857648	21872230	-
LOC101928775	9	118501948	118506518	-
LOC101928782	7	131594978	131633712	+
LOC101928786	9	140934954	140939523	-
LOC101928796	21	47392883	47394867	+
LOC101928797	9	120410883	120419304	+
LOC101928804	19	55280873	55282516	-
LOC101928807	7	131945619	131949048	+
LOC101928834	10	19999263	20017479	-
LOC101928837	11	76493624	76494106	-
LOC101928841	13	114053924	114068708	-
LOC101928844	19	5847477	5858250	+
LOC101928847	11	112830002	112834182	-
LOC101928855	17	78775439	78779432	-
LOC101928858	5	67089040	67096886	+
LOC101928861	7	133485245	133509641	-
LOC101928881	2	233877323	233880595	+
LOC101928882	3	180425377	180587966	-
LOC101928894	11	46193505	46198656	+
LOC101928896	11	78244221	78269611	+
LOC101928902	8	145592595	145596648	-
LOC101928907	15	62352701	62354633	+
LOC101928909	14	91108972	91115232	+
LOC101928911	6	88494577	88621449	+
LOC101928924	5	68773299	68781439	-
LOC101928932	9	141090384	141093903	-
LOC101928936	6	89235642	89249088	-
LOC101928937	12	99487136	99498789	+
LOC101928940	11	114231356	114250761	-
LOC101928961	10	68653867	68771911	-
LOC101928977	1	116465193	116519897	-
LOC101928978	4	84889234	85220322	-
LOC101928985	11	115602662	115605480	-
LOC101928988	15	64220472	64228152	+
LOC101928994	10	70975088	70992246	-
LOC101929006	6	29191749	29258217	+
LOC101929054	3	52273253	52275113	+
LOC101929057	6	90348250	90399200	+
LOC101929058	12	103545619	103562086	+
LOC101929066	8	17942376	17955160	+
LOC101929073	10	26213306	26222639	-
LOC101929076	15	68126645	68131217	-
LOC101929089	11	118382632	118401809	-
LOC101929099	1	117568103	117602112	-
LOC101929106	3	186914877	186925417	-
LOC101929109	5	75902435	75904794	-
LOC101929116	9	129032402	129038194	-
LOC101929117	10	26866614	26868236	-
LOC101929122	6	159586930	159591039	-
LOC101929124	19	22703796	22710751	-
LOC101929128	8	9046508	9060366	+
LOC101929130	3	187009059	187015721	+
LOC101929140	13	41707063	41810822	+
LOC101929141	17	18738976	18745681	+
LOC101929148	Y	24247838	24630861	-
LOC101929154	5	77180479	77254920	+
LOC101929161	4	25532661	25570968	-
LOC101929162	12	108130331	108153745	+
LOC101929165	10	76672543	76696160	+
LOC101929172	8	21155749	21166960	+
LOC101929188	6	33599020	33601522	-
LOC101929208	11	120811263	120828748	-
LOC101929210	4	95038970	95128707	-
LOC101929217	8	49532962	49536455	+
LOC101929227	11	120738641	120765506	-
LOC101929229	8	10697535	10704019	+
LOC101929234	10	77168914	77171082	+
LOC101929237	8	22735484	22745535	+
LOC101929243	6	34663930	34665248	+
LOC101929259	13	45680413	45687341	+
LOC101929268	8	49464126	49611069	+
LOC101929269	8	10920161	10924599	-
LOC101929279	10	30500780	30521619	+
LOC101929294	8	24153326	24406131	-
LOC101929295	11	94883702	94892312	+
LOC101929297	6	166650456	166670432	+
LOC101929315	8	24347824	24372381	-
LOC101929319	2	152194341	152235885	-
LOC101929322	7	64957248	65019978	-
LOC101929331	9	132044694	132047998	+
LOC101929340	11	124629029	124635816	+
LOC101929341	8	53106921	53112112	+
LOC101929353	4	101111189	101136662	+
LOC101929372	22	18062922	18071958	-
LOC101929380	5	86415964	86543835	+
LOC101929411	3	101882548	101883715	+
LOC101929413	20	10855980	10889920	-
LOC101929415	8	57358365	57464626	+
LOC101929420	6	168643617	168663258	+
LOC101929427	11	126522672	126551999	+
LOC101929431	10	32723296	32734984	-
LOC101929439	15	76467231	76473827	-
LOC101929452	2	7202857	7218011	-
LOC101929457	15	77817936	77826452	+
LOC101929460	6	169434265	169435738	-
LOC101929470	8	29672519	29686020	-
LOC101929473	11	126936896	126971201	+
LOC101929479	15	85748237	85778026	-
LOC101929488	8	58256345	58277415	+
LOC101929512	2	162079768	162111154	-
LOC101929523	6	169613306	169639657	+
LOC101929524	5	16616034	16630078	+
LOC101929528	8	59168329	59184660	-
LOC101929532	2	162970950	163029243	+
LOC101929536	1	40254647	40255842	+
LOC101929538	11	128551134	128556817	-
LOC101929550	8	35529680	35567838	-
LOC101929551	2	8026897	8039786	-
LOC101929552	17	80671783	80674129	-
LOC101929555	6	40846624	40991019	-
LOC101929563	9	23500688	23672397	-
LOC101929572	14	19563121	19566680	-
LOC101929574	10	82289352	82295698	-
LOC101929577	4	106924473	106943635	-
LOC101929578	17	37394022	37402057	+
LOC101929579	3	107099322	107101006	-
LOC101929583	9	42817547	69712879	-
LOC101929586	15	80846950	80855285	-
LOC101929599	5	69194036	70074913	-
LOC101929613	16	3048955	3050814	+
LOC101929621	4	109478388	109481548	+
LOC101929622	8	37575096	37591011	+
LOC101929626	1	46599042	46604752	+
LOC101929633	2	165697258	165705906	+
LOC101929645	5	29065350	29073330	+
LOC101929653	11	131403750	131410761	-
LOC101929657	13	52703030	52706859	+
LOC101929662	10	87192618	87208713	+
LOC101929698	20	31097761	31108088	+
LOC101929705	6	43963460	44042389	-
LOC101929709	8	90729626	90769939	-
LOC101929710	5	95297704	95966789	+
LOC101929718	14	21463995	21467322	-
LOC101929719	5	139536903	139548370	+
LOC101929748	9	95567666	95570369	-
LOC101929762	4	120113927	120133799	-
LOC101929767	17	41300383	41322420	-
LOC101929829	22	42522500	42526883	-
LOC101929882	2	10181679	10183528	-
LOC101929897	8	42112840	42128479	-
LOC101929935	1	57093463	57110991	-
LOC101929950	17	36358217	36398302	-
LOC101929998	7	153752669	153757655	-
LOC101930071	19	42901279	42912604	+
LOC101930085	7	35734815	35739022	+
LOC101930094	21	43916648	43917553	+
LOC101930370	4	174053083	174090803	-
LOC101930421	10	674503	677195	+
LOC102031319	10	32636291	32663416	+
LOC102467080	5	53955986	54040086	-
LOC102467081	5	54317126	54319997	-
LOC102467216	5	111992124	112018585	-
LOC102467217	5	114977821	115008349	-
LOC102467222	8	20811143	20826449	+
LOC102467226	5	120658244	120661532	+
LOC102503427	5	71852903	71867569	+
LOC102546229	5	133764741	133770738	-
LOC102546294	5	147647869	147763413	-
LOC102546299	5	163897284	163969989	+
LOC102606465	1	101491401	101552935	+
LOC102606466	20	12915525	12917611	-
LOC102723313	8	10586800	10630420	+
LOC102723322	8	86084311	86089276	-
LOC102723335	15	101098870	101100004	+
LOC102723345	13	30221829	30229612	+
LOC102723373	16	53407404	53418171	+
LOC102723376	18	12074	15930	+
LOC102723385	16	19074075	19079013	-
LOC102723427	7	67485239	67497677	+
LOC102723439	10	76266255	76289082	-
LOC102723493	15	67276544	67356520	-
LOC102723517	17	70030247	70053875	-
LOC102723534	15	20711668	23393943	+
LOC102723544	12	362607	366465	-
LOC102723566	9	130578344	130584799	+
LOC102723582	3	122135052	122162094	+
LOC102723604	14	52382862	52385289	-
LOC102723623	15	22736175	22745998	+
LOC102723649	6	137986782	137995691	+
LOC102723655	16	32684839	33264728	-
LOC102723665	10	98590388	98592215	-
LOC102723672	7	144444	149438	-
LOC102723692	16	17228360	17232589	+
LOC102723701	8	37592278	37594944	-
LOC102723704	4	103698193	103720732	+
LOC102723709	9	45003233	67781179	-
LOC102723713	16	32264643	32267243	+
LOC102723729	8	41391823	41435887	-
LOC102723730	2	1555701	1558327	+
LOC102723753	16	32163432	32199434	-
LOC102723769	1	143134602	143202239	-
LOC102723809	14	64980868	65007086	-
LOC102723831	6	151517807	151549592	-
LOC102723838	11	102337985	102369530	+
LOC102723883	6	68765242	68770394	+
LOC102723899	7	90098952	90142711	+
LOC102723968	13	64402972	64418258	-
LOC102723971	9	138506028	138511739	+
LOC102723996	21	45646721	45660849	-
LOC102724020	12	10167484	10183222	-
LOC102724034	15	83002903	84978856	+
LOC102724050	12	54747474	54860814	+
LOC102724058	2	166813927	166892910	+
LOC102724064	11	66115461	66131235	+
LOC102724084	16	80189854	80597032	-
LOC102724096	6	4186553	4190263	-
LOC102724135	15	84868063	84898888	-
LOC102724152	6	164085397	164092516	-
LOC102724153	14	76041246	76045931	-
LOC102724156	9	90681349	90692815	-
LOC102724159	21	45527279	45551063	+
LOC102724163	16	83830840	83837581	-
LOC102724238	9	42018870	46688171	+
LOC102724265	11	69240422	69244392	+
LOC102724301	11	119600292	119610333	+
LOC102724323	10	45940015	45948569	-
LOC102724357	6	169467880	169469519	+
LOC102724378	22	38140316	38141951	-
LOC102724404	5	156789622	156887108	-
LOC102724421	12	67471405	67490064	-
LOC102724434	7	115915659	115926781	-
LOC102724452	15	87482027	87531657	-
LOC102724467	16	87799936	87812754	-
LOC102724488	10	46952510	46971400	-
LOC102724511	6	170475865	170478251	+
LOC102724532	17	45968595	45973182	-
LOC102724562	1	17083555	17086552	-
LOC102724579	2	85440774	85445292	+
LOC102724580	9	67290450	67334405	+
LOC102724593	10	46951471	46966835	+
LOC102724596	17	47438526	47457456	+
LOC102724604	3	181138950	181160274	-
LOC102724612	8	64378406	64388040	+
LOC102724624	17	18992755	18999675	+
LOC102724646	6	112194654	112198513	+
LOC102724708	8	68256068	68404103	+
LOC102724710	8	93577670	93667722	-
LOC102724719	10	52822338	52828312	-
LOC102724720	5	95170530	95185561	+
LOC102724728	22	21480427	21638667	-
LOC102724738	7	62807179	62810444	-
LOC102724760	15	22448239	22448881	-
LOC102724770	22	18893832	18899601	+
LOC102724776	4	156275367	156281613	+
LOC102724784	11	8790324	8831823	+
LOC102724788	22	18900205	18923806	-
LOC102724804	8	97384153	97399666	-
LOC102724814	14	24030305	24037284	+
LOC102724849	2	216318429	216328591	+
LOC102724874	8	78362932	78388567	+
LOC102724904	9	69650264	69663994	+
LOC102724908	19	29097594	29106136	+
LOC102724958	19	29459374	29461579	+
LOC102725021	15	30883398	30917981	-
LOC102725072	22	18837630	18848564	+
LOC102725080	8	13487198	13490085	+
LOC102725191	7	12536054	12580761	+
LOC102725254	19	18315539	18316373	+
LOC103021295	17	4174725	4175189	-
LOC103171574	15	84977216	84980581	+
LOC103344931	10	114583254	114587491	+
LOC103352541	6	140299486	140312398	-
LOC103908604	9	46843862	46854113	+
LOC103908605	9	44401769	46845159	+
LOC104054148	8	102996659	103007078	+
LOC104613533	15	93013463	93014776	-
LOC104968399	18	3255433	3262357	-
LOC105274304	17	74668009	74669740	+
LOC105369140	1	149239485	149251314	+
LOC105369146	7	81145062	81191135	-
LOC105369147	8	104255765	104311046	-
LOC105369187	12	65938017	65951091	-
LOC105369199	1	144280039	144470565	-
LOC105369201	15	101389956	101417082	+
LOC105369209	20	60803298	60811357	+
LOC105369212	15	96625282	96671070	-
LOC105369266	16	32661463	33288121	+
LOC105369306	21	37477178	37481988	+
LOC105369332	11	62599705	62601513	+
LOC105369391	11	75294240	75305710	+
LOC105369438	11	94278497	94473521	-
LOC105369507	11	115267473	115268376	+
LOC105369509	11	115204295	115211158	+
LOC105369532	11	120682053	120689824	-
LOC105369535	11	121343855	121352498	-
LOC105369595	12	694864	695652	-
LOC105369632	12	6984928	6998522	-
LOC105369691	12	22741940	22777980	-
LOC105369728	12	9799608	9800584	-
LOC105369747	12	47699699	47701182	-
LOC105369781	12	56403875	56418875	-
LOC105369879	12	87724515	87726098	+
LOC105369911	12	94288740	94337382	-
LOC105369921	12	96189122	96252617	-
LOC105369945	12	103889817	103891473	+
LOC105369980	12	111389486	111395622	-
LOC105370024	12	119611870	119614289	-
LOC105370068	12	128133440	128140133	-
LOC105370203	13	49809650	49821976	-
LOC105370295	13	25113275	25115858	-
LOC105370361	13	110774048	110777581	+
LOC105370362	13	111466051	111472413	+
LOC105370401	14	22847807	22951948	-
LOC105370457	14	39351798	39388404	+
LOC105370473	14	44976611	45007713	+
LOC105370489	14	51288514	51290226	+
LOC105370579	14	77497901	77500549	-
LOC105370586	14	79666324	79667975	+
LOC105370619	14	90982149	90983553	-
LOC105370622	14	91163676	91165718	+
LOC105370687	14	103799255	103800997	-
LOC105370697	14	105998191	106000654	+
LOC105370705	14	23526868	23527856	+
LOC105370708	14	104601119	104604966	-
LOC105370792	15	42184974	42191013	+
LOC105370802	15	45997392	46223267	+
LOC105370829	15	55348944	55384371	+
LOC105370941	15	40075106	40077817	+
LOC105370943	15	41199006	41201549	+
LOC105370954	15	87476110	87489562	+
LOC105370980	15	93749294	93751277	+
LOC105371031	15	89943401	89963130	+
LOC105371038	16	698457	699313	-
LOC105371046	16	1630527	1660329	+
LOC105371049	16	2141436	2145018	+
LOC105371083	16	11435665	11439069	-
LOC105371215	1	148864656	148866653	+
LOC105371267	16	53069601	53086785	-
LOC105371328	16	70222224	70223155	+
LOC105371335	16	71547713	71551749	+
LOC105371414	16	89362535	89364725	+
LOC105371430	17	254325	263814	-
LOC105371433	1	150132925	150153463	+
LOC105371458	1	157895756	157918861	+
LOC105371485	17	1921009	1924000	+
LOC105371566	17	18011004	18020875	-
LOC105371592	17	2615602	2616127	+
LOC105371703	17	25399414	25416267	-
LOC105371730	17	30468244	30470154	-
LOC105371763	17	36857396	36860997	+
LOC105371789	17	42193279	42197963	+
LOC105371795	17	43246171	43248852	-
LOC105371814	17	46952221	46986345	-
LOC105371824	17	48614654	48616115	-
LOC105371849	17	58156669	58166053	+
LOC105371855	17	60783566	60815282	+
LOC105371880	17	67471394	67481673	-
LOC105371899	17	74946555	74965281	-
LOC105371910	17	76244396	76248572	+
LOC105371925	17	79202506	79206009	+
LOC105371998	18	12432772	12447797	+
LOC105372028	18	22305744	22346609	+
LOC105372038	18	24916954	24922620	-
LOC105372068	18	34854422	34856363	+
LOC105372069	18	34481907	34503777	-
LOC105372071	18	34240351	34243381	-
LOC105372179	18	67137166	67138972	+
LOC105372273	19	11314303	11326844	+
LOC105372383	19	36438016	36454972	+
LOC105372397	19	39086986	39092334	+
LOC105372440	19	51288984	51289417	-
LOC105372441	19	51333785	51354399	+
LOC105372480	19	58826315	58838614	-
LOC105372483	19	58873991	58877945	+
LOC105372493	20	1098494	1099091	-
LOC105372582	20	25731843	25736686	+
LOC105372631	20	44056061	44077221	+
LOC105372633	20	45035417	45073610	+
LOC105372653	20	48532358	48545358	+
LOC105372672	20	52224892	52251129	+
LOC105372695	20	57348480	57349867	+
LOC105372977	22	27583477	27585177	+
LOC105372990	22	30828672	30832488	+
LOC105373021	22	37099920	37163133	+
LOC105373031	22	38966504	38967363	+
LOC105373044	22	41947712	41956887	-
LOC105373064	22	45572122	45587493	-
LOC105373100	22	51174256	51176597	-
LOC105373156	X	6144398	6148332	+
LOC105373159	1	229392638	229406901	-
LOC105373289	1	227974512	227979886	+
LOC105373311	X	108975739	108978187	+
LOC105373338	X	129936609	129940372	+
LOC105373352	2	558200	562092	+
LOC105373378	X	152617486	152625567	+
LOC105373383	X	152864794	152865348	+
LOC105373394	2	4021750	4022870	+
LOC105373496	2	97193676	97198043	-
LOC105373553	2	111368702	111370272	+
LOC105373562	2	113299232	113299789	-
LOC105373609	2	128317619	128328537	-
LOC105373656	2	145281116	145282011	-
LOC105373759	2	178076122	178077139	-
LOC105373782	2	186029680	186031799	-
LOC105373805	2	191886251	191897040	+
LOC105373876	2	217731054	217732532	-
LOC105374042	3	112021324	112051598	+
LOC105374060	3	118227257	118529680	-
LOC105374194	3	166616470	166649612	+
LOC105374297	3	195373505	195379030	-
LOC105374312	3	125493556	125516796	+
LOC105374313	3	149814229	149868788	+
LOC105374338	4	570956	578655	+
LOC105374344	4	1107426	1126763	+
LOC105374378	2	27938989	27962154	+
LOC105374389	2	29697599	29698243	-
LOC105374428	4	42301028	42393285	-
LOC105374516	4	21583718	21615345	+
LOC105374620	5	2917967	2920642	+
LOC105374704	5	29880666	29882210	+
LOC105374727	5	37249147	37250748	+
LOC105374820	2	78772656	78793210	+
LOC105374952	6	17706360	17711258	+
LOC105374960	6	19450051	19459579	+
LOC105374972	6	22643738	22718153	-
LOC105374988	6	26569551	26574926	+
LOC105375075	6	44513897	44519618	-
LOC105375115	7	174919	176013	+
LOC105375131	7	4167243	4174469	-
LOC105375166	7	15707571	15721604	+
LOC105375218	7	30287044	30325701	-
LOC105375297	7	57288875	57289881	-
LOC105375303	7	1659230	1661040	+
LOC105375304	7	26411638	26439038	-
LOC105375423	7	99594697	99609256	+
LOC105375429	7	100254183	100264049	+
LOC105375483	7	123634675	123667700	+
LOC105375504	7	130005490	130006968	-
LOC105375512	7	132783830	132793271	-
LOC105375556	7	147368770	147370236	+
LOC105375683	8	103424566	103535008	+
LOC105375690	8	104493507	104514138	-
LOC105375713	8	117664338	117666863	+
LOC105375744	8	126009230	126010440	-
LOC105375773	8	134676003	134696309	-
LOC105375787	8	142264665	142266916	+
LOC105375800	8	144840662	144842678	-
LOC105375843	8	56429746	56433537	-
LOC105375938	8	61822022	61823357	-
LOC105375972	9	9799391	9803787	+
LOC105376114	9	86322749	86328408	+
LOC105376194	9	107032509	107048859	+
LOC105376271	9	127961811	127962675	-
LOC105376306	9	135903538	135905809	-
LOC105376331	9	140838081	140841512	-
LOC105376353	10	3291205	3295546	+
LOC105376360	10	3360886	3792955	+
LOC105376398	10	8614709	8636354	-
LOC105376453	10	23632885	23634088	+
LOC105376526	11	3494800	3498303	-
LOC105376731	15	75519093	75522031	-
LOC105376772	16	74440186	74441117	-
LOC105376805	1	17215032	17216161	-
LOC105376917	19	22638893	22715287	-
LOC105376975	3	17784435	17787154	+
LOC105377102	3	57303593	57312155	+
LOC105377143	3	66780801	66788760	-
LOC105377146	3	68549787	68555023	+
LOC105377162	3	72712446	72713400	-
LOC105377213	X	150684022	150684734	+
LOC105377267	4	70047817	70082485	+
LOC105377342	4	99580052	99585702	+
LOC105377448	4	139741110	139933800	-
LOC105377458	4	144738946	144750501	-
LOC105377480	4	149862097	149863530	-
LOC105377590	4	186392584	186393416	+
LOC105377621	4	103339758	103423643	-
LOC105377623	4	144098812	144106014	-
LOC105377651	4	32007474	32024044	-
LOC105377752	5	177228079	177236508	-
LOC105377763	5	179084762	179101296	+
LOC105377777	8	829170	833226	-
LOC105377785	8	2584495	2881753	+
LOC105377879	6	84419160	84436214	+
LOC105377924	6	106899370	106905123	-
LOC105377967	6	118407065	118416635	+
LOC105377975	6	119870972	120166230	+
LOC105378052	6	150255648	150257455	+
LOC105378068	6	155835977	155847152	+
LOC105378098	6	161892008	161905077	+
LOC105378123	6	167578836	167583468	-
LOC105378127	6	167871476	167885013	-
LOC105378137	6	168625960	168627197	-
LOC105378146	6	169327835	169364477	-
LOC105378183	14	103783620	103784876	+
LOC105378230	5	150591694	150603911	+
LOC105378269	10	43250589	43265069	+
LOC105378292	10	48324886	48325973	+
LOC105378305	10	54316739	54515164	-
LOC105378311	10	56245989	56415811	+
LOC105378330	10	65190334	65190962	+
LOC105378367	10	77472212	77503606	+
LOC105378430	10	92792922	92801012	+
LOC105378479	10	111907104	111911738	-
LOC105378577	10	47656085	47657233	+
LOC105378586	1	1534812	1542590	+
LOC105378591	1	1980639	1981509	-
LOC105378614	1	19918295	19923326	-
LOC105378663	1	39339072	39341898	+
LOC105378933	1	119542966	119544028	-
LOC105378948	1	1001014	1004717	-
LOC105378949	1	1822618	1824165	+
LOC105378979	5	56066673	56068698	-
LOC105379030	5	72427834	72446419	-
LOC105379143	5	118332006	118406585	-
LOC105379152	5	122421926	122426011	-
LOC105379176	5	132014776	132018321	-
LOC105379183	5	133304379	133305914	+
LOC105379192	5	136463885	136466658	+
LOC105379194	5	138080118	138089613	-
LOC105379252	9	42468588	69481677	+
LOC105379331	8	25208123	25219028	-
LOC105379393	8	41909267	41962505	+
LOC105379443	9	42817120	69713301	-
LOC105379450	9	40683818	40685916	+
LOC105379514	4	190598968	190601527	+
LOC105379807	9	44997715	67786685	-
LOC105447645	19	49205706	49207105	-
LOC106660606	16	2318663	2323073	+
LOC106699570	16	66785654	66788645	+
LOC106780825	21	44560632	44561202	-
LOC107001062	10	48324787	48332197	-
LOC107984035	9	45441884	45565124	+
LOC107984132	13	19648173	19692423	-
LOC107984208	10	11653299	11654226	+
LOC107984236	10	62704131	62705024	+
LOC107984265	10	104658459	104678092	-
LOC107984282	10	134321947	134350427	-
LOC107984341	11	66879762	66885819	-
LOC107984399	11	120039684	120042389	+
LOC107984507	12	1636888	1641358	-
LOC107984703	14	96181819	96223116	+
LOC107984784	15	62488370	62495517	-
LOC107984813	16	67595313	67596212	-
LOC107984974	17	29335301	29373850	+
LOC107985033	17	33880223	33882568	+
LOC107985115	1	247495355	247540534	+
LOC107985184	1	112160235	112163020	-
LOC107985246	1	201476340	201503912	+
LOC107985355	1	228154711	228155621	+
LOC107985524	1	144932249	144934835	+
LOC107985532	22	22006469	22016652	+
LOC107985544	22	31282042	31317766	-
LOC107985728	1	855622	860984	-
LOC107985770	2	70016680	70026130	-
LOC107985820	2	124769511	124782751	-
LOC107985856	2	20678385	20701284	-
LOC107985911	2	91805182	91848050	-
LOC107985939	2	118591306	118599232	+
LOC107985946	2	136498398	136500214	-
LOC107986163	3	184430030	184456732	+
LOC107986192	4	120548944	120551910	+
LOC107986453	5	135157446	135162271	+
LOC107986794	7	51460074	51460953	-
LOC107986845	7	128026735	128032401	+
LOC107986876	8	22460645	22462513	-
LOC107987142	9	139009637	139016211	+
LOC107987389	22	20328514	21546450	+
LOC107987394	22	18660792	20350462	+
LOC108783645	6	26086517	26091262	-
LOC108783654	17	40704453	40706820	-
LOC110091768	22	27256173	27277748	+
LOC110091776	21	15281768	15306200	-
LOC110091777	21	15095788	15138858	+
LOC110384692	6	31949833	31970458	+
LOC112267871	1	17198720	17200591	+
LOC112267881	19	55280979	55295361	+
LOC112267934	5	140247641	140255476	-
LOC112267983	7	39987119	39989018	-
LOC112267991	7	467031	471784	-
LOC112268068	10	60085388	60089439	-
LOC112268114	13	95364973	95365697	-
LOC112268117	13	47032198	47033320	-
LOC112268124	14	35343396	35345669	+
LOC112268136	14	38725249	38781134	+
LOC112268140	14	64009501	64011379	+
LOC112268173	16	34430129	34431919	+
LOC112268219	1	2121236	2123897	+
LOC112268269	20	62492567	62496426	-
LOC112268354	19	55314990	55325977	+
LOC112543491	1	161104939	161107732	+
LOC112577516	10	124432365	124438564	+
LOC112577592	18	7455996	7461004	-
LOC112694756	16	30064410	30081741	+
LOC114841035	11	64008566	64011604	+
LOC114841040	22	40439133	40440534	-
LOC115308161	6	157097493	157099652	-
LOC115995503	11	3631553	3635982	+
LOC116435278	7	465427	479371	+
LOC117779438	1	20480706	20487061	+
LOC143666	11	573807	575885	-
LOC145474	14	71954577	71956420	+
LOC145694	15	69689242	69707368	-
LOC145783	15	57178367	57210697	-
LOC145845	15	37156643	37178734	-
LOC148696	1	207991723	207995941	+
LOC149684	20	36888576	36917348	+
LOC150051	21	32931545	32932800	+
LOC150935	2	240684553	240722356	+
LOC152048	3	37283282	37285686	-
LOC153684	5	43042235	43045370	+
LOC153910	6	142847591	142959026	-
LOC154449	6	170563421	170571657	-
LOC154761	7	143509060	143533810	-
LOC155060	7	148982371	148994403	+
LOC157273	8	9182560	9192590	+
LOC158434	9	98868942	98878693	-
LOC158435	9	98828120	98864194	+
LOC171391	11	777577	784284	+
LOC202181	5	177045500	177099278	-
LOC220729	3	197340897	197354752	-
LOC221946	7	5553484	5565176	+
LOC254028	14	21056382	21075380	+
LOC254896	8	22941867	22961070	+
LOC257396	5	52405671	52410956	+
LOC283028	10	43246635	43250651	-
LOC283038	10	127371811	127398246	+
LOC283045	10	64099346	64134886	-
LOC283194	11	58701115	58825925	-
LOC283214	11	75469499	75479692	-
LOC283299	11	7872297	7927502	-
LOC283335	12	53436972	53448222	-
LOC283387	12	58263617	58290265	-
LOC283665	15	58357422	58364903	+
LOC283683	15	23094330	23115254	-
LOC283710	15	31514970	31523065	-
LOC283731	15	74418713	74421619	-
LOC283856	16	56126898	56225006	-
LOC283922	16	74366303	74402153	-
LOC284009	17	2310274	2318730	-
LOC284191	17	16879312	16884667	-
LOC284240	18	77339281	77349018	+
LOC284241	18	77398927	77439745	-
LOC284344	19	43715942	43752798	-
LOC284379	19	54102884	54106751	-
LOC284395	19	29777917	30016659	-
LOC284412	19	37756840	37759912	-
LOC284454	19	13945329	13953732	-
LOC284581	1	205831206	205865215	+
LOC284788	20	22380970	22401281	-
LOC284798	20	25121433	25129426	-
LOC284865	22	20186251	20192441	-
LOC284898	22	27444105	27457200	-
LOC284930	22	48027422	48251349	+
LOC284933	22	48934711	48943199	-
LOC284950	2	86042252	86053911	+
LOC285000	2	106209553	106227016	-
LOC285097	2	242943359	242948162	+
LOC285191	2	241625750	241628539	+
LOC285593	5	173006636	173012071	+
LOC285626	5	158758525	158789842	+
LOC285638	5	108572835	108662070	-
LOC285762	6	119773711	119812467	-
LOC285766	6	181465	205484	-
LOC285804	6	170575756	170585850	-
LOC285819	6	26472171	26482737	-
LOC285847	6	35694538	35704724	-
LOC285889	7	156230482	156238282	-
LOC286059	8	22925741	22941132	+
LOC286083	8	1244293	1250823	-
LOC286177	8	58173784	58179170	+
LOC286178	8	58658707	58662756	+
LOC286297	9	42844369	67032072	-
LOC286359	9	100153118	100158973	-
LOC286437	X	103366999	103369317	-
LOC338694	11	68914695	68939030	-
LOC338963	15	83379222	83382745	-
LOC339059	16	88809174	88812156	+
LOC339166	17	5675553	5834016	+
LOC339192	17	43268297	43299132	-
LOC339260	17	20841878	20885670	+
LOC339298	18	73834952	73857210	+
LOC339539	1	43323292	43354463	+
LOC339593	20	11247306	11254031	-
LOC339666	22	32772650	32780329	+
LOC339685	22	47741320	47769291	+
LOC339803	2	61368729	61372110	-
LOC339862	3	18004043	18310410	+
LOC339874	3	131043935	131100319	-
LOC339902	3	59623021	59644223	-
LOC339975	4	188225236	188426767	-
LOC340090	5	72491116	72497788	-
LOC340357	8	12623357	12668987	-
LOC340512	9	109737113	109865269	-
LOC341056	11	122888273	122890319	+
LOC343052	1	153766422	153768778	+
LOC344967	4	40044536	40058819	-
LOC349160	7	136583519	136849088	-
LOC374443	12	9769879	9811010	+
LOC375196	2	39186428	39187485	-
LOC388242	16	29476288	30218248	-
LOC388282	16	57844430	57850856	+
LOC388436	17	18992773	19126921	+
LOC388780	20	2187573	2193797	+
LOC388813	21	15963712	16015428	-
LOC389199	4	7940727	7942023	+
LOC389247	4	184415889	184425668	-
LOC389602	7	155754034	155761656	+
LOC389641	8	23082733	23088439	+
LOC389705	9	14993324	15019722	+
LOC389765	9	88420916	88457794	+
LOC389895	X	139173825	139175070	+
LOC389906	X	3735575	3761935	-
LOC390705	16	32300867	33298702	-
LOC390877	19	6393779	6412415	+
LOC391322	22	24373100	24374043	+
LOC392196	8	11985366	11986806	-
LOC392232	8	73114986	73163869	-
LOC392364	9	90472957	90473971	-
LOC399975	11	129103672	129153059	-
LOC400464	15	100347227	100423187	+
LOC400499	16	11465871	11621103	-
LOC400541	16	70190242	70207351	-
LOC400553	16	88133014	88134591	-
LOC400622	17	75523082	75532680	+
LOC400627	17	78940038	78945013	-
LOC400682	19	21832469	21841410	+
LOC400684	19	32880955	32896445	-
LOC400710	19	50553845	50578840	+
LOC400867	21	40249214	40310353	-
LOC400940	2	6122109	6128364	+
LOC401021	2	177001339	177005119	+
LOC401127	4	39481874	39483523	+
LOC401176	5	16180349	16187170	+
LOC401261	6	42751233	42759061	+
LOC401312	7	22689578	22705152	-
LOC401324	7	35353465	35416086	+
LOC401357	7	56876816	56880429	-
LOC401442	8	688547	690374	+
LOC401463	8	65486865	65494449	-
LOC401478	8	138821917	139095788	-
LOC401557	9	138073454	138079152	+
LOC403312	11	125365109	125369422	+
LOC407835	7	128766324	128768050	+
LOC408186	12	9600882	9728866	+
LOC414300	12	105496249	105501420	-
LOC439933	4	36245737	36275837	+
LOC440040	11	49580079	49831969	+
LOC440084	12	11583143	11639612	-
LOC440173	9	89623365	89657041	-
LOC440300	15	84860599	84878025	+
LOC440311	15	95398591	95400293	+
LOC440346	16	22386207	22389501	+
LOC440570	1	16860336	17200587	-
LOC440700	1	165667986	165679199	+
LOC440895	2	110705266	111181393	+
LOC440896	9	69174195	69198043	-
LOC440910	2	132036862	132057392	+
LOC440982	3	147139113	147227697	+
LOC441052	4	172733288	172734758	-
LOC441081	5	69782327	69787614	+
LOC441086	5	74161717	74163100	+
LOC441087	5	75013256	75026795	+
LOC441155	6	66011310	66015504	+
LOC441179	6	168196208	168198928	+
LOC441204	7	26438188	26580569	+
LOC441242	7	65111923	65235797	-
LOC441455	9	99488102	99489749	+
LOC441666	10	42827313	42863493	-
LOC442028	2	95534429	95613087	-
LOC442132	5	7301442	7306827	-
LOC442497	7	419390	422845	+
LOC497256	9	90482587	90554175	-
LOC51145	9	128506033	128508208	-
LOC541473	7	72440164	75024735	+
LOC550113	4	68919225	68938951	+
LOC554206	16	25043061	25044098	+
LOC554249	9	42018874	46688167	+
LOC574538	12	246576	258335	-
LOC606724	16	29460665	30200575	+
LOC613038	16	29476288	30218248	-
LOC613206	9	127021488	127023447	-
LOC613266	20	15872978	15966527	-
LOC641746	7	64042987	64044129	+
LOC642131	15	22465805	22466547	-
LOC642361	10	81585657	81587358	+
LOC642366	5	50668570	50679166	-
LOC642414	11	89553492	89757434	-
LOC642484	18	53670843	53858493	-
LOC642648	22	46460530	46466901	-
LOC642846	12	9436252	9466684	+
LOC642929	9	43140536	43145484	-
LOC642943	9	95644848	95651837	+
LOC643072	2	160471804	160474553	+
LOC643201	5	175570087	175626298	-
LOC643327	6	3455936	3469244	+
LOC643339	12	93397533	93771512	-
LOC643406	20	5451841	5457780	+
LOC643441	1	113739403	113748875	-
LOC643542	18	65183782	65566856	+
LOC643802	16	53399303	53405124	-
LOC644090	7	151503423	151507906	+
LOC644135	6	136364989	136393965	-
LOC644189	19	36912075	36913799	+
LOC644215	10	99178503	99185814	-
LOC644285	5	86614231	86619445	-
LOC644554	19	38308050	38317278	+
LOC644634	1	149288234	149291742	+
LOC644656	11	9481102	9482245	-
LOC644669	18	15313554	15325918	-
LOC644936	5	79594916	79596297	-
LOC645177	12	25150508	25205382	+
LOC645188	X	140713993	140714861	+
LOC645202	15	28594196	28603226	-
LOC645485	12	30908007	30933673	+
LOC645752	15	78206558	78219188	-
LOC645967	6	150038756	150040031	+
LOC646029	11	77282133	77286707	+
LOC646030	17	29361765	29386127	-
LOC646214	15	21932513	21940739	-
LOC646471	1	26146444	26150097	-
LOC646548	14	70653824	70699300	+
LOC646588	7	25632920	25829739	-
LOC646626	1	85742040	85743771	+
LOC646652	5	34189685	34194309	+
LOC646736	2	227007509	227044778	+
LOC646762	7	29685537	29724754	-
LOC646813	11	50368317	50379802	+
LOC646903	3	149689065	149691029	+
LOC646938	15	79044378	79045734	+
LOC647070	1	182802806	182808726	-
LOC647264	13	64406493	64407186	-
LOC648987	5	43014830	43067541	-
LOC649133	11	120120467	120136641	-
LOC649352	8	12236775	12237298	-
LOC650226	7	56491396	56516068	-
LOC651337	9	140678524	140682858	-
LOC652276	16	2653384	2680495	+
LOC653160	1	35441299	35444307	-
LOC653513	1	144676436	144680025	-
LOC653653	17	58179120	58180280	-
LOC653712	3	128580350	128590384	-
LOC654780	16	84226163	84230659	-
LOC727751	15	82763617	83182973	-
LOC728024	8	37604073	37605564	-
LOC728158	10	128114498	128149526	+
LOC728178	5	14663207	14664713	-
LOC728196	11	111381326	111384613	+
LOC728392	17	5402746	5404326	-
LOC728485	19	37264054	37267980	+
LOC728554	5	177302261	177311269	+
LOC728613	5	1597671	1634120	-
LOC728660	X	139099426	139100196	+
LOC728673	9	66553199	66555601	+
LOC728715	12	9549652	9560010	-
LOC728739	12	108296926	108297548	-
LOC728743	7	150102839	150109558	+
LOC728752	19	36980528	36981942	+
LOC728755	14	27791031	28142427	-
LOC728975	11	64947341	64949305	-
LOC728989	1	146490894	146514599	-
LOC729080	5	141275190	141276260	-
LOC729218	4	119512898	119556180	+
LOC729254	2	192657565	192684975	+
LOC729291	12	28338557	28343671	-
LOC729296	20	58662740	58676442	+
LOC729558	4	151500240	151502385	+
LOC729609	X	20004934	20007897	-
LOC729652	16	2514950	2518214	-
LOC729681	6	166511207	166513125	+
LOC729683	17	61777697	61780045	+
LOC729732	8	12394587	12523120	-
LOC729737	1	134772	140566	-
LOC729815	10	81266125	81270738	-
LOC729867	1	160171988	160178659	-
LOC729870	4	153855667	153857989	-
LOC729930	1	89754940	89756045	-
LOC729966	19	18360759	18366229	-
LOC729968	2	228481706	228483371	-
LOC730098	9	34664159	34666053	-
LOC730100	2	51259738	52635055	+
LOC730101	6	52529198	52533951	+
LOC730183	16	30709027	30710381	-
LOC730202	14	96967984	96968663	-
LOC730234	7	45844827	45847509	+
LOC730338	7	46727476	46736720	-
LOC730668	22	46402495	46406657	+
LOC731157	5	89705816	89706486	+
LOC780529	13	79170256	79173754	+
LOC79999	17	18992773	19126921	+
LOC90246	3	128226677	128229429	+
LOC91370	22	30642198	30642982	+
LOC91450	15	78285574	78286567	-
LOC91548	1	211849103	211860801	+
LOC93429	19	46713498	46718094	+
LOC93463	2	237957241	237964810	-
LOC93622	4	6675801	6677774	+
LOH12CR2	12	12508341	12510001	-
LONP1	19	5691844	5720463	-
LONP2	16	48278210	48396914	+
LONRF1	8	12579414	12613035	-
LONRF2	2	100888336	100938963	-
LONRF3	X	118108576	118152318	+
LORICRIN	1	153232162	153234600	+
LOX	5	121398889	121413954	-
LOXHD1	18	44056923	44237183	-
LOXL1	15	74218802	74244477	+
LOXL1-AS1	15	74209808	74220589	-
LOXL2	8	23154409	23261633	-
LOXL3	2	74759385	74781069	-
LOXL4	10	100007447	100027951	-
LPA	6	160952513	161085307	-
LPAL2	6	160887586	160932156	-
LPAR1	9	113635531	113801278	-
LPAR2	19	19734465	19739029	-
LPAR3	1	85277284	85358889	-
LPAR4	X	78003205	78012608	+
LPAR5	12	6728000	6745125	-
LPAR6	13	48985273	49018805	-
LPCAT1	5	1461541	1524075	-
LPCAT2	16	55542983	55620578	+
LPCAT3	12	7085346	7125780	-
LPCAT4	15	34650833	34659397	-
LPGAT1	1	211916798	212004105	-
LPGAT1-AS1	1	212002978	212027045	+
LPIN1	2	11817669	11967533	+
LPIN2	18	2916991	3013142	-
LPIN3	20	39969460	39989222	+
LPL	8	19796763	19824770	+
LPO	17	56315786	56345879	+
LPP	3	187870808	188608460	+
LPP-AS1	3	188280024	188286454	-
LPP-AS2	3	187868993	187871876	-
LPXN	11	58294343	58345712	-
LRAT	4	155661992	155674272	+
LRATD1	2	14772840	14792040	+
LRATD2	8	127564687	127570723	-
LRBA	4	151185587	151936879	-
LRCH1	13	47127304	47327175	+
LRCH2	X	114345182	114468659	-
LRCH3	3	197518096	197615305	+
LRCH4	7	100171633	100183752	-
LRCOL1	12	133179736	133187168	-
LRFN1	19	39797205	39811503	-
LRFN2	6	40359329	40555103	-
LRFN3	19	36427275	36437526	+
LRFN4	11	66624534	66627946	+
LRFN5	14	42076058	42373752	+
LRG1	19	4536413	4540048	-
LRGUK	7	133812092	133949347	+
LRIF1	1	111489811	111506566	-
LRIG1	3	66429220	66551545	-
LRIG2	1	113615819	113674882	+
LRIG2-DT	1	113554308	113615724	-
LRIG3	12	59265936	59314285	-
LRIT1	10	85991275	86001302	-
LRIT2	10	85980248	85985345	-
LRIT3	4	110769262	110793471	+
LRMDA	10	77191381	78319926	+
LRP1	12	57522265	57607125	+
LRP1-AS	12	57538402	57541402	-
LRP10	14	23340948	23350920	+
LRP11	6	150139892	150185495	-
LRP12	8	105501459	105601252	-
LRP1B	2	140988991	142888585	-
LRP2	2	169983618	170219044	-
LRP2BP	4	186285026	186318441	-
LRP3	19	33685235	33699769	+
LRP4	11	46878267	46940101	-
LRP4-AS1	11	46867961	46895967	+
LRP5	11	68080058	68216743	+
LRP5L	22	25747384	25801375	-
LRP6	12	12268960	12419978	-
LRP8	1	53708040	53793742	-
LRPAP1	4	3505323	3534149	-
LRPPRC	2	44113362	44223128	-
LRR1	14	50065414	50081390	+
LRRC1	6	53659802	53788923	+
LRRC10	12	70002344	70004687	-
LRRC10B	11	61276220	61278490	+
LRRC14	8	145743375	145750556	+
LRRC14B	5	191609	196449	+
LRRC15	3	194075977	194090472	-
LRRC17	7	102553446	102585556	+
LRRC18	10	50117524	50147885	-
LRRC19	9	26993134	27005670	-
LRRC2	3	46556877	46607792	-
LRRC2-AS1	3	46598887	46601178	+
LRRC20	10	72058725	72142406	-
LRRC23	12	7013985	7023393	+
LRRC24	8	145747771	145752417	-
LRRC25	19	18501946	18508432	-
LRRC26	9	140063209	140064503	-
LRRC27	10	134145696	134195012	+
LRRC28	15	99791685	99930934	+
LRRC29	16	67241041	67260901	-
LRRC3	21	45875392	45882079	+
LRRC3-DT	21	45870868	45875167	-
LRRC30	18	7231101	7232086	+
LRRC31	3	169556959	169587723	-
LRRC32	11	76368567	76381791	-
LRRC34	3	169510790	169530692	-
LRRC36	16	67360717	67419109	+
LRRC37A	17	44372496	44415160	+
LRRC37A11P	17	37186158	37209458	+
LRRC37A2	17	44590075	44633014	+
LRRC37A3	17	62850251	62915609	-
LRRC37A4P	17	43583248	43597889	-
LRRC37A5P	9	114365110	114375833	-
LRRC37A6P	10	27534781	27541235	-
LRRC37A8P	17	34231223	34238027	-
LRRC37B	17	30334401	30380506	+
LRRC38	1	13801440	13840498	-
LRRC39	1	100614003	100643829	-
LRRC3B	3	26664296	26752265	+
LRRC3C	17	38097726	38100987	+
LRRC4	7	127667123	127671490	-
LRRC40	1	70610487	70671262	-
LRRC41	1	46743133	46769288	-
LRRC42	1	54412022	54433841	+
LRRC43	12	122652265	122688018	+
LRRC45	17	79981180	79989027	+
LRRC46	17	45909035	45915084	+
LRRC47	1	3695122	3713062	-
LRRC49	15	71145577	71345997	+
LRRC4B	19	51020149	51071692	-
LRRC4C	11	40135750	41481202	-
LRRC52	1	165513236	165533194	+
LRRC52-AS1	1	165446078	165551392	-
LRRC53	1	74935059	74978295	-
LRRC55	11	56949426	56959190	+
LRRC56	11	537526	554912	+
LRRC57	15	42830026	42840991	-
LRRC58	3	120043355	120068201	-
LRRC59	17	48458598	48474884	-
LRRC6	8	133582663	133687791	-
LRRC61	7	150006587	150035245	+
LRRC63	13	46786062	46851250	+
LRRC66	4	52859817	52886529	-
LRRC69	8	92114846	92231482	+
LRRC7	1	70033604	70610046	+
LRRC70	5	61874645	61877273	+
LRRC71	1	156890423	156902886	+
LRRC72	7	16566449	16621193	+
LRRC73	6	43474702	43478084	-
LRRC74A	14	77292750	77336647	+
LRRC74B	22	21400234	21418457	+
LRRC75A	17	16344905	16395507	-
LRRC75B	22	24981602	24989040	-
LRRC77P	3	167613735	167641797	+
LRRC8A	9	131644411	131680317	+
LRRC8B	1	89990387	90063420	+
LRRC8C	1	90098678	90185090	+
LRRC8C-DT	1	90090407	90098453	-
LRRC8D	1	90286590	90402170	+
LRRC8E	19	7953389	7966908	+
LRRC9	14	60386430	60531314	+
LRRCC1	8	86019472	86058314	+
LRRD1	7	91770956	91808456	-
LRRFIP1	2	238536229	238690290	+
LRRFIP2	3	37094116	37217851	-
LRRIQ1	12	85430128	85638883	+
LRRIQ3	1	74491701	74663860	-
LRRIQ4	3	169539678	169555560	+
LRRK1	15	101459561	101618461	+
LRRK2	12	40618798	40763086	+
LRRN1	3	3841114	3891518	+
LRRN2	1	204586297	204654866	-
LRRN3	7	110731061	110765509	+
LRRN4	20	6021191	6034706	-
LRRN4CL	11	62453877	62457002	-
LRRTM1	2	80529002	80531877	-
LRRTM2	5	138204609	138211024	-
LRRTM3	10	68685793	68861309	+
LRRTM4	2	76974849	77749559	-
LRRTM4-AS1	2	77213090	77236914	+
LRSAM1	9	130213764	130265780	+
LRTM1	3	54952257	55001129	-
LRTM2	12	1929432	1945919	+
LRTOMT	11	71791895	71821828	+
LRWD1	7	102105329	102113615	+
LSAMP	3	115521220	116164334	-
LSAMP-AS1	3	116078870	116088932	+
LSG1	3	194361520	194392920	-
LSINCT5	5	2712704	2715351	+
LSM1	8	38020838	38034248	-
LSM10	1	36859036	36863509	-
LSM11	5	157170719	157187717	+
LSM12	17	42111695	42144955	-
LSM14A	19	34663408	34720189	+
LSM14B	20	60697530	60710428	+
LSM2	6	31765173	31774743	-
LSM3	3	14220316	14242622	+
LSM4	19	18417045	18433886	-
LSM5	7	32524949	32534895	-
LSM6	4	147096869	147112687	+
LSM7	19	2321519	2328585	-
LSM8	7	117824217	117844089	+
LSMEM1	7	112120907	112131117	+
LSMEM2	3	50316517	50325545	+
LSP1	11	1874313	1913493	+
LSP1P3	5	28926976	28927420	+
LSP1P4	2	91824708	91847975	-
LSP1P5	1	148928312	148953054	+
LSR	19	35739904	35758867	+
LSS	21	47608359	47648738	-
LST1	6	31554053	31556686	+
LTA	6	31539875	31542100	+
LTA4H	12	96394530	96437298	-
LTB	6	31548335	31550202	-
LTB4R	14	24780707	24787242	+
LTB4R2	14	24779345	24781259	+
LTBP1	2	33172019	33624575	+
LTBP2	14	74964885	75078940	-
LTBP3	11	65306029	65325830	-
LTBP4	19	41099071	41135725	+
LTBR	12	6484325	6500732	+
LTC4S	5	179220986	179223648	+
LTF	3	46477135	46526724	-
LTK	15	41795834	41806025	-
LTN1	21	30300465	30365198	-
LTO1	11	69480330	69490121	-
LTV1	6	144164409	144184949	+
LUADT1	6	147480060	147502128	+
LUARIS	7	43548326	43562141	-
LUC7L	16	238967	279481	-
LUC7L2	7	139025104	139108203	+
LUC7L3	17	48796925	48833576	+
LUCAT1	5	90598802	90610219	-
LUM	12	91496405	91505271	-
LUNAR1	15	99557932	99574275	+
LURAP1	1	46669005	46686928	+
LURAP1L	9	12775018	12823059	+
LURAP1L-AS1	9	12699998	12814388	-
LUZP1	1	23410515	23495351	-
LUZP2	11	24518598	25104184	+
LUZP4	X	114524280	114542128	+
LUZP6	7	135611507	135662107	-
LVRN	5	115298171	115363302	+
LXN	3	158384202	158390437	-
LY6D	8	143866297	143867955	-
LY6E	8	144099901	144103827	+
LY6E-DT	8	144063447	144099807	-
LY6G5B	6	31638727	31640227	+
LY6G5C	6	31644460	31648150	-
LY6G6C	6	31686424	31689523	-
LY6G6D	6	31683132	31685581	+
LY6G6E	6	31679752	31681842	-
LY6G6F	6	31674642	31678456	+
LY6G6F-LY6G6D	6	31674642	31685696	+
LY6H	8	144239332	144242071	-
LY6K	8	143781528	143786545	+
LY6L	8	144162046	144164903	+
LY75	2	160659866	160761267	-
LY75-CD302	2	160625138	160761267	-
LY86	6	6588952	6655215	+
LY86-AS1	6	6346697	6623059	-
LY9	1	160765963	160798045	+
LY96	8	74903563	74941307	+
LYAR	4	4269428	4291881	-
LYG1	2	99900700	99921238	-
LYG2	2	99858710	99871570	-
LYL1	19	13209846	13213672	-
LYN	8	56792393	56926728	+
LYNX1	8	143852614	143859288	-
LYNX1-SLURP2	8	143845755	143859288	-
LYPD1	2	133400858	133429099	-
LYPD2	8	143831567	143833950	-
LYPD3	19	43964938	43969760	-
LYPD4	19	42341147	42348746	-
LYPD5	19	44300078	44324808	-
LYPD6	2	150186498	150330659	+
LYPD6B	2	149894980	150071775	+
LYPD8	1	248902716	248903151	-
LYPD9P	1	248860362	248862411	+
LYPLA1	8	54958926	55014577	-
LYPLA2	1	24117634	24122029	+
LYPLA2P2	19	7943515	7945117	-
LYPLAL1	1	219347172	219386207	+
LYPLAL1-AS1	1	219608499	219730666	-
LYPLAL1-DT	1	219254314	219347130	-
LYRM1	16	20911203	20936328	+
LYRM2	6	90341942	90348466	-
LYRM4	6	5068560	5261183	-
LYRM4-AS1	6	5004049	5240729	+
LYRM7	5	130506636	130541121	+
LYRM9	17	26205383	26220391	-
LYSMD1	1	151132223	151138378	-
LYSMD2	15	52015207	52043650	-
LYSMD3	5	89811444	89825401	-
LYSMD4	15	100267605	100273649	-
LYST	1	235824330	236047013	-
LYVE1	11	10578513	10590212	-
LYZ	12	69742160	69748014	+
LYZL1	10	29577998	29600161	+
LYZL2	10	30900707	30918682	-
LYZL4	3	42438574	42452102	-
LYZL6	17	34261521	34270717	-
LZIC	1	9982175	10003449	-
LZTFL1	3	45864809	45957216	-
LZTR1	22	21336585	21353320	+
LZTS1	8	20103675	20161474	-
LZTS1-AS1	8	20133283	20147969	+
LZTS2	10	102756827	102767593	+
LZTS3	20	3143262	3154195	-
M1AP	2	74785009	74875465	-
M6PR	12	9092956	9102357	-
MAB21L1	13	36047925	36050826	-
MAB21L2	4	151503302	151505845	+
MAB21L3	1	116654375	116677861	+
MAB21L4	2	241825464	241835573	-
MACC1	7	20174278	20257007	-
MACC1-AS1	7	20181538	20193154	+
MACF1	1	39549838	39952810	+
MACIR	5	102594074	102614361	+
MACO1	1	25757348	25826698	+
MACROD1	11	63766029	63933585	-
MACROD2	20	13976161	16033841	+
MACROD2-AS1	20	14864898	14910164	-
MACROD2-IT1	20	14535029	14609554	+
MACROH2A1	5	134670070	134735577	-
MACROH2A2	10	71812601	71872038	+
MAD1L1	7	1855430	2272580	-
MAD2L1	4	120976777	120988003	-
MAD2L1BP	6	43597278	43608688	+
MAD2L2	1	11734536	11751678	-
MADCAM1	19	496485	505343	+
MADD	11	47290738	47351582	+
MADD-AS1	11	47292207	47293661	-
MAEA	4	1283678	1333936	+
MAEL	1	166944818	166991449	+
MAF	16	79627734	79634634	-
MAF1	8	145159363	145162514	+
MAFA	8	144510233	144512902	-
MAFA-AS1	8	144499848	144501320	+
MAFB	20	39314487	39317876	-
MAFF	22	38597938	38612517	+
MAFG	17	79876145	79885611	-
MAFG-DT	17	79885704	79888629	+
MAFK	7	1570337	1582679	+
MAFTRR	16	79755208	79804429	-
MAG	19	35782988	35804709	+
MAGEA1	X	152481519	152486116	-
MAGEA10	X	151301782	151307050	-
MAGEA10-MAGEA5	X	151282520	151307049	-
MAGEA11	X	148769858	148798928	+
MAGEA12	X	151899292	151903206	-
MAGEA2	X	151883074	151922408	-
MAGEA2B	X	151883074	151922408	+
MAGEA3	X	151934651	151938198	-
MAGEA4	X	151081360	151093642	+
MAGEA4-AS1	X	151072902	151079555	-
MAGEA5	X	151282520	151286411	-
MAGEA6	X	151867231	151870825	+
MAGEA8	X	149009940	149014609	+
MAGEA8-AS1	X	149007562	149025779	-
MAGEA9	X	148663308	148869399	-
MAGEA9B	X	148663308	148869399	+
MAGEB1	X	30261847	30270157	+
MAGEB10	X	27826106	27841131	+
MAGEB16	X	35816458	35821889	+
MAGEB17	X	16185603	16189587	+
MAGEB18	X	26156459	26158853	+
MAGEB2	X	30233679	30238206	+
MAGEB3	X	30248552	30255610	+
MAGEB4	X	30260116	30262297	+
MAGEB5	X	26234285	26236387	+
MAGEB6	X	26210556	26213763	+
MAGEC1	X	140991679	140997158	+
MAGEC2	X	141290127	141293076	-
MAGEC3	X	140926101	140985618	+
MAGED1	X	51546171	51645450	+
MAGED2	X	54834177	54842448	+
MAGED4	X	51804922	51935366	+
MAGED4B	X	51804922	51935366	+
MAGEE1	X	75648102	75651734	+
MAGEE2	X	75002821	75005089	-
MAGEF1	3	184428151	184429852	-
MAGEH1	X	55478559	55479999	+
MAGEL2	15	23888695	23893014	-
MAGI1	3	65339200	66024593	-
MAGI1-AS1	3	65879490	65910972	+
MAGI1-IT1	3	65858488	65940233	-
MAGI2	7	77646371	79082983	-
MAGI2-AS2	7	78638303	78641593	+
MAGI2-AS3	7	79082272	79100524	+
MAGI3	1	113933136	114228545	+
MAGIX	X	49019180	49024495	+
MAGOH	1	53692571	53704190	-
MAGOH2P	17	10619259	10619899	-
MAGOHB	12	10756788	10766208	-
MAGT1	X	77081243	77151065	-
MAILR	8	103876498	103990104	+
MAIP1	2	200820039	200828840	+
MAJIN	11	64705701	64739580	-
MAK	6	10762955	10838788	-
MAK16	8	33342699	33358780	+
MAL	2	95691399	95719737	+
MAL2	8	120220601	120257913	+
MAL2-AS1	8	120226862	120259097	-
MALAT1	11	65265208	65273983	+
MALINC1	5	139482506	139487597	-
MALL	2	110841446	110875716	-
MALRD1	10	19337729	20023407	+
MALSU1	7	23338957	23351348	+
MALT1	18	56338696	56421709	+
MAMDC2	9	72658496	72841888	+
MAMDC2-AS1	9	72768049	72790804	-
MAMDC4	9	139746797	139755251	+
MAML1	5	179159822	179204283	+
MAML2	11	95709763	96076359	-
MAML3	4	140637906	141075338	-
MAMLD1	X	149531583	149682448	+
MAMSTR	19	49215978	49222982	-
MAN1A1	6	119498369	119670926	-
MAN1A2	1	117910070	118071492	+
MAN1B1	9	139981436	140003635	+
MAN1B1-DT	9	139979397	139981269	-
MAN1C1	1	25943281	26110940	+
MAN2A1	5	109025066	109205326	+
MAN2A2	15	91445611	91465815	+
MAN2B1	19	12757321	12777591	-
MAN2B2	4	6576915	6625075	+
MAN2C1	15	75648132	75660968	-
MANBA	4	103551926	103682125	-
MANBAL	20	35918057	35945663	+
MANCR	10	4692376	4720262	-
MANEA	6	96025410	96057328	+
MANEA-DT	6	96007971	96025327	-
MANEAL	1	38259773	38267278	+
MANF	3	51422721	51426828	+
MANSC1	12	12478989	12503176	-
MANSC4	12	27915359	27933169	-
MAOA	X	43514154	43606071	+
MAOB	X	43625856	43741696	-
MAP10	1	232941161	232945675	+
MAP11	7	99752045	99756346	-
MAP1A	15	43809805	43823809	+
MAP1B	5	71403301	71505390	+
MAP1LC3A	20	33134647	33148149	+
MAP1LC3B	16	87425941	87438380	+
MAP1LC3B2	12	116997185	117014398	+
MAP1LC3C	1	242158791	242162400	-
MAP1S	19	17830288	17845324	+
MAP2	2	210288770	210598836	+
MAP2K1	15	66679249	66783882	+
MAP2K2	19	4090319	4124119	-
MAP2K3	17	21188022	21218551	+
MAP2K4	17	11924193	12047143	+
MAP2K4P1	X	72744110	72782921	-
MAP2K5	15	67835040	68099452	+
MAP2K6	17	67410837	67550006	+
MAP2K7	19	7968761	7979363	+
MAP3K1	5	56111375	56191978	+
MAP3K10	19	40697332	40721482	+
MAP3K11	11	65365227	65381692	-
MAP3K12	12	53873452	53893242	-
MAP3K13	3	185000748	185206882	+
MAP3K14	17	43340485	43394386	-
MAP3K14-AS1	17	43325291	43345997	+
MAP3K15	X	19378175	19533379	-
MAP3K19	2	135722060	135782248	-
MAP3K2	2	128056243	128146041	-
MAP3K20	2	173940573	174132743	+
MAP3K20-AS1	2	174062440	174146764	-
MAP3K21	1	233463469	233520894	+
MAP3K3	17	61699776	61773665	+
MAP3K4	6	161412758	161538417	+
MAP3K5	6	136878183	137113615	-
MAP3K5-AS1	6	136950251	136969336	+
MAP3K6	1	27681674	27693452	-
MAP3K7	6	91223298	91296791	-
MAP3K7CL	21	30449434	30548210	+
MAP3K8	10	30722949	30750762	+
MAP3K9	14	71189242	71276230	-
MAP4	3	47892184	48130338	-
MAP4K1	19	39078280	39108593	-
MAP4K2	11	64552389	64570686	-
MAP4K3	2	39476406	39664426	-
MAP4K3-DT	2	39664556	39828484	+
MAP4K4	2	102314164	102511152	+
MAP4K5	14	50885192	50999287	-
MAP6	11	75297962	75379479	-
MAP6D1	3	183533712	183543365	-
MAP7	6	136663418	136871957	-
MAP7D1	1	36621760	36646450	+
MAP7D2	X	20024830	20135025	-
MAP7D3	X	135295378	135338641	-
MAP9	4	156263811	156298117	-
MAPK1	22	22113945	22221970	-
MAPK10	4	86931562	87374348	-
MAPK10-AS1	4	87040958	87141079	+
MAPK11	22	50702141	50708809	-
MAPK12	22	50691329	50700239	-
MAPK13	6	36098289	36112298	+
MAPK14	6	35995453	36079013	+
MAPK15	8	144798518	144804628	+
MAPK1IP1L	14	55518364	55536912	+
MAPK3	16	30125425	30134630	-
MAPK4	18	48086456	48258196	+
MAPK6	15	52311415	52359572	+
MAPK6-DT	15	52303195	52311292	-
MAPK7	17	19281033	19286857	+
MAPK8	10	49514681	49647402	+
MAPK8IP1	11	45907201	45928016	+
MAPK8IP1P2	17	43677468	43679228	-
MAPK8IP2	22	51039221	51052404	+
MAPK8IP3	16	1756195	1820350	+
MAPK9	5	179660142	179719083	-
MAPKAP1	9	128199672	128469513	-
MAPKAPK2	1	206858249	206907626	+
MAPKAPK3	3	50649292	50686728	+
MAPKAPK5	12	112280031	112340026	+
MAPKAPK5-AS1	12	112277570	112280809	-
MAPKBP1	15	42066681	42120053	+
MAPRE1	20	31407759	31438211	+
MAPRE2	18	32556891	32723432	+
MAPRE3	2	27193504	27250087	+
MAPRE3-AS1	2	27207639	27237456	-
MAPT	17	43971747	44105699	+
MAPT-AS1	17	43920721	43972879	-
MAPT-IT1	17	43973148	43976164	+
MARCHF1	4	164445449	165304407	-
MARCHF10	17	60778674	60885675	-
MARCHF10-DT	17	60885862	60913732	+
MARCHF11	5	16067247	16179900	-
MARCHF2	19	8478186	8503899	+
MARCHF3	5	126203405	126366250	-
MARCHF4	2	217122587	217237206	-
MARCHF5	10	94050923	94113721	+
MARCHF6	5	10353806	10440500	+
MARCHF7	2	160569016	160627538	+
MARCHF8	10	45950032	46090354	-
MARCHF9	12	58148885	58154194	+
MARCKS	6	114178523	114184652	+
MARCKSL1	1	32799439	32801834	-
MARCO	2	119699769	119752236	+
MARCOL	5	147618087	147623139	+
MARF1	16	15688243	15737011	-
MARK1	1	220701477	220837802	+
MARK2	11	63606399	63678492	+
MARK2P9	10	94178417	94179363	+
MARK3	14	103851700	103970166	+
MARK4	19	45754528	45808542	+
MARS1	12	57881850	57910435	+
MARS2	2	198570092	198573119	+
MARVELD1	10	99473486	99477907	+
MARVELD2	5	68710942	68740157	+
MARVELD3	16	71660086	71675868	+
MAS1	6	160312019	160338479	+
MAS1L	6	29454473	29455733	-
MASCRNA	11	65273587	65273645	+
MASP1	3	186935069	187009525	-
MASP2	1	11086579	11107296	-
MAST1	19	12949328	12985766	+
MAST2	1	46269278	46501796	+
MAST3	19	18208587	18262496	+
MAST4	5	65892220	66465419	+
MAST4-AS1	5	66297445	66299982	-
MASTL	10	27444280	27476882	+
MAT1A	10	82031575	82049414	-
MAT2A	2	85766290	85772404	+
MAT2B	5	162930069	162946360	+
MATK	19	3777970	3801797	-
MATN1	1	31184123	31196432	-
MATN1-AS1	1	31191618	31199593	+
MATN2	8	98881291	99048951	+
MATN3	2	20191812	20212429	-
MATN4	20	43922085	43937169	-
MATR3	5	138609440	138667366	+
MAU2	19	19431637	19469563	+
MAVS	20	3827445	3856770	+
MAX	14	65472818	65569413	-
MAZ	16	29817444	29822485	+
MB	22	36002810	36019401	-
MB21D2	3	192514604	192635645	-
MBD1	18	47793251	47808144	-
MBD2	18	51677977	51751039	-
MBD3	19	1573594	1592864	-
MBD3L1	19	8953268	8954016	+
MBD3L2	19	7049350	7051746	+
MBD3L2B	19	7018979	7021442	-
MBD3L3	19	7056215	7058645	-
MBD3L4	19	7037754	7040184	-
MBD3L5	19	7030593	7033022	+
MBD4	3	129149786	129159022	-
MBD5	2	148778579	149274540	+
MBD6	12	57916606	57923931	+
MBIP	14	36767763	36789882	-
MBL1P	10	81679933	81682875	+
MBL2	10	54525139	54532544	-
MBLAC1	7	99724589	99726116	+
MBLAC2	5	89754025	89770588	-
MBNL1	3	151961420	152183569	+
MBNL1-AS1	3	151980404	151987415	-
MBNL2	13	97794087	98046374	+
MBNL3	X	131503342	131624063	-
MBOAT1	6	20099915	20212700	-
MBOAT2	2	8992819	9143813	-
MBOAT4	8	29989186	30002181	-
MBOAT7	19	54677105	54693733	-
MBP	18	74690788	74844739	-
MBTD1	17	49254785	49337410	-
MBTPS1	16	84087368	84150547	-
MBTPS2	X	21857734	21903541	+
MC1R	16	89985269	89987380	+
MC2R	18	13882042	13915706	-
MC3R	20	54823787	54824871	+
MC4R	18	58038294	58040008	-
MC5R	18	13824147	13827322	+
MCAM	11	119179239	119187840	-
MCAT	22	43528211	43539404	-
MCC	5	112357802	112824150	-
MCCC1	3	182733005	182817375	-
MCCC2	5	70883166	70954533	+
MCCD1	6	31496738	31498009	+
MCEE	2	71336816	71357359	-
MCEMP1	19	7741942	7744719	+
MCF2	X	138663928	138790381	-
MCF2L	13	113623527	113754056	+
MCF2L-AS1	13	113621797	113622952	-
MCF2L2	3	182895791	183146057	-
MCFD2	2	47129008	47168994	-
MCHR1	22	41075487	41078816	+
MCHR2	6	100366396	100442114	-
MCHR2-AS1	6	100441913	100524295	+
MCIDAS	5	54515391	54523143	-
MCL1	1	150547026	150552214	-
MCM10	10	13203557	13253110	+
MCM2	3	127317253	127341278	+
MCM3	6	52128812	52149540	-
MCM3AP	21	47655046	47705525	-
MCM3AP-AS1	21	47649144	47671615	+
MCM4	8	48873500	48890719	+
MCM5	22	35796132	35821424	+
MCM6	2	136597195	136634013	-
MCM7	7	99690350	99699020	-
MCM8	20	5931297	5979617	+
MCM8-AS1	20	5971440	5986467	-
MCM9	6	119134618	119256324	-
MCMBP	10	121588915	121633140	-
MCMDC2	8	67783005	67834283	+
MCOLN1	19	7587509	7598895	+
MCOLN2	1	85391265	85462796	-
MCOLN3	1	85483764	85514223	-
MCPH1	8	6264112	6506029	+
MCPH1-AS1	8	6473123	6565730	-
MCRIP1	17	79780236	79791167	-
MCRIP2	16	691827	698474	+
MCRS1	12	49952076	49961928	-
MCTP1	5	94041241	94620279	-
MCTP2	15	94774789	95027181	+
MCTS1	X	119737955	119755014	+
MCU	10	74451888	74647452	+
MCUB	4	110481401	110609875	+
MCUR1	6	13786780	13814792	-
MDC1	6	30667583	30685058	-
MDC1-AS1	6	30670843	30680961	+
MDFI	6	41604755	41621982	+
MDFIC	7	114562208	114659970	+
MDFIC2	3	70243629	70361789	-
MDGA1	6	37598454	37665659	-
MDGA2	14	47308825	48144157	-
MDH1	2	63816096	63834330	+
MDH1B	2	207602488	207630052	-
MDH2	7	75677423	75696826	+
MDK	11	46402333	46405387	+
MDM1	12	68688345	68726194	-
MDM2	12	69201951	69244464	+
MDM4	1	204485506	204527248	+
MDN1	6	90352216	90529513	-
MDP1	14	24683142	24685276	-
MDS2	1	23953823	23967058	+
ME1	6	83920120	84140770	-
ME2	18	48405487	48480625	+
ME3	11	86152149	86383678	-
MEA1	6	42978880	42984624	-
MEAF6	1	37955560	37980367	-
MEAK7	16	84509960	84538265	-
MEAT6	6	165206865	165235552	-
MECOM	3	168801286	169381500	-
MECOM-AS1	3	169165654	169194840	+
MECP2	X	153287023	153363174	-
MECR	1	29519168	29557446	-
MED1	17	37560537	37607516	-
MED10	5	6371986	6378660	-
MED11	17	4634722	4636899	+
MED12	X	70338445	70362299	+
MED12L	3	150804584	151154465	+
MED13	17	60019965	60142639	-
MED13L	12	116396380	116715498	-
MED14	X	40507556	40594794	-
MED14OS	X	40594941	40597948	+
MED15	22	20861896	20941906	+
MED15P9	2	130887195	130896986	+
MED16	19	867962	893187	-
MED17	11	93517447	93548129	+
MED18	1	28655550	28662476	+
MED19	11	57471180	57479795	-
MED20	6	41873090	41888877	-
MED21	12	27175454	27183606	+
MED22	9	136205154	136215011	-
MED23	6	131895105	131949453	-
MED24	17	38175356	38210661	-
MED25	19	50321545	50343641	+
MED26	19	16685729	16739015	-
MED27	9	134735498	134955254	-
MED28	4	17616263	17635726	+
MED29	19	39882017	39891281	+
MED30	8	118532951	118552501	+
MED31	17	6546630	6554925	-
MED4	13	48649860	48669277	-
MED4-AS1	13	48651272	48654129	+
MED6	14	71049937	71067407	-
MED7	5	156564438	156569876	-
MED8	1	43849587	43855471	-
MED9	17	17380313	17396535	+
MEDAG	13	31480407	31499709	+
MEF2A	15	100105621	100256693	+
MEF2B	19	19256375	19281072	-
MEF2C	5	88012933	88199922	-
MEF2C-AS1	5	88179146	88763398	+
MEF2C-AS2	5	87972035	88018648	+
MEF2D	1	156433518	156470567	-
MEFV	16	3292026	3306633	-
MEG3	14	101292444	101327360	+
MEG8	14	101355985	101465450	+
MEG9	14	101536247	101539273	+
MEGF10	5	126626455	126796910	+
MEGF11	15	66187636	66546088	-
MEGF6	1	3404514	3528072	-
MEGF8	19	42829786	42882915	+
MEGF9	9	123363088	123476748	-
MEI1	22	42095506	42195458	+
MEI4	6	78359990	78636762	+
MEIG1	10	15001386	15030046	+
MEIKIN	5	131142683	131281356	-
MEIOB	16	1883986	1922165	-
MEIOC	17	42733835	42753169	+
MEIOSIN	19	46236696	46267799	+
MEIS1	2	66662256	66801001	+
MEIS1-AS2	2	66666226	66667462	-
MEIS1-AS3	2	66650474	66660602	-
MEIS2	15	37181405	37393512	-
MEIS3	19	47906374	47925490	-
MEIS3P1	17	15690163	15693019	+
MELK	9	36572858	36677680	+
MELTF	3	196728611	196756688	-
MELTF-AS1	3	196729776	196731615	+
MEMO1	2	32086371	32236077	-
MEN1	11	64570985	64578766	-
MEOX1	17	41717757	41739290	-
MEOX2	7	15650836	15726308	-
MEP1A	6	46761125	46807515	+
MEP1B	18	29770001	29800366	+
MEPCE	7	100026412	100031741	+
MEPE	4	88742549	88767968	+
MERTK	2	112656183	112787135	+
MESD	15	81238629	81282160	-
MESP1	15	90293097	90294540	-
MESP2	15	90319562	90321982	+
MEST	7	130126015	130146306	+
MESTIT1	7	130126897	130131013	-
MET	7	116312249	116438431	+
METAP1	4	99916871	99983960	+
METAP1D	2	172864859	172947157	+
METAP2	12	95867927	95909613	+
METRN	16	765117	769655	+
METRNL	17	81037484	81052871	+
METTL1	12	58162253	58165888	-
METTL11B	1	170115099	170138007	+
METTL14	4	119606546	119636585	+
METTL14-DT	4	119585242	119606496	-
METTL15	11	28129934	28355054	+
METTL16	17	2319347	2415182	-
METTL17	14	21458138	21465194	+
METTL18	1	169761669	169764048	-
METTL21A	2	208445354	208490777	-
METTL21C	13	103338096	103346871	-
METTL21EP	13	103532448	103548383	+
METTL22	16	8715554	8743496	+
METTL23	17	74722122	74729963	+
METTL24	6	110565097	110679475	-
METTL25	12	82752307	82873016	+
METTL26	16	684426	686366	-
METTL27	7	73248921	73256846	-
METTL2A	17	60501257	60530746	+
METTL2B	7	128116801	128146656	+
METTL3	14	21966281	21979482	-
METTL4	18	2537528	2571504	-
METTL5	2	170668266	170681441	-
METTL6	3	15451266	15469054	-
METTL7A	12	51318797	51326290	+
METTL7B	12	56075519	56078394	+
METTL8	2	172172255	172291313	-
METTL9	16	21608541	21668794	+
MEX3A	1	156041803	156052256	-
MEX3B	15	82334118	82338359	-
MEX3C	18	48700919	48724051	-
MEX3D	19	1554667	1568324	-
MFAP1	15	44096689	44116888	-
MFAP2	1	17300998	17308081	-
MFAP3	5	153418526	153437009	+
MFAP3L	4	170907752	170954154	-
MFAP4	17	19286759	19290503	-
MFAP5	12	8798538	8815422	-
MFF	2	228189966	228222552	+
MFF-DT	2	228085767	228189880	-
MFFP2	5	149310926	149312540	-
MFFP3	X	45590576	45591246	+
MFGE8	15	89441913	89456610	-
MFHAS1	8	8640864	8751140	-
MFN1	3	179065496	179112724	+
MFN2	1	12040237	12073572	+
MFNG	22	37865100	37882425	-
MFRP	11	119209651	119217415	-
MFSD1	3	158519842	158547508	+
MFSD10	4	2932287	2936586	-
MFSD11	17	74732646	74775422	+
MFSD12	19	3544196	3557584	-
MFSD13A	10	104221151	104236802	+
MFSD13B	16	22397089	22418918	+
MFSD14A	1	100503650	100548929	+
MFSD14B	9	97136850	97223319	+
MFSD14C	9	99705194	99775964	-
MFSD2A	1	40420783	40435640	+
MFSD2B	2	24232954	24249645	+
MFSD3	8	145734418	145736611	+
MFSD4A	1	205538141	205572046	+
MFSD4A-AS1	1	205523399	205538433	-
MFSD4B	6	111580541	111601208	+
MFSD5	12	53645369	53648190	+
MFSD6	2	191272301	191367040	+
MFSD6L	17	8700427	8702683	-
MFSD8	4	128838886	128887118	-
MFSD9	2	103331084	103353347	-
MGA	15	41952609	42062141	+
MGAM	7	141695678	141806547	+
MGAM2	7	141811517	141922124	+
MGARP	4	140187318	140201379	-
MGAT1	5	180211779	180242616	-
MGAT2	14	50087516	50090199	+
MGAT3	22	39853016	39888201	+
MGAT3-AS1	22	39871811	39872827	-
MGAT4A	2	99235568	99347595	-
MGAT4B	5	179224596	179233866	-
MGAT4C	12	86349446	87232777	-
MGAT4D	4	141363415	141419447	-
MGAT4EP	1	202789384	202796341	+
MGAT4FP	1	202955579	202976393	-
MGAT5	2	134877505	135212192	+
MGAT5B	17	74864485	74946475	+
MGC12916	17	14207056	14209062	+
MGC15885	15	62929370	62937380	-
MGC16025	2	240115026	240117153	-
MGC16275	17	72206134	72209460	-
MGC27382	1	78695282	78835147	+
MGC2889	3	192959567	192961761	+
MGC32805	5	121772191	121814782	-
MGC34796	1	62119913	62121800	+
MGC4859	7	10489446	10819571	-
MGLL	3	127407904	127542093	-
MGME1	20	17949585	17971765	+
MGMT	10	131265504	131569247	+
MGP	12	15033797	15038788	-
MGRN1	16	4674824	4740975	+
MGST1	12	16500075	16530126	+
MGST2	4	140586921	140661899	+
MGST3	1	165600470	165625372	+
MHENCR	20	62258587	62260177	+
MHRT	14	23884658	23886804	+
MIA	19	41281064	41283394	+
MIA-RAB4B	19	41281441	41302849	+
MIA2	14	39703118	39857726	+
MIA3	1	222791438	222841354	+
MIAT	22	27053445	27072440	+
MIATNB	22	27068805	27176856	+
MIB1	18	19320752	19450912	+
MIB2	1	1550794	1565990	+
MICA	6	31368487	31383092	+
MICA-AS1	6	31362065	31368247	-
MICAL1	6	109765265	109787171	-
MICAL2	11	12132122	12285337	+
MICAL3	22	18270415	18507327	-
MICALCL	11	12308446	12383685	+
MICALL1	22	38302303	38338829	+
MICALL2	7	1473994	1499106	-
MICB	6	31462657	31478901	+
MICB-DT	6	31447694	31462571	-
MICOS10	1	19923470	19956315	+
MICOS10-NBL1	1	19923472	19984945	+
MICOS10P1	13	33070350	33072629	-
MICOS13	19	5678424	5680907	-
MICU1	10	74127083	74385949	-
MICU2	13	22066833	22178309	-
MICU3	8	16884746	16980150	+
MID1	X	10413349	10851802	-
MID1IP1	X	38660684	38665783	+
MID1IP1-AS1	X	38660500	38663136	-
MID2	X	107068964	107174867	+
MIDEAS	14	74181824	74253911	-
MIDN	19	1248551	1259142	+
MIEF1	22	39896104	39914139	+
MIEF2	17	18163975	18169865	+
MIEN1	17	37884752	37886816	-
MIER1	1	67390577	67454302	+
MIER2	19	305574	344841	-
MIER3	5	56215428	56247957	-
MIF	22	24236569	24237410	+
MIF-AS1	22	24235896	24241117	-
MIF4GD	17	73262310	73267312	-
MIG7	1	94218479	94240939	-
MIGA1	1	78245308	78345225	+
MIGA2	9	131798904	131834361	+
MIIP	1	12079554	12092102	+
MILR1	17	62461568	62470123	+
MIMT1	19	57352269	57359924	+
MINAR1	15	79724677	79764644	+
MINAR2	5	129083786	129102419	+
MINCR	8	144362324	144363870	-
MINDY1	1	150969011	150980869	-
MINDY2	15	59063500	59154098	+
MINDY3	10	15820167	15902532	-
MINDY4	7	30811032	30932002	+
MINDY4B	3	150588162	150623226	-
MINK1	17	4736634	4801356	+
MINPP1	10	89264222	89313218	+
MIOS	7	7606514	7648775	+
MIOX	22	50925287	50929077	+
MIP	12	56843285	56848441	-
MIPEP	13	24304327	24463539	-
MIPEPP3	13	21872263	21967061	+
MIPOL1	14	37667117	38021566	+
MIR1-1	20	61151512	61151583	+
MIR1-1HG	20	61147659	61167971	+
MIR1-1HG-AS1	20	60753212	61148768	-
MIR1-2	18	19408964	19409049	-
MIR100	11	122022936	122023016	-
MIR100HG	11	121899036	122293579	-
MIR101-1	1	65524116	65524191	-
MIR101-2	9	4850296	4850375	+
MIR10226	17	46110247	46110317	+
MIR10392	11	64645994	64646081	-
MIR10393	15	45010041	45010091	+
MIR10394	19	58904730	58904813	+
MIR10396A	21	9826449	9826498	+
MIR10396B	21	9826448	9826497	+
MIR10397	5	10402475	10402543	+
MIR10398	6	41701291	41701348	-
MIR10399	7	138728845	138728903	-
MIR103A1	5	167987900	167987978	-
MIR103A2	20	3898140	3898218	+
MIR103B1	5	167987908	167987970	+
MIR103B2	20	3898148	3898210	-
MIR10400	8	145687867	145687922	-
MIR105-1	X	151560690	151560771	-
MIR105-2	X	151562883	151562964	-
MIR10522	5	17156038	17156101	-
MIR10523	5	172342085	172342161	+
MIR10524	6	79248979	79249026	-
MIR10525	7	74010294	74010353	+
MIR10526	11	122022810	122022864	-
MIR10527	12	64217442	64217507	+
MIR106A	X	133304227	133304308	-
MIR106B	7	99691615	99691697	-
MIR107	10	91352503	91352584	-
MIR10A	17	46657199	46657309	-
MIR10B	2	177015030	177015140	+
MIR11181	15	88489436	88489499	-
MIR11399	1	113424671	113424751	+
MIR11400	7	142157341	142157418	-
MIR11401	16	87887501	87887570	+
MIR1178	12	120151438	120151529	-
MIR1179	15	89151337	89151428	+
MIR1180	17	19247818	19247887	-
MIR1181	19	10514133	10514214	-
MIR1182	1	231155573	231155670	-
MIR1183	7	21510675	21510764	+
MIR1184-1	X	154115634	154687276	-
MIR1184-2	X	154115634	154687276	-
MIR1184-3	X	154115634	154687276	-
MIR1185-1	14	101509313	101509398	+
MIR1185-2	14	101510534	101510619	+
MIR1193	14	101496388	101496466	+
MIR1197	14	101491900	101491988	+
MIR1199	19	14184172	14184291	+
MIR1200	7	36958961	36959037	-
MIR1202	6	156267930	156268013	+
MIR1203	17	46233788	46233873	-
MIR1204	8	128808207	128808274	+
MIR1205	8	128972878	128972941	+
MIR1206	8	129021143	129021202	+
MIR1207	8	129061397	129061484	+
MIR1208	8	129162361	129162434	+
MIR12113	4	11784801	11784872	+
MIR12114	22	50845870	50845953	+
MIR12115	4	22516934	22517008	+
MIR12116	1	179773058	179773160	+
MIR12117	9	33108689	33108763	+
MIR12118	5	172730732	172730820	+
MIR12119	7	99006794	99006887	+
MIR12120	Y	15591056	15591146	+
MIR12121	14	105331650	105331748	+
MIR12122	20	48480395	48480490	+
MIR12123	8	80244422	80244509	+
MIR12124	3	128565650	128565751	+
MIR12125	5	167592849	167592934	+
MIR12126	9	133003665	133003767	+
MIR12127	3	10322034	10322136	+
MIR12128	16	85241401	85241501	+
MIR12129	X	152600919	152600995	+
MIR12130	5	115591439	115591531	+
MIR12131	6	151423810	151423912	+
MIR12132	1	62311746	62311848	+
MIR12133	1	95009257	95009335	+
MIR12135	15	73592250	73592319	+
MIR12136	1	567994	568065	-
MIR122	18	56118305	56118390	+
MIR1224	3	183959192	183959277	+
MIR1225	16	2140195	2140285	-
MIR1226	3	47891044	47891119	+
MIR1227	19	2234060	2234148	-
MIR1228	12	57588286	57588359	+
MIR1229	5	179225277	179225346	-
MIR1231	1	201777738	201777830	+
MIR1233-1	15	34674269	34820572	-
MIR1233-2	15	34674269	34820572	-
MIR1236	6	31924615	31924717	-
MIR1237	11	64136073	64136175	+
MIR1238	19	10662797	10662880	+
MIR124-1	8	9760897	9760982	-
MIR124-1HG	8	9757573	9760839	-
MIR124-2	8	65291705	65291814	+
MIR124-2HG	8	65285774	65300061	+
MIR124-3	20	61809851	61809938	+
MIR1243	4	114028018	114028111	+
MIR1245A	2	189842817	189842886	+
MIR1245B	2	189842819	189842887	-
MIR1246	2	177465707	177465780	-
MIR1247	14	102026623	102026759	-
MIR1248	3	186504460	186504566	+
MIR1249	22	45596834	45596900	-
MIR1250	17	79106995	79107108	-
MIR1251	12	97885686	97885756	+
MIR1252	12	79813036	79813101	+
MIR1253	17	2651371	2651476	-
MIR1255A	4	102251458	102251571	-
MIR1255B1	4	36427987	36428050	-
MIR1255B2	1	167967897	167967964	+
MIR1256	1	21314806	21314925	-
MIR1257	20	60528601	60528718	-
MIR1258	2	180725562	180725635	-
MIR125A	19	52196506	52196592	+
MIR125B1	11	121970464	121970552	-
MIR125B2	21	17962556	17962645	+
MIR126	9	139565053	139565138	+
MIR1260A	14	77732560	77732633	+
MIR1260B	11	96074601	96074690	+
MIR1261	11	90602288	90602370	-
MIR1262	1	68649200	68649293	-
MIR1263	3	163889258	163889344	-
MIR1264	X	113887129	113887198	+
MIR1265	10	14478574	14478660	+
MIR1266	15	52569313	52569397	-
MIR1267	13	108183518	108183596	-
MIR1268B	17	78072626	78072676	+
MIR1269A	4	67142541	67142646	+
MIR1269B	17	12820584	12820659	-
MIR127	14	101349315	101349412	+
MIR1270	19	20510080	20579322	-
MIR1271	5	175794948	175795034	+
MIR1272	15	65054585	65054714	-
MIR1273C	6	155174493	155174570	+
MIR1273H	16	24214436	24214552	+
MIR1275	6	33967748	33967828	-
MIR1276	15	86313726	86313809	-
MIR1277	X	117520356	117520434	+
MIR1278	1	193105632	193105713	+
MIR1279	12	69666936	69666998	-
MIR128-1	2	136422966	136423048	+
MIR128-2	3	35785967	35786051	+
MIR1281	22	41488516	41488570	+
MIR1282	15	44085856	44085957	-
MIR1283-1	19	54191734	54191821	+
MIR1283-2	19	54261485	54261572	+
MIR1284	3	71591120	71591240	-
MIR1285-1	7	91833328	91833412	-
MIR1285-2	2	70480049	70480137	-
MIR1286	22	20236656	20236734	-
MIR1287	10	100154974	100155064	-
MIR1288	17	16185327	16185402	+
MIR1289-1	20	34041775	34041919	-
MIR1289-2	5	132763287	132763398	-
MIR129-1	7	127847924	127847996	+
MIR129-2	11	43602943	43603033	+
MIR1290	1	19223564	19223642	-
MIR1291	12	49048226	49048313	-
MIR1292	20	2633422	2633488	+
MIR1293	12	50627924	50627995	-
MIR1294	5	153726665	153726807	+
MIR1295A	1	171070868	171070947	-
MIR1295B	1	171070879	171070939	+
MIR1296	10	65132716	65132808	-
MIR1297	13	54886106	54886183	-
MIR1298	X	113949649	113949761	+
MIR1299	9	69002238	69002321	-
MIR1301	2	25551508	25551590	-
MIR1302-1	12	113132838	113132981	-
MIR1302-3	2	114340535	114340673	-
MIR1302-4	2	208133998	208134148	-
MIR1302-5	20	49231172	49231322	-
MIR1302-6	7	18166842	18166932	-
MIR1302-7	8	142867602	142867674	-
MIR1302-8	9	100125835	100125963	-
MIR1303	5	154065335	154065421	+
MIR1304	11	93466839	93466930	-
MIR1305	4	183090445	183090531	+
MIR1306	22	20073580	20073665	+
MIR1307	10	105154009	105154158	-
MIR130A	11	57408670	57408759	+
MIR130B	22	22007592	22007674	+
MIR132	17	1953201	1953302	-
MIR1321	X	85090784	85090863	+
MIR1322	8	10682882	10682953	-
MIR1323	19	54175221	54175294	+
MIR1324	3	75679913	75680009	+
MIR133A1	18	19405658	19405746	-
MIR133A1HG	18	19405439	19411367	-
MIR133A2	20	61162118	61162220	+
MIR133B	6	52013720	52013839	+
MIR134	14	101521023	101521096	+
MIR1343	11	34963383	34963467	+
MIR135A1	3	52328234	52328324	-
MIR135A2	12	97957589	97957689	+
MIR135B	1	205417429	205417526	-
MIR136	14	101351038	101351120	+
MIR137	1	98511625	98511727	-
MIR137HG	1	98453555	98515249	-
MIR138-1	3	44155703	44155802	+
MIR138-2	16	56892429	56892513	+
MIR139	11	72326106	72326174	-
MIR140	16	69966983	69967083	+
MIR141	12	7073259	7073354	+
MIR142	17	56408592	56408679	-
MIR143	5	148808480	148808586	+
MIR144	17	27188550	27188636	-
MIR145	5	148810208	148810296	+
MIR1468	X	63005881	63005967	-
MIR1469	15	96876489	96876536	+
MIR146A	5	159912358	159912457	+
MIR146B	10	104196268	104196341	+
MIR1470	19	15560358	15560419	+
MIR1471	2	232756951	232757008	-
MIR147A	9	123007256	123007328	-
MIR147B	15	45725247	45725327	+
MIR148A	7	25989538	25989606	-
MIR148B	12	54730999	54731098	+
MIR149	2	241395417	241395506	+
MIR150	19	50004041	50004125	-
MIR151A	8	141742662	141742752	-
MIR151B	14	100575755	100575851	-
MIR152	17	46114526	46114613	-
MIR153-1	2	220158832	220158922	-
MIR153-2	7	157367027	157367114	-
MIR1537	1	236016299	236016360	-
MIR1538	16	69599710	69599771	-
MIR1539	18	47013742	47013792	+
MIR154	14	101526091	101526175	+
MIR155	21	26946291	26946356	+
MIR155HG	21	26934456	26947480	+
MIR1587	X	39696814	39696867	+
MIR15A	13	50623254	50623337	-
MIR15B	3	160122375	160122473	+
MIR16-1	13	50623108	50623197	-
MIR16-2	3	160122532	160122613	+
MIR17	13	92002858	92002942	+
MIR17HG	13	92000073	92006829	+
MIR181A1	1	198828172	198828282	-
MIR181A1HG	1	198777131	198906558	-
MIR181A2	9	127454720	127454830	+
MIR181A2HG	9	127420714	127460907	+
MIR181B1	1	198828001	198828111	-
MIR181B2	9	127455988	127456077	+
MIR181C	19	13985512	13985622	+
MIR181D	19	13985688	13985825	+
MIR182	7	129410222	129410332	-
MIR1825	20	30825597	30825650	+
MIR1827	12	100583661	100583727	+
MIR183	7	129414744	129414854	-
MIR184	15	79502129	79502213	+
MIR1843	1	175937505	175937615	-
MIR185	22	20020661	20020743	+
MIR186	1	71533313	71533399	-
MIR187	18	33484780	33484889	-
MIR188	X	49768108	49768194	+
MIR18A	13	92003004	92003075	+
MIR18B	X	133304070	133304141	-
MIR1908	11	61582632	61582712	-
MIR1909	19	1816157	1816237	-
MIR190A	15	63116155	63116240	+
MIR190B	1	154166140	154166219	-
MIR191	3	49058050	49058142	-
MIR1910	16	85775226	85775306	-
MIR1911	X	113997743	113997823	+
MIR1912	X	113886018	113886098	+
MIR1913	6	166922841	166922921	-
MIR1914	20	62572817	62572897	-
MIR1915	10	21785490	21785570	-
MIR1915HG	10	21781586	21786189	-
MIR192	11	64658608	64658718	-
MIR193A	17	29887014	29887102	+
MIR193B	16	14397823	14397906	+
MIR193BHG	16	14396144	14420374	+
MIR194-1	1	220291498	220291583	-
MIR194-2	11	64658826	64658911	-
MIR194-2HG	11	64655929	64660921	-
MIR195	17	6920933	6921020	-
MIR196A1	17	46709851	46709921	-
MIR196A2	12	54385521	54385631	+
MIR196B	7	27209098	27209182	-
MIR197	1	110141514	110141589	+
MIR1972-1	16	15104177	70064325	-
MIR1972-2	16	15104177	70064325	-
MIR1973	4	117220880	117220924	+
MIR1976	1	26881032	26881084	+
MIR198	3	120114514	120114576	-
MIR199A1	19	10928101	10928172	-
MIR199A2	1	172113674	172113784	-
MIR199B	9	131006999	131007109	-
MIR19A	13	92003144	92003226	+
MIR19B1	13	92003445	92003532	+
MIR19B2	X	133303700	133303796	-
MIR200A	1	1103242	1103332	+
MIR200B	1	1102483	1102578	+
MIR200C	12	7072861	7072929	+
MIR200CHG	12	7072407	7073610	+
MIR202	10	135061014	135061124	-
MIR202HG	10	135059982	135061389	-
MIR203A	14	104583741	104583851	+
MIR203B	14	104583754	104583840	-
MIR204	9	73424890	73425000	-
MIR205	1	209605477	209605587	+
MIR2052	8	75617927	75617982	+
MIR2052HG	8	75512100	75670587	+
MIR2053	8	113655721	113655812	+
MIR2054	4	126428413	126428462	+
MIR205HG	1	209602164	209605892	+
MIR206	6	52009146	52009232	+
MIR208A	14	23857804	23857875	-
MIR208B	14	23887195	23887272	-
MIR20A	13	92003318	92003389	+
MIR20B	X	133303838	133303907	-
MIR21	17	57918626	57918698	+
MIR210	11	568088	568198	-
MIR210HG	11	565656	568457	-
MIR211	15	31357234	31357344	-
MIR2110	10	115933863	115933938	-
MIR2113	6	98472406	98472495	+
MIR2114	X	149396238	149396318	+
MIR2115	3	48357849	48357949	-
MIR2116	15	59463381	59463461	-
MIR2117	17	41522173	41522253	+
MIR2117HG	17	41522074	41528565	+
MIR212	17	1953564	1953674	-
MIR214	1	172107937	172108047	-
MIR215	1	220291194	220291304	-
MIR216A	2	56216084	56216194	-
MIR216B	2	56227848	56227930	-
MIR217	2	56210101	56210211	-
MIR217HG	2	56190540	56274461	-
MIR218-1	4	20529897	20530007	+
MIR218-2	5	168195150	168195260	-
MIR219A1	6	33175611	33175721	+
MIR219A2	9	131154896	131154993	-
MIR219B	9	131154899	131154987	+
MIR22	17	1617196	1617281	-
MIR221	X	45605584	45605694	-
MIR222	X	45606420	45606530	-
MIR223	X	65238711	65238821	+
MIR224	X	151127049	151127130	-
MIR2276	13	24736554	24736643	+
MIR2277	5	92956401	92956494	-
MIR2278	9	97572243	97572339	+
MIR22HG	17	1614797	1619566	-
MIR2355	2	207974710	207974797	-
MIR2392	14	101280827	101280911	+
MIR23A	19	13947400	13947473	-
MIR23B	9	97847489	97847586	+
MIR23C	X	20035205	20035305	-
MIR24-1	9	97848302	97848370	+
MIR24-2	19	13947100	13947173	-
MIR2467	2	240273418	240273499	-
MIR25	7	99691182	99691266	-
MIR2681	13	102619991	102620096	-
MIR2682	1	98510798	98510907	-
MIR26A1	3	38010894	38010971	+
MIR26A2	12	58218391	58218475	-
MIR26B	2	219267368	219267445	+
MIR27A	19	13947253	13947331	-
MIR27B	9	97847726	97847823	+
MIR28	3	188406568	188406654	+
MIR2861	9	130548196	130548286	+
MIR2909	17	35391041	35391110	+
MIR296	20	57392669	57392749	-
MIR297	4	111781737	111781803	-
MIR298	20	57393280	57393368	-
MIR299	14	101490130	101490193	+
MIR29A	7	130561505	130561569	-
MIR29B1	7	130562217	130562298	-
MIR29B2	1	207975787	207975868	-
MIR29B2CHG	1	207974862	207996048	-
MIR29C	1	207975196	207975284	-
MIR300	14	101507699	101507781	+
MIR301A	17	57228496	57228582	-
MIR301B	22	22007269	22007347	+
MIR302A	4	113569338	113569407	-
MIR302B	4	113569640	113569713	-
MIR302C	4	113569518	113569586	-
MIR302CHG	4	113567875	113571207	-
MIR302D	4	113569159	113569227	-
MIR302E	11	7255996	7256068	+
MIR302F	18	27878875	27878926	+
MIR3059	12	87138844	87138926	-
MIR3064	17	62496891	62496957	-
MIR3065	17	79099676	79099755	+
MIR3074	9	97848295	97848376	-
MIR3085	10	99635569	99635654	-
MIR30A	6	72113253	72113324	-
MIR30B	8	135812762	135812850	-
MIR30C1	1	41222955	41223044	+
MIR30C2	6	72086662	72086734	-
MIR30D	8	135817118	135817188	-
MIR30E	1	41220026	41220118	+
MIR31	9	21512113	21512184	-
MIR3115	1	23370797	23370865	+
MIR3116-1	1	62544457	62544531	+
MIR3116-2	1	62544460	62544528	-
MIR3117	1	67094122	67094200	+
MIR3118-1	21	15017095	15017171	-
MIR3118-2	15	21038123	22049348	+
MIR3118-3	15	21038123	22049348	+
MIR3118-4	15	21038123	22049348	+
MIR3119-1	1	170120518	170120603	-
MIR3119-2	1	170120518	170120603	+
MIR3120	1	172107947	172108028	+
MIR3121	1	180407448	180407525	-
MIR3122	1	212250954	212251027	+
MIR3123	1	241295571	241295646	+
MIR3124	1	249120575	249120642	+
MIR3125	2	12877492	12877570	+
MIR3126	2	69330813	69330887	+
MIR3127	2	97464014	97464090	+
MIR3128	2	178120672	178120738	-
MIR3129	2	189997761	189997837	-
MIR3130-1	2	207647957	207648032	-
MIR3130-2	2	207647957	207648032	+
MIR3131	2	219923409	219923472	-
MIR3132	2	220413794	220413869	-
MIR3133	2	242417319	242417397	+
MIR3134	3	15738804	15738878	-
MIR3135A	3	20179056	20179133	+
MIR3135B	6	32717688	32717756	-
MIR3136	3	69098108	69098186	-
MIR3137	3	194855234	194855309	-
MIR3138	4	10080234	10080316	-
MIR3139	4	144264612	144264688	+
MIR3140	4	153410478	153410568	-
MIR3141	5	153975571	153975632	-
MIR3142	5	159901408	159901490	+
MIR3142HG	5	159895257	159914433	+
MIR3143	6	27115404	27115467	+
MIR3144	6	120336324	120336403	+
MIR3145	6	138756349	138756431	-
MIR3146	7	19744980	19745059	-
MIR3147	7	57472730	57472796	+
MIR3148	8	29814787	29814864	-
MIR3149	8	77879003	77879086	-
MIR3150A	8	96085141	96085221	+
MIR3150B	8	96085138	96085224	-
MIR3150BHG	8	96079035	96085410	-
MIR3151	8	104166841	104166917	+
MIR3152	9	18573303	18573377	+
MIR3153	9	91927139	91927221	+
MIR3154	9	131007225	131007309	-
MIR3155A	10	6194158	6194240	+
MIR3155B	10	6194169	6194225	-
MIR3156-1	10	45659461	45659536	+
MIR3156-2	18	14830164	14830241	+
MIR3156-3	21	14778704	14778781	-
MIR3157	10	97824071	97824156	-
MIR3158-1	10	103361173	103361254	+
MIR3158-2	10	103361173	103361254	-
MIR3159	11	18409333	18409407	+
MIR3160-1	11	46473354	46473439	-
MIR3160-2	11	46473356	46473437	+
MIR3161	11	48118333	48118410	+
MIR3162	11	59362549	59362631	-
MIR3164	11	68850643	68850726	+
MIR3165	11	71783273	71783348	-
MIR3166	11	87909669	87909761	+
MIR3167	11	126858353	126858438	-
MIR3168	13	41675154	41675236	-
MIR3169	13	61773931	61774014	-
MIR3170	13	98860777	98860854	+
MIR3171	14	28102410	28102484	-
MIR3173	14	95604255	95604323	-
MIR3174	15	90549986	90550073	+
MIR3175	15	93447628	93447705	+
MIR3176	16	593276	593366	+
MIR3177	16	1784985	1785067	+
MIR3178	16	2581922	2582006	-
MIR3179-1	16	14995364	18505834	+
MIR3179-2	16	14995364	18505834	+
MIR3179-3	16	14995364	18505834	+
MIR3179-4	16	14995364	18505834	+
MIR3180-1	16	15005076	18496128	+
MIR3180-2	16	15005080	18496124	+
MIR3180-3	16	15005076	18496128	+
MIR3180-4	16	15248706	15248859	-
MIR3180-5	16	2185977	2186130	-
MIR3181	16	50776215	50776288	+
MIR3182	16	83541950	83542013	+
MIR3183	17	925715	925799	-
MIR3184	17	28444103	28444178	-
MIR3185	17	46801769	46801837	-
MIR3186	17	79418129	79418214	-
MIR3187	19	813583	813653	+
MIR3188	19	18392886	18392971	+
MIR3189	19	18497371	18497444	+
MIR3190	19	47730198	47730278	+
MIR3191	19	47730200	47730276	-
MIR3192	20	18451258	18451335	+
MIR3193	20	30194988	30195043	+
MIR3194	20	50069441	50069514	-
MIR3195	20	60639857	60639941	+
MIR3196	20	61870130	61870194	+
MIR3197	21	42539483	42539556	+
MIR3198-1	22	18246945	18247025	-
MIR3198-2	12	54625180	54625260	-
MIR3199-1	22	28316512	28316600	-
MIR3199-2	22	28316513	28316599	+
MIR31HG	9	21454266	21559797	-
MIR32	9	111808508	111808578	-
MIR3200	22	31127543	31127628	+
MIR3201	22	48670175	48670227	+
MIR3202-1	X	153246547	153246628	+
MIR3202-2	X	153246548	153246627	-
MIR320A	8	22102478	22102550	-
MIR320B1	1	117214367	117214439	+
MIR320B2	1	224444744	224444812	-
MIR320C1	18	19263478	19263550	+
MIR320C2	18	21901638	21901709	+
MIR320D1	13	41301954	41302023	-
MIR320D2	X	140008325	140008396	-
MIR320E	19	47212541	47212611	-
MIR323A	14	101492068	101492154	+
MIR323B	14	101522555	101522637	+
MIR324	17	7126615	7126698	-
MIR325	X	76225828	76225926	-
MIR325HG	X	75878198	76234957	-
MIR326	11	75046135	75046230	-
MIR328	16	67236223	67236298	-
MIR329-1	14	101493121	101493201	+
MIR329-2	14	101493436	101493520	+
MIR330	19	46142251	46142345	-
MIR331	12	95702195	95702289	+
MIR335	7	130135951	130136045	+
MIR337	14	101340829	101340922	+
MIR338	17	79099682	79099749	-
MIR339	7	1062568	1062662	-
MIR33A	22	42296947	42297016	+
MIR33B	17	17717149	17717245	-
MIR340	5	179442302	179442397	-
MIR342	14	100575991	100576090	+
MIR345	14	100774195	100774293	+
MIR346	10	88024450	88024545	-
MIR34A	1	9211726	9211836	-
MIR34AHG	1	9208069	9242397	-
MIR34B	11	111383662	111383746	+
MIR34C	11	111384163	111384240	+
MIR3529	15	89155077	89155155	-
MIR3591	18	56118311	56118384	-
MIR3605	1	33797993	33798093	-
MIR3606	2	189860355	189860418	+
MIR3609	7	98479272	98479352	+
MIR361	X	85158640	85158712	-
MIR3610	8	117886966	117887039	-
MIR3611	10	35368525	35368608	-
MIR3612	12	128778636	128778723	+
MIR3613	13	50570550	50570637	-
MIR3614	17	54968630	54968716	-
MIR3615	17	72744751	72744838	+
MIR3616	20	45795608	45795700	+
MIR3617	20	44333740	44333819	-
MIR3618	22	20073268	20073356	+
MIR3619	22	46486923	46487006	+
MIR362	X	49773571	49773635	+
MIR3620	1	228284963	228285042	+
MIR3621	9	140063637	140063722	-
MIR3622A	8	27559193	27559276	+
MIR3622B	8	27559189	27559284	-
MIR363	X	133303407	133303482	-
MIR3646	20	43036759	43036843	+
MIR3648-1	21	9825831	9826011	+
MIR3648-2	21	9825831	9826011	+
MIR3649	12	1769480	1769546	-
MIR3650	5	38557603	38557663	-
MIR3651	9	95054739	95054829	-
MIR3652	12	104324202	104324333	+
MIR3655	5	140027428	140027511	+
MIR3657	12	112475402	112475519	-
MIR3658	1	165877157	165877213	+
MIR3659	1	38554902	38555001	+
MIR3659HG	1	38512805	38585202	+
MIR365A	16	14403141	14403228	+
MIR365B	17	29902429	29902540	+
MIR3660	5	89312437	89312537	-
MIR3661	5	133561447	133561543	+
MIR3662	6	135300475	135300570	-
MIR3663	10	118927188	118927285	-
MIR3663HG	10	118913031	118928566	-
MIR3664	11	70718374	70718473	-
MIR3665	13	78272146	78272251	-
MIR3666	7	114293399	114293510	+
MIR3667	22	49937040	49937114	-
MIR3668	6	140526388	140526463	+
MIR367	4	113569029	113569097	-
MIR3670-1	16	15001573	18499619	+
MIR3670-2	16	15001573	18499619	+
MIR3670-3	16	15001573	18499619	+
MIR3670-4	16	15001573	18499619	+
MIR3671	1	65523437	65523525	-
MIR3672	X	120504825	120504907	+
MIR3674	8	1749290	1749358	+
MIR3675	1	16875408	17185516	+
MIR3677	16	2320713	2320773	+
MIR3678	17	73402149	73402243	+
MIR3679	2	134884695	134884763	+
MIR3680-1	16	21517369	29610586	-
MIR3680-2	16	21517369	29610586	-
MIR3681	2	12339255	12339327	+
MIR3681HG	2	12147241	12718474	+
MIR3682	2	54076258	54076342	-
MIR3683	7	7106594	7106676	-
MIR3684	4	99918537	99918611	+
MIR3685	12	95703698	95703760	+
MIR3686	8	130496302	130496388	-
MIR3688-1	4	160049953	160050046	-
MIR3688-2	4	160049956	160050043	+
MIR3689A	9	137741020	137742490	-
MIR3689B	9	137741970	137742118	-
MIR3689C	9	137741143	137741215	-
MIR3689D1	9	137741454	137741528	-
MIR3689D2	9	137742122	137742202	-
MIR3689E	9	137742415	137742487	-
MIR3689F	9	137742587	137742653	-
MIR369	14	101531934	101532004	+
MIR3691	6	5148466	5148556	-
MIR3692	6	157950163	157950232	+
MIR370	14	101377475	101377550	+
MIR3713	15	76878987	76879032	+
MIR3714	3	16974687	16974752	+
MIR371A	19	54290928	54290995	+
MIR371B	19	54290930	54290996	-
MIR372	19	54291143	54291210	+
MIR373	19	54291958	54292027	+
MIR374A	X	73507120	73507192	-
MIR374B	X	73438381	73438453	-
MIR374C	X	73438383	73438453	+
MIR375	2	219866366	219866430	-
MIR376A1	14	101507118	101507186	+
MIR376A2	14	101506405	101506485	+
MIR376B	14	101506772	101506872	+
MIR376C	14	101506026	101506092	+
MIR377	14	101528386	101528455	+
MIR378A	5	149112387	149112453	+
MIR378B	3	10371912	10371969	+
MIR378C	10	132760850	132760931	-
MIR378D1	4	5925001	5925055	-
MIR378D2	8	94928249	94928347	-
MIR378E	5	169455491	169455570	+
MIR378F	1	24255559	24255637	+
MIR378G	1	95211415	95211456	-
MIR378H	5	154209017	154209100	+
MIR378I	22	42319225	42319301	-
MIR378J	17	35974975	35975084	-
MIR379	14	101488402	101488469	+
MIR380	14	101491353	101491414	+
MIR381	14	101512256	101512331	+
MIR381HG	14	101511493	101518132	+
MIR382	14	101520642	101520718	+
MIR383	8	14710946	14711019	-
MIR384	X	76139697	76139785	-
MIR3907	7	151130574	151130725	-
MIR3908	12	124020955	124021081	+
MIR3909	22	35731632	35731751	+
MIR3910-1	9	94398532	94398643	+
MIR3910-2	9	94398548	94398627	-
MIR3911	9	130452965	130453074	-
MIR3912	5	170813659	170813764	-
MIR3913-1	12	69978501	69978603	-
MIR3913-2	12	69978502	69978602	+
MIR3914-1	7	70772657	70772756	-
MIR3914-2	7	70772659	70772754	+
MIR3915	X	32601772	32601869	-
MIR3916	1	247365268	247365362	-
MIR3917	1	26232852	26232945	-
MIR3918	6	159185692	159185785	-
MIR3919	3	159000434	159000523	+
MIR3920	11	101390550	101390636	-
MIR3921	3	99683157	99683242	-
MIR3922	12	104985410	104985494	+
MIR3923	3	79557036	79557119	+
MIR3924	10	59064238	59064319	-
MIR3925	6	36590212	36590289	-
MIR3926-1	8	12584740	12584813	-
MIR3926-2	8	12584745	12584808	+
MIR3927	9	112273754	112273825	-
MIR3928	22	31556047	31556105	-
MIR3929	18	33514050	33514105	-
MIR3934	6	33665904	33666011	+
MIR3935	16	56279431	56279535	+
MIR3936	5	131701181	131701291	-
MIR3936HG	5	131646968	131705608	-
MIR3937	X	39520469	39520575	+
MIR3938	3	55886519	55886622	-
MIR3939	6	167411294	167411400	-
MIR3940	19	6416420	6416522	-
MIR3941	10	124176480	124176583	+
MIR3942	15	35664456	35664565	-
MIR3943	7	43190493	43190593	+
MIR3944	10	135185059	135185167	-
MIR3945	4	185772166	185772264	-
MIR3945HG	4	185764449	185776806	-
MIR3960	9	130548111	130548202	+
MIR3972	1	17604383	17604470	+
MIR3973	11	36031647	36031754	+
MIR3974	12	17826232	17826328	+
MIR3975	18	33171700	33171770	+
MIR3976	18	5840693	5840832	+
MIR3976HG	18	5748817	5795900	+
MIR3977	5	82135973	82136043	+
MIR3978	X	109325345	109325446	+
MIR409	14	101531636	101531715	+
MIR410	14	101532248	101532328	+
MIR411	14	101489661	101489757	+
MIR412	14	101531783	101531874	+
MIR421	X	73438211	73438296	-
MIR422A	15	64163128	64163218	-
MIR423	17	28444096	28444190	+
MIR424	X	133680643	133680741	-
MIR425	3	49057580	49057667	-
MIR4251	1	3044538	3044599	+
MIR4252	1	6489893	6489956	-
MIR4253	1	23189651	23189719	-
MIR4254	1	32224260	32224336	-
MIR4255	1	37627163	37627235	+
MIR4256	1	113004391	113004455	-
MIR4257	1	150524404	150524490	+
MIR4258	1	154948168	154948259	+
MIR4259	1	159869768	159869869	-
MIR4260	1	209796788	209796855	-
MIR4261	2	10332739	10332797	-
MIR4262	2	11977058	11977112	-
MIR4263	2	28219233	28219316	+
MIR4264	2	79876419	79876485	-
MIR4265	2	109757945	109758044	-
MIR4266	2	109930026	109930081	-
MIR4267	2	110827537	110827619	-
MIR4268	2	220771222	220771286	-
MIR4269	2	240227156	240227240	+
MIR4270	3	15537745	15537815	-
MIR4271	3	49311552	49311619	+
MIR4272	3	67275887	67275951	+
MIR4273	3	75787430	75787514	+
MIR4274	4	7461754	7461845	+
MIR4275	4	28821203	28821290	+
MIR4276	4	175344945	175345015	+
MIR4277	5	1708899	1708983	-
MIR4278	5	6827965	6828034	-
MIR4279	5	31936207	31936265	-
MIR4280	5	86410695	86410771	-
MIR4281	5	176056439	176056501	-
MIR4282	6	73677409	73677476	-
MIR4283-1	7	57023491	63081547	-
MIR4283-2	7	57023491	63081547	-
MIR4284	7	73125646	73125727	+
MIR4285	7	101936368	101936453	+
MIR4286	8	10524487	10524580	+
MIR4287	8	27743555	27743633	-
MIR4288	8	28362632	28362699	-
MIR4289	9	91360750	91360820	-
MIR429	1	1104384	1104467	+
MIR4290	9	92785722	92785817	-
MIR4290HG	9	92782935	92803781	-
MIR4291	9	96581638	96581703	+
MIR4292	9	139725408	139725475	+
MIR4293	10	14425198	14425276	-
MIR4294	10	50193556	50193632	-
MIR4295	10	114393928	114394013	+
MIR4296	10	126721351	126721439	-
MIR4297	10	131641562	131641638	-
MIR4298	11	1880693	1880766	-
MIR4299	11	11678197	11678269	-
MIR4300	11	81601782	81601878	-
MIR4300HG	11	81590892	82114955	-
MIR4301	11	113320744	113320810	-
MIR4302	12	26026952	26027012	-
MIR4303	12	98389160	98389226	-
MIR4304	12	123495213	123495275	-
MIR4305	13	40238170	40238272	-
MIR4306	13	100295312	100295403	+
MIR4307	14	27377847	27377931	+
MIR4307HG	14	27342338	27383949	+
MIR4308	14	55344830	55344911	-
MIR4309	14	103005980	103006063	+
MIR431	14	101347343	101347457	+
MIR4310	15	42158692	42158749	-
MIR4311	15	66332570	66332670	+
MIR4312	15	69094188	69094264	-
MIR4313	15	76054555	76054656	-
MIR4314	17	7991373	7991465	+
MIR4315-1	17	43552728	62818220	-
MIR4315-2	17	43552728	62818220	-
MIR4316	17	75393065	75393136	-
MIR4317	18	6374359	6374424	-
MIR4318	18	35237097	35237178	+
MIR4319	18	42550046	42550131	-
MIR432	14	101350819	101350913	+
MIR4320	18	47652868	47652933	-
MIR4321	19	2250637	2250717	+
MIR4322	19	10341088	10341161	+
MIR4323	19	42637596	42637665	-
MIR4324	19	49812053	49812125	-
MIR4325	20	55896557	55896647	-
MIR4326	20	61918159	61918218	+
MIR4327	21	31747611	31747696	-
MIR4328	X	78156690	78156746	-
MIR4329	X	112023945	112024016	-
MIR433	14	101348222	101348315	+
MIR4330	X	150336693	150336798	+
MIR4418	1	22592731	22592793	+
MIR4420	1	31212002	31212079	-
MIR4421	1	51525508	51525577	+
MIR4422	1	55691313	55691396	+
MIR4422HG	1	55683533	55699850	+
MIR4423	1	85599476	85599556	+
MIR4424	1	178646883	178646969	+
MIR4425	1	25349993	25350077	+
MIR4427	1	233759897	233759965	+
MIR4428	1	237634418	237634491	+
MIR4429	2	11680730	11680803	-
MIR4430	2	33643582	33643631	+
MIR4431	2	52929659	52929753	-
MIR4432	2	60614496	60614580	-
MIR4432HG	2	60586350	60618510	-
MIR4433A	2	64567892	64567973	+
MIR4433B	2	64567880	64567982	-
MIR4434	2	64752646	64752699	+
MIR4435-1	2	87929273	112078668	+
MIR4435-2	2	87929278	112078663	+
MIR4435-2HG	2	111953443	112252738	-
MIR4436A	2	89111883	89111968	+
MIR4436B1	2	110844009	111042520	-
MIR4436B2	2	110844009	111042520	-
MIR4437	2	182170319	182170379	-
MIR4438	2	214622790	214622883	+
MIR4439	2	225875177	225875257	-
MIR4440	2	239990512	239990610	-
MIR4441	2	240007522	240007622	-
MIR4442	3	25706363	25706430	-
MIR4443	3	48238053	48238106	+
MIR4445	3	109321674	109321744	+
MIR4446	3	113313722	113313789	+
MIR4447	3	116569123	116569214	-
MIR4448	3	183604587	183604673	+
MIR4449	4	53578848	53578914	+
MIR4450	4	77494720	77494785	+
MIR4451	4	86643620	86643686	+
MIR4452	4	87463634	87463705	-
MIR4453	4	153457579	153457668	+
MIR4453HG	4	153457415	153460415	+
MIR4455	4	185859536	185859594	-
MIR4456	5	535954	535997	-
MIR4457	5	1309424	1309492	-
MIR4458	5	8461037	8461112	+
MIR4458HG	5	8457799	8463209	+
MIR4460	5	128732754	128732840	-
MIR4462	6	37523140	37523198	-
MIR4463	6	76138122	76138189	+
MIR4464	6	91022460	91022552	+
MIR4465	6	141004950	141005020	+
MIR4466	6	157100811	157100865	-
MIR4467	7	102111915	102111978	+
MIR4468	7	137808503	137808567	+
MIR4469	8	42751339	42751418	-
MIR4470	8	62627346	62627418	+
MIR4471	8	101394990	101395073	+
MIR4472-1	8	143257699	143257779	+
MIR4472-2	12	116866056	116866123	-
MIR4473	9	20411145	20411236	-
MIR4474	9	20502262	20502340	-
MIR4475	9	36823535	36823596	-
MIR4476	9	36893458	36893528	-
MIR4477A	9	68415307	68415388	-
MIR4477B	9	68415307	68415388	+
MIR4478	9	124882360	124882446	-
MIR4479	9	139781184	139781255	+
MIR448	X	114058016	114058127	+
MIR4480	10	12620751	12620822	+
MIR4481	10	12695136	12695196	-
MIR4482	10	106028093	106028163	-
MIR4483	10	115537751	115537813	-
MIR4484	10	127508308	127508391	+
MIR4485	11	10529816	10529873	-
MIR4486	11	19596856	19596919	+
MIR4487	11	47422520	47422593	+
MIR4488	11	61276067	61276129	+
MIR4489	11	65416662	65416724	+
MIR4490	11	90288941	90289025	-
MIR4491	11	111218481	111218547	+
MIR4492	11	118781416	118781496	+
MIR4493	11	123252147	123252220	-
MIR4494	12	47757968	47758052	-
MIR4495	12	98332833	98332899	-
MIR4496	12	109029585	109029646	+
MIR4497	12	110271152	110271241	+
MIR4498	12	120593237	120593303	-
MIR4499	13	21007916	21007985	-
MIR449A	5	54466359	54466450	-
MIR449B	5	54466473	54466570	-
MIR449C	5	54468089	54468181	-
MIR4500	13	88270919	88270995	-
MIR4500HG	13	88096241	88323218	-
MIR4501	13	97079482	97079546	+
MIR4502	13	115039302	115039383	+
MIR4503	14	37421513	37421596	-
MIR4504	14	50766572	50766664	-
MIR4505	14	74225449	74225522	+
MIR4506	14	94414571	94414648	-
MIR4507	14	106324292	106324344	-
MIR4508	15	23807208	23807278	-
MIR4509-1	15	22675147	28735991	-
MIR4509-2	15	22675147	28735991	-
MIR4509-3	15	22675147	28735991	-
MIR450A1	X	133674370	133674461	-
MIR450A2	X	133674537	133674637	-
MIR450B	X	133674214	133674292	-
MIR4510	15	36219056	36219124	+
MIR4511	15	66011583	66011670	-
MIR4512	15	66789295	66789372	-
MIR4513	15	75081012	75081098	-
MIR4514	15	81289757	81289814	-
MIR4515	15	83736086	83736167	+
MIR4516	16	2183119	2183205	+
MIR4517	16	28969903	28969982	+
MIR4518	16	30515239	30515322	+
MIR4519	16	30886586	30886644	-
MIR451A	17	27188386	27188458	-
MIR451B	17	27188388	27188456	+
MIR452	X	151128099	151128184	-
MIR4520-1	17	6558758	6558828	-
MIR4520-2	17	6558767	6558821	+
MIR4521	17	8090262	8090322	+
MIR4522	17	25620935	25621022	-
MIR4523	17	27717679	27717748	+
MIR4524A	17	67095704	67095773	-
MIR4524B	17	67095682	67095797	+
MIR4525	17	80626108	80626183	-
MIR4526	18	13611112	13611199	+
MIR4527	18	44906866	44906936	+
MIR4527HG	18	44812094	45120918	+
MIR4528	18	50763470	50763560	+
MIR4529	18	53146451	53146529	+
MIR4530	19	39900262	39900318	-
MIR4531	19	45156955	45157002	-
MIR4533	20	59053168	59053239	+
MIR4534	22	38384800	38384860	+
MIR4535	22	49176106	49176165	+
MIR4536-1	X	55477927	55478015	-
MIR4536-2	X	55477927	55478015	+
MIR4537	14	106325211	106325722	-
MIR454	17	57215118	57215233	-
MIR4540	9	36864250	36864305	-
MIR455	9	116971713	116971809	+
MIR4632	1	12251769	12251830	+
MIR4633	5	128433380	128433459	+
MIR4634	5	174178736	174178790	+
MIR4635	5	1063010	1063089	-
MIR4636	5	9053927	9054007	-
MIR4637	5	14826037	14826121	-
MIR4638	5	180649565	180649633	-
MIR4639	6	16141786	16141855	+
MIR4640	6	30858659	30858749	+
MIR4641	6	41566460	41566526	+
MIR4642	6	44403377	44403459	+
MIR4643	6	92231377	92231455	+
MIR4644	6	170639848	170639932	+
MIR4645	6	2854264	2854341	-
MIR4646	6	31668805	31668868	-
MIR4647	6	44221942	44222022	-
MIR4648	7	2566707	2566779	+
MIR4649	7	44150447	44150511	+
MIR4650-1	7	66579308	72162949	-
MIR4650-2	7	66579308	72162949	-
MIR4651	7	75544514	75544587	+
MIR4652	7	93346239	93346317	+
MIR4653	7	100802753	100802836	+
MIR4654	1	162126896	162126972	+
MIR4655	7	1883815	1883889	-
MIR4656	7	4828195	4828270	-
MIR4657	7	44921346	44921399	-
MIR4658	7	99754227	99754292	-
MIR4659A	8	6602684	6602765	+
MIR4659B	8	6602688	6602761	-
MIR466	3	31203195	31203279	-
MIR4660	8	8905954	8906028	+
MIR4661	8	92217712	92217786	+
MIR4662A	8	125834226	125834293	+
MIR4662B	8	125834219	125834300	-
MIR4663	8	124228027	124228103	-
MIR4664	8	144815252	144815323	-
MIR4665	9	6007825	6007904	+
MIR4666A	1	228649774	228649853	+
MIR4666B	X	29592394	29592475	+
MIR4667	9	35608090	35608156	+
MIR4668	9	114694379	114694449	+
MIR4669	9	137271256	137271318	+
MIR4670	9	95290265	95290340	-
MIR4671	1	234442212	234442285	+
MIR4672	9	130631693	130631774	-
MIR4673	9	139414019	139414078	-
MIR4674	9	139440624	139440711	-
MIR4675	10	20840898	20840975	+
MIR4676	10	74480786	74480858	+
MIR4677	1	243509477	243509557	+
MIR4678	10	89263637	89263711	+
MIR4679-1	10	90823092	90823167	+
MIR4679-2	10	90823091	90823168	-
MIR4680	10	112657847	112657913	+
MIR4681	10	121137483	121137555	+
MIR4682	10	121718024	121718104	+
MIR4683	10	35930099	35930180	-
MIR4684	1	23046009	23046091	+
MIR4685	10	100191048	100191117	-
MIR4686	11	2194292	2194368	+
MIR4687	11	3877291	3877371	+
MIR4688	11	46397951	46398034	+
MIR4689	1	5922731	5922801	-
MIR4690	11	65403780	65403840	+
MIR4691	11	67801363	67801448	+
MIR4692	11	72494574	72494637	+
MIR4693	11	103720633	103720708	+
MIR4694	11	19781549	19781629	-
MIR4695	1	19209695	19209769	-
MIR4696	11	74431312	74431382	-
MIR4697	11	133768398	133768476	-
MIR4698	12	47581594	47581674	+
MIR4699	12	81552166	81552240	+
MIR4700	12	121160995	121161069	+
MIR4701	12	49165757	49165820	-
MIR4703	13	52126724	52126803	+
MIR4704	13	66792381	66792456	+
MIR4705	13	102698283	102698354	-
MIR4706	14	65511405	65511487	+
MIR4707	14	23426158	23426238	-
MIR4708	14	65801835	65801901	-
MIR4709	14	74946835	74946907	-
MIR4710	14	105144030	105144086	-
MIR4711	1	60198898	60198968	-
MIR4712	15	50652525	50652607	+
MIR4713	15	51534386	51534461	+
MIR4713HG	15	51329684	51586109	+
MIR4714	15	99327654	99327731	+
MIR4715	15	26093893	26093972	-
MIR4716	15	49461266	49461350	-
MIR4717	16	2324620	2324692	+
MIR4718	16	12814177	12814228	+
MIR4719	16	76902832	76902916	+
MIR4720	16	81418622	81418698	+
MIR4721	16	28855239	28855328	-
MIR4722	16	88782685	88782745	-
MIR4723	17	26687676	26687757	+
MIR4724	17	29861900	29861989	+
MIR4725	17	29902287	29902377	+
MIR4726	17	36875943	36876001	+
MIR4727	17	36982090	36982145	+
MIR4728	17	37882747	37882814	+
MIR4729	17	57443443	57443515	+
MIR4730	17	78393217	78393293	+
MIR4731	17	15154943	15155013	-
MIR4732	17	27188672	27188748	-
MIR4733	17	29421367	29421443	-
MIR4734	17	36858514	36858584	-
MIR4735	1	196551542	196551611	-
MIR4736	17	56413336	56413383	-
MIR4737	17	58120385	58120466	-
MIR4738	17	73780601	73780688	-
MIR4739	17	77680984	77681058	-
MIR4740	17	79374515	79374578	-
MIR4741	18	20513311	20513401	+
MIR4742	1	224585928	224586013	-
MIR4743	18	46196970	46197039	+
MIR4744	18	46576056	46576138	-
MIR4745	19	804939	805001	+
MIR4746	19	4445974	4446045	+
MIR4747	19	4932698	4932752	+
MIR4748	19	10890929	10891011	+
MIR4749	19	50357847	50357908	+
MIR4750	19	50391431	50391487	+
MIR4751	19	50436320	50436394	+
MIR4752	19	54785963	54786035	+
MIR4753	1	235353348	235353431	-
MIR4754	19	58898136	58898225	-
MIR4755	20	32636924	32636996	+
MIR4756	20	52684946	52685024	-
MIR4757	2	19548189	19548266	+
MIR4758	20	60907542	60907613	-
MIR4759	21	28326279	28326362	+
MIR4760	21	41584278	41584358	-
MIR4761	22	19951275	19951357	+
MIR4762	22	46156403	46156478	+
MIR4763	22	46509445	46509537	+
MIR4764	22	33832567	33832655	-
MIR4765	2	32860321	32860398	+
MIR4766	22	41209886	41209962	-
MIR4767	X	7065900	7065978	+
MIR4768	X	17444003	17444077	+
MIR4769	X	47446827	47446904	+
MIR4770	X	6301946	6302004	-
MIR4771-1	2	87421908	112528711	+
MIR4771-2	2	87421908	112528711	+
MIR4772	2	103048748	103048826	+
MIR4773-1	2	152224847	152224925	+
MIR4773-2	2	152224847	152224925	-
MIR4774	2	169439452	169439528	+
MIR4775	2	208619530	208619605	+
MIR4776-1	2	213790980	213791060	+
MIR4776-2	2	213790980	213791060	-
MIR4777	2	232227418	232227504	+
MIR4778	2	66585380	66585460	-
MIR4779	2	86420148	86420231	-
MIR4780	2	88382037	88382118	-
MIR4781	1	54519751	54519827	+
MIR4782	2	114478866	114478945	-
MIR4783	2	128181112	128181194	-
MIR4784	2	132248732	132248809	-
MIR4785	2	161264320	161264393	-
MIR4786	2	240882431	240882511	-
MIR4787	3	50712510	50712594	+
MIR4788	3	134156668	134156748	+
MIR4789	3	175087328	175087410	+
MIR4790	3	5291861	5291940	-
MIR4791	3	19356339	19356423	-
MIR4793	3	48681626	48681713	-
MIR4794	1	65045529	65045604	+
MIR4795	3	87275338	87275427	-
MIR4796	3	114462291	114462372	-
MIR4797	3	197020748	197020819	-
MIR4798	4	7312176	7312251	+
MIR4799	4	148703745	148703819	+
MIR4800	4	2251803	2251883	-
MIR4801	4	37243531	37243613	-
MIR4802	4	40504056	40504136	-
MIR4803	5	71465293	71465367	+
MIR4804	5	72174417	72174490	+
MIR483	11	2155363	2155439	-
MIR484	16	15737150	15737229	+
MIR485	14	101521755	101521828	+
MIR486-1	8	41517958	41518026	-
MIR486-2	8	41517961	41518025	+
MIR487A	14	101518782	101518862	+
MIR487B	14	101512791	101512875	+
MIR488	1	176998498	176998581	-
MIR489	7	93113247	93113331	-
MIR490	7	136587913	136588041	+
MIR491	9	20716103	20716187	+
MIR492	12	95228173	95228289	+
MIR493	14	101335396	101335485	+
MIR494	14	101495970	101496051	+
MIR495	14	101500091	101500173	+
MIR496	14	101526909	101527011	+
MIR497	17	6921229	6921341	-
MIR497HG	17	6919136	6922973	-
MIR498	19	54177450	54177574	+
MIR4999	19	8454173	8454264	-
MIR499A	20	33578178	33578300	+
MIR499B	20	33578202	33578275	-
MIR5000	2	75317938	75318041	+
MIR5001	2	233415183	233415283	-
MIR5002	3	123851775	123851872	+
MIR5003	5	172089167	172089266	+
MIR5004	6	33406107	33406214	+
MIR5006	13	42142421	42142531	-
MIR5007	13	55748588	55748683	+
MIR5008	1	228129290	228129384	-
MIR5009	15	90427162	90427262	-
MIR500A	X	49773038	49773122	+
MIR500B	X	49775279	49775358	+
MIR501	X	49774329	49774413	+
MIR5010	17	40666205	40666325	+
MIR5011	18	64748820	64748923	+
MIR502	X	49779205	49779291	+
MIR503	X	133680357	133680428	-
MIR503HG	X	133677406	133680660	-
MIR504	X	137749871	137749954	-
MIR5047	17	62497331	62497431	-
MIR505	X	139006306	139006390	-
MIR506	X	146312237	146312361	-
MIR507	X	146312501	146312595	-
MIR508	X	146318430	146318545	-
MIR5087	1	147806602	147806678	-
MIR5088	19	50185373	50185452	+
MIR5089	17	45050382	45050466	+
MIR509-1	X	146340277	146342143	-
MIR509-2	X	146340277	146342143	-
MIR509-3	X	146340282	146342133	-
MIR5090	7	102106188	102106273	+
MIR5091	4	13629488	13629581	+
MIR5092	3	124870308	124870396	-
MIR5093	16	85339831	85339931	-
MIR5094	15	90393868	90393953	-
MIR510	X	146353852	146353926	-
MIR5100	10	43493010	43493129	+
MIR511	10	17887106	18134122	+
MIR512-1	19	54169932	54172500	+
MIR512-2	19	54169926	54172508	+
MIR513A1	X	146294980	146295109	-
MIR513A2	X	146307343	146307470	-
MIR513B	X	146280561	146280645	-
MIR513C	X	146271221	146271305	-
MIR514A1	X	146360764	146360862	-
MIR514A2	X	146363460	146366246	-
MIR514A3	X	146363460	146366246	-
MIR514B	X	146331668	146331748	-
MIR515-1	19	54182256	54188345	+
MIR515-2	19	54182256	54188345	+
MIR516A1	19	54259994	54260084	+
MIR516A2	19	54264386	54264476	+
MIR516B1	19	54240098	54240188	+
MIR516B2	19	54228695	54228780	+
MIR517A	19	54215521	54215608	+
MIR517B	19	54224329	54224396	+
MIR517C	19	54244566	54244661	+
MIR5186	3	151283663	151283783	-
MIR5187	1	161196975	161197051	+
MIR5188	12	125400092	125400205	+
MIR5189	16	88535325	88535439	+
MIR518A1	19	54234259	54234344	+
MIR518A2	19	54242586	54242673	+
MIR518B	19	54205990	54206073	+
MIR518C	19	54211988	54212089	+
MIR518D	19	54238130	54238217	+
MIR518E	19	54233091	54233179	+
MIR518F	19	54203268	54203355	+
MIR5190	18	13459945	13460025	+
MIR5191	1	201688635	201688755	+
MIR5192	2	62432960	62433052	+
MIR5193	3	49843569	49843678	-
MIR5194	8	131020579	131020699	-
MIR5195	14	107259099	107259214	-
MIR5196	19	35836415	35836530	+
MIR5197	5	143059424	143059536	+
MIR519A1	19	54255650	54255735	+
MIR519A2	19	54265597	54265684	+
MIR519B	19	54198466	54198547	+
MIR519C	19	54189722	54189809	+
MIR519D	19	54216600	54216688	+
MIR519E	19	54183193	54183277	+
MIR520A	19	54194134	54194219	+
MIR520B	19	54204480	54204541	+
MIR520C	19	54210706	54210793	+
MIR520D	19	54223349	54223436	+
MIR520E	19	54178964	54179051	+
MIR520F	19	54185412	54185499	+
MIR520G	19	54225419	54225509	+
MIR520H	19	54245765	54245853	+
MIR521-1	19	54251889	54251976	+
MIR521-2	19	54219847	54219934	+
MIR522	19	54254464	54254551	+
MIR523	19	54201638	54201725	+
MIR524	19	54214255	54214342	+
MIR525	19	54200786	54200871	+
MIR526A1	19	54209505	54209590	+
MIR526A2	19	54230175	54230240	+
MIR526B	19	54197646	54197729	+
MIR527	19	54257271	54257356	+
MIR532	X	49767753	49767844	+
MIR539	14	101513657	101513735	+
MIR541	14	101530831	101530915	+
MIR542	X	133675370	133675467	-
MIR543	14	101498323	101498401	+
MIR544A	14	101514994	101515085	+
MIR544B	3	124451285	124451363	+
MIR545	X	73506938	73507044	-
MIR548A1	6	18572014	18572111	+
MIR548A1HG	6	18522977	18723129	+
MIR548A2	6	135560297	135560394	+
MIR548A3	8	105496596	105496693	-
MIR548AA1	8	124360273	124360370	+
MIR548AA2	17	65467604	65467701	+
MIR548AB	3	103242876	103242960	-
MIR548AC	1	117102645	117102733	-
MIR548AD	2	35696470	35696552	+
MIR548AE1	2	185243701	185243771	+
MIR548AE2	5	57825869	57825936	-
MIR548AG1	4	61788336	61788402	+
MIR548AG2	20	59139619	59139683	+
MIR548AH	4	77496703	77496779	+
MIR548AI	6	99572484	99572572	+
MIR548AJ1	6	132436331	132436403	-
MIR548AJ2	X	37883147	37883239	-
MIR548AK	10	12172758	12172815	-
MIR548AL	11	74110281	74110378	+
MIR548AM	X	16645134	16645208	-
MIR548AN	X	105883043	105883126	+
MIR548AO	8	41128566	41128662	-
MIR548AP	15	86368865	86368961	+
MIR548AR	13	115009979	115010036	+
MIR548AS	13	93142415	93142473	+
MIR548AT	17	40646790	40646848	+
MIR548AV	18	70520555	70520617	-
MIR548AW	9	135821093	135821158	+
MIR548AX	X	11336733	11336806	-
MIR548AY	3	32547774	32547881	-
MIR548AZ	8	120337410	120337505	+
MIR548B	6	119390211	119390308	-
MIR548BA	2	49286741	49286797	+
MIR548BB	3	60603537	60603603	-
MIR548BC	17	37453652	37453762	+
MIR548C	12	65016288	65016385	+
MIR548D1	8	124360273	124360370	-
MIR548D2	17	65467606	65467701	-
MIR548E	10	112748683	112748771	+
MIR548F1	10	56367633	56367717	-
MIR548F2	2	213290986	213291084	-
MIR548F4	7	147075108	147075213	-
MIR548F5	X	32659590	32659676	-
MIR548G	4	148265780	148265869	-
MIR548H1	14	64561741	64561843	-
MIR548H2	16	11400296	11400384	-
MIR548H3	17	13446845	13446963	-
MIR548H4	8	26906369	26906480	-
MIR548H5	6	132113311	132113371	+
MIR548I1	3	125509246	125509395	-
MIR548I2	4	9557788	9557937	-
MIR548I3	8	7946462	7946611	-
MIR548I4	X	83480759	83480836	-
MIR548J	22	26951177	26951289	-
MIR548K	11	70130060	70130176	+
MIR548L	11	94199660	94199746	-
MIR548M	X	94318139	94318225	-
MIR548O	7	102046188	102046302	-
MIR548O2	20	37145205	37145275	+
MIR548P	5	100152185	100152269	-
MIR548Q	10	12767252	12767352	-
MIR548S	2	11907569	11907651	+
MIR548T	4	174189310	174189384	+
MIR548U	6	57254929	57255010	+
MIR548V	8	17539086	17539166	-
MIR548W	16	26036557	26036631	+
MIR548X	21	20058407	20058482	-
MIR548X2	13	66540461	66540561	-
MIR548XHG	21	19933582	20132130	-
MIR548Y	14	48230197	48230307	-
MIR548Z	12	65016288	65016385	-
MIR549A	15	81134318	81134414	-
MIR550A1	7	30329409	30329506	+
MIR550A2	7	32772592	32772689	+
MIR550A3	7	29720349	29720444	-
MIR550B1	7	30329409	30329506	-
MIR550B2	7	32772592	32772689	-
MIR551A	1	3477259	3477354	-
MIR551B	3	168269641	168269737	+
MIR552	1	35135199	35135295	-
MIR553	1	100746796	100746864	+
MIR554	1	151518271	151518367	+
MIR555	1	155316140	155316236	-
MIR556	1	162312335	162312430	+
MIR557	1	168344761	168344859	+
MIR5571	22	23228446	23228559	+
MIR5572	15	80873443	80873580	+
MIR5579	11	79133212	79133270	-
MIR558	2	32757219	32757313	+
MIR5580	14	54415144	54415202	-
MIR5581	1	37966535	37966595	-
MIR5582	11	46774674	46774742	-
MIR5583-1	18	37256684	37256743	+
MIR5583-2	18	37256682	37256741	-
MIR5584	1	45011164	45011224	+
MIR5585	1	32552549	32552608	+
MIR5586	14	60113679	60113738	-
MIR5587	16	585315	585368	+
MIR5588	3	184970997	184971060	-
MIR5589	19	10149029	10149089	+
MIR559	2	47604813	47604909	+
MIR5590	2	135615389	135615443	+
MIR5591	4	39413529	39413594	+
MIR561	2	189162218	189162315	+
MIR562	2	233037362	233037457	+
MIR563	3	15915277	15915356	+
MIR564	3	44903379	44903473	+
MIR567	3	111831647	111831745	+
MIR568	3	114035321	114035416	-
MIR5680	8	103137659	103137743	+
MIR5681A	8	75460777	75460852	+
MIR5681B	8	75460784	75460844	-
MIR5682	3	120768486	120768562	+
MIR5683	6	6169566	6169642	+
MIR5684	19	12897941	12898006	+
MIR5685	6	53141790	53141869	+
MIR5687	5	54804677	54804754	-
MIR5688	3	85434859	85434942	+
MIR5689	6	10439949	10440027	+
MIR5689HG	6	10434561	10457012	+
MIR569	3	170824452	170824548	-
MIR5690	6	35632493	35632566	-
MIR5691	11	9111858	9111926	-
MIR5692B	21	44371037	44371124	-
MIR5692C1	5	135138673	135138764	-
MIR5692C2	7	97593716	97593793	-
MIR5693	13	51922702	51922775	-
MIR5694	14	67908571	67908647	-
MIR5695	19	13031133	13031218	+
MIR5696	2	101925911	101925996	+
MIR5697	1	10027438	10027516	+
MIR5698	1	154076996	154077068	-
MIR5699	10	687628	687718	-
MIR570	3	195426271	195426368	+
MIR5700	12	94955564	94955635	+
MIR5701-1	15	21145580	22156847	+
MIR5701-2	15	21145580	22156847	+
MIR5701-3	15	21145580	22156847	+
MIR5702	2	227523425	227523509	-
MIR5703	2	228336847	228336903	+
MIR5704	3	131704698	131704775	-
MIR5705	4	88221646	88221735	-
MIR5706	5	118490331	118490411	+
MIR5707	7	158384307	158384388	+
MIR5708	8	81153623	81153708	+
MIR570HG	3	195415368	195438746	+
MIR571	4	343945	344041	+
MIR572	4	11370450	11370545	+
MIR573	4	24521814	24521913	-
MIR5739	22	28855856	28855936	+
MIR574	4	38869652	38869748	+
MIR575	4	83674489	83674583	-
MIR576	4	110409853	110409951	+
MIR577	4	115577914	115578010	+
MIR578	4	166307393	166307489	+
MIR5787	3	50264867	50264922	+
MIR579	5	32394483	32394581	-
MIR580	5	36147993	36148090	-
MIR581	5	53247333	53247429	-
MIR582	5	58999431	58999529	-
MIR583	5	95414841	95414916	+
MIR584	5	148441875	148441972	-
MIR585	5	168690604	168690698	-
MIR586	6	45165410	45165507	-
MIR587	6	107231999	107232095	+
MIR588	6	126805776	126805859	+
MIR589	7	5535449	5535548	-
MIR590	7	73605527	73605624	+
MIR591	7	95848973	95849068	-
MIR592	7	126698141	126698238	-
MIR593	7	127721912	127722012	+
MIR595	7	158325409	158325505	-
MIR596	8	1765396	1765473	+
MIR597	8	9599181	9599278	+
MIR598	8	10892715	10892812	-
MIR599	8	100548863	100548958	-
MIR600	9	125873824	125873922	-
MIR600HG	9	125871772	125877756	-
MIR601	9	126164803	126164882	-
MIR602	9	140732870	140732968	+
MIR603	10	24564613	24564710	+
MIR604	10	29833932	29834026	-
MIR605	10	53059332	53059415	+
MIR606	10	77312215	77312311	+
MIR6068	1	63792595	63792655	-
MIR6069	22	35732713	35732792	-
MIR607	10	98588425	98588521	-
MIR6070	21	45029767	45029870	-
MIR6071	2	86010722	86010800	-
MIR6072	10	2118212	2118283	-
MIR6073	11	15991078	15991167	-
MIR6074	12	66417399	66417506	-
MIR6075	5	1510876	1510971	-
MIR6076	14	50433116	50433229	+
MIR6077	1	143672920	147860515	+
MIR6078	10	4033351	4033451	+
MIR6079	1	44304293	44304355	+
MIR608	10	102734741	102734841	+
MIR6080	17	62776876	62776942	+
MIR6081	9	97827631	97827728	+
MIR6082	4	172107334	172107443	+
MIR6083	3	124093178	124093284	+
MIR6084	1	20960171	20960281	+
MIR6085	15	62635227	62635337	+
MIR6086	X	13608410	13608465	+
MIR6088	19	45939911	45939962	+
MIR609	10	105978546	105978641	-
MIR6090	11	128392284	128392344	+
MIR610	11	28078361	28078457	+
MIR611	11	61559966	61560033	-
MIR612	11	65211928	65212028	+
MIR6124	11	12185229	12185314	+
MIR6125	12	62654139	62654235	+
MIR6126	16	3535380	3535469	-
MIR6127	1	22959750	22959859	-
MIR6128	11	56511348	56511457	+
MIR6129	17	47365707	47365816	-
MIR613	12	12917582	12917677	+
MIR6130	21	24451605	24451714	+
MIR6131	5	10478148	10478257	+
MIR6132	7	116660264	116660373	+
MIR6133	7	132975634	132975742	+
MIR6134	X	28513671	28513780	-
MIR614	12	13068762	13068852	+
MIR615	12	54427733	54427829	+
MIR616	12	57912947	57913042	-
MIR6165	17	47588178	47588262	+
MIR617	12	81226311	81226408	-
MIR618	12	81329514	81329612	-
MIR619	12	109230683	109230782	-
MIR620	12	116586364	116586459	-
MIR621	13	41384901	41384997	+
MIR622	13	90883435	90883531	+
MIR623	13	100008384	100008482	+
MIR624	14	31483851	31483948	-
MIR625	14	65937819	65937904	+
MIR626	15	41983782	41983876	+
MIR627	15	42491767	42491864	-
MIR628	15	55665137	55665232	-
MIR629	15	70371710	70371807	-
MIR630	15	72879557	72879654	+
MIR631	15	75645951	75646026	-
MIR632	17	30677127	30677221	+
MIR633	17	61021575	61021673	+
MIR634	17	64783189	64783286	+
MIR635	17	66420591	66420689	-
MIR636	17	74732531	74732630	-
MIR637	19	3961411	3961510	-
MIR638	19	10829079	10829179	+
MIR639	19	14640354	14640452	+
MIR640	19	19545871	19545967	+
MIR641	19	40788449	40788548	-
MIR642A	19	46178185	46178282	+
MIR642B	19	46178189	46178266	-
MIR643	19	52785049	52785143	+
MIR644A	20	33054129	33054223	+
MIR645	20	49202322	49202416	+
MIR646	20	58883531	58883625	+
MIR646HG	20	58713547	58897314	+
MIR647	20	62573983	62574079	-
MIR648	22	18463633	18463727	-
MIR649	22	21388464	21388561	-
MIR6499	5	150901647	150901709	-
MIR650	22	23165269	23165365	+
MIR6500	1	51525689	51525775	+
MIR6501	21	34922967	34923034	+
MIR6502	12	66644861	66644937	+
MIR6503	11	59976543	59976629	-
MIR6504	16	81644952	81645013	+
MIR6505	12	48526579	48526650	+
MIR6506	16	15704886	15704952	-
MIR6507	10	100684255	100684325	-
MIR6508	21	40818935	40818995	+
MIR6509	7	134891746	134891830	-
MIR651	X	8095005	8095102	+
MIR6510	17	39673415	39673469	-
MIR6511A1	16	15019793	18437936	+
MIR6511A2	16	15019793	18437936	+
MIR6511A3	16	15019793	18437936	+
MIR6511A4	16	15019793	18437936	+
MIR6511B1	16	2156669	15228007	-
MIR6511B2	16	2156678	15228002	-
MIR6512	2	178178533	178178610	-
MIR6513	2	219144847	219144911	-
MIR6514	11	62560173	62560243	-
MIR6515	19	13051297	13051354	+
MIR6516	17	75085498	75085579	+
MIR652	X	109298556	109298654	+
MIR6529	3	119803410	119803495	-
MIR653	7	93112071	93112167	-
MIR654	14	101506555	101506636	+
MIR655	14	101515886	101515983	+
MIR656	14	101533060	101533138	+
MIR657	17	79099075	79099173	-
MIR658	22	38240278	38240378	-
MIR659	22	38243684	38243781	-
MIR660	X	49777848	49777945	+
MIR661	8	145019358	145019447	-
MIR662	16	820182	820277	+
MIR663A	20	26188821	26188914	-
MIR663AHG	20	26167654	26189869	-
MIR663B	2	133014538	133014653	-
MIR664A	1	220373883	220373961	-
MIR664B	X	153996870	153996931	+
MIR665	14	101341369	101341441	+
MIR668	14	101521594	101521660	+
MIR670	11	43581205	43581303	+
MIR670HG	11	43590855	43591950	+
MIR671	7	150935506	150935624	+
MIR6715A	10	114059369	114059448	+
MIR6715B	10	114059369	114059446	-
MIR6716	11	118514717	118514797	+
MIR6717	14	21491472	21491545	-
MIR6718	18	3885352	3885432	+
MIR6719	19	40320355	40320442	-
MIR6720	6	1390548	1390646	-
MIR6721	6	32137806	32137893	-
MIR6722	9	139641344	139641422	-
MIR6726	1	1231489	1231550	-
MIR6727	1	1247881	1247946	-
MIR6728	1	8926560	8926649	-
MIR6729	1	12089214	12089279	+
MIR6731	1	25245835	25245907	-
MIR6732	1	37945830	37945890	+
MIR6733	1	43637322	43637383	-
MIR6734	1	43830318	43830386	-
MIR6735	1	43914209	43914282	+
MIR6736	1	145584422	145584481	+
MIR6737	1	153934826	153934896	-
MIR6738	1	155921063	155921127	-
MIR6739	1	201832500	201832575	+
MIR6740	1	201972251	201972364	+
MIR6741	1	226109779	226109842	-
MIR6742	1	228584748	228584810	-
MIR6743	11	209335	209406	+
MIR6744	11	1277834	1277900	+
MIR6745	11	47201161	47201288	-
MIR6746	11	61645687	61645750	-
MIR6747	11	62334482	62334543	-
MIR6748	11	62557286	62557357	+
MIR6749	11	64669858	64669927	-
MIR675	11	2017988	2018061	-
MIR6750	11	64665834	64665909	-
MIR6751	11	64897387	64897450	-
MIR6752	11	67257715	67257786	+
MIR6753	11	67812260	67812424	+
MIR6754	11	71184548	71184614	+
MIR6755	11	85989374	85989440	+
MIR6756	11	119183659	119183722	-
MIR6757	12	53450727	53450796	+
MIR6758	12	57906470	57906533	+
MIR6759	12	58142400	58142465	-
MIR676	X	69242706	69242773	+
MIR6760	12	111741945	111742013	+
MIR6761	12	112237637	112237709	+
MIR6762	12	113729327	113729413	+
MIR6763	12	133158582	133158647	+
MIR6764	14	100743693	100743754	+
MIR6765	14	105617114	105617201	-
MIR6766	15	89869969	89870041	-
MIR6767	16	2495392	2495458	+
MIR6768	16	2513967	2514039	+
MIR6769A	16	4721318	4721391	+
MIR6769B	1	206648145	206648207	+
MIR6770-1	16	15024676	18473267	+
MIR6770-2	16	15024676	18473267	+
MIR6770-3	16	15024676	18473267	+
MIR6771	16	50326526	50326586	+
MIR6772	16	57806200	57806264	-
MIR6773	16	68267328	68267402	-
MIR6774	16	85951952	85952022	+
MIR6775	16	87868197	87868266	-
MIR6776	17	2596154	2596213	-
MIR6777	17	17716793	17716859	-
MIR6778	17	18244127	18244200	-
MIR6779	17	37071231	37071295	+
MIR6780A	17	40860101	40860169	-
MIR6780B	6	43402279	43402358	+
MIR6781	17	40975897	40975961	-
MIR6782	17	42285138	42285207	-
MIR6783	17	43011985	43012049	-
MIR6784	17	43191734	43191801	-
MIR6785	17	73494628	73494709	+
MIR6786	17	79660786	79660899	+
MIR6787	17	80194543	80194604	+
MIR6788	18	10759581	10759647	-
MIR6789	19	2235827	2235925	-
MIR6790	19	6392931	6392994	-
MIR6791	19	6736722	6736789	-
MIR6792	19	7682324	7682391	+
MIR6793	19	10939648	10939711	+
MIR6794	19	12963073	12963141	+
MIR6795	19	15290093	15290161	-
MIR6796	19	40875752	40875814	+
MIR6797	19	42373696	42373768	+
MIR6798	19	49513162	49513229	+
MIR6799	19	50295122	50295191	+
MIR6800	19	50335274	50335356	+
MIR6801	19	52725272	52725351	+
MIR6802	19	55751279	55751344	-
MIR6803	19	55756553	55756618	-
MIR6804	19	55742252	55742320	-
MIR6805	19	55899548	55899610	+
MIR6806	19	58846053	58846117	+
MIR6807	19	59061651	59061743	+
MIR6808	1	1275029	1275088	-
MIR6809	2	218765235	218765351	-
MIR6810	2	219206633	219206703	+
MIR6811	2	238419573	238419631	+
MIR6812	20	44054149	44054213	+
MIR6813	20	62708307	62708363	-
MIR6814	21	43166931	43167001	-
MIR6815	21	46898179	46898240	+
MIR6816	22	20102208	20102274	-
MIR6817	22	25851612	25851678	+
MIR6818	22	30403037	30403102	+
MIR6819	22	36682892	36682953	-
MIR6820	22	38363569	38363631	+
MIR6821	22	50356513	50356587	+
MIR6822	3	39179696	39179757	+
MIR6823	3	48587393	48587454	-
MIR6824	3	48671068	48671131	-
MIR6825	3	127294108	127294174	-
MIR6826	3	128990988	128991086	+
MIR6827	3	134086645	134086704	-
MIR6828	3	170140890	170140950	+
MIR6829	3	195609199	195609266	-
MIR6830	5	131553541	131553611	-
MIR6831	5	139943255	139943336	-
MIR6832	6	31601563	31601635	+
MIR6833	6	32147592	32147653	+
MIR6834	6	33258021	33258102	+
MIR6835	6	34208449	34208513	+
MIR6836	7	2297149	2297212	-
MIR6837	7	44091364	44091428	+
MIR6838	7	44112976	44113032	-
MIR6839	7	64139441	64139554	+
MIR6840	7	99954273	99954344	+
MIR6841	8	24811309	24811381	-
MIR6842	8	27290886	27290951	+
MIR6843	8	27468117	27468268	-
MIR6844	8	125520755	125520817	-
MIR6845	8	144919927	144919988	-
MIR6846	8	145112223	145112283	-
MIR6847	8	145134776	145134845	+
MIR6848	8	145540908	145540978	-
MIR6849	8	145625670	145625739	-
MIR6850	8	146017315	146017376	-
MIR6851	9	33467866	33467933	-
MIR6852	9	35710672	35710738	-
MIR6853	9	35732918	35732992	+
MIR6854	9	100991430	100991499	-
MIR6855	9	132631883	132631950	+
MIR6856	9	133501683	133501750	+
MIR6857	X	53432604	53432697	-
MIR6858	X	153678667	153678734	+
MIR6860	11	66813113	66813179	+
MIR6861	12	112601061	112601125	-
MIR6862-1	16	28402302	28735642	-
MIR6862-2	16	28402302	28735642	-
MIR6863	16	56938175	56938265	+
MIR6864	17	4872996	4873066	-
MIR6865	17	4873380	4873445	-
MIR6866	17	38318185	38318254	+
MIR6867	17	38349848	38349915	+
MIR6868	17	74094099	74094157	-
MIR6869	20	1373543	1373605	-
MIR6870	20	10630283	10630343	-
MIR6871	20	39797662	39797718	+
MIR6872	3	50310666	50310728	+
MIR6873	6	33255003	33255066	-
MIR6874	7	5751470	5751541	-
MIR6875	7	100465657	100465729	+
MIR6876	8	25202917	25202990	+
MIR6877	9	135927382	135927446	+
MIR6878	1	150464820	150464886	+
MIR6879	11	64785976	64786042	+
MIR6880	12	124821726	124821788	-
MIR6881	15	74703697	74703773	-
MIR6882	15	75132982	75133048	-
MIR6883	17	8048311	8048389	-
MIR6884	17	38182584	38182662	-
MIR6885	19	6389648	6389714	-
MIR6886	19	11224149	11224210	+
MIR6887	19	35613603	35613668	+
MIR6888	2	160043345	160043412	+
MIR6889	22	41648995	41649054	-
MIR6890	3	49137286	49137347	-
MIR6891	6	30229276	31323093	+
MIR6892	7	143079778	143079893	+
MIR6893	8	145660933	145661002	-
MIR6894	X	53228070	53228127	-
MIR6895	X	53224592	53224670	-
MIR7-1	9	86584662	86584772	-
MIR7-2	15	89155055	89155165	+
MIR7-3	19	4770681	4770791	+
MIR7-3HG	19	4769116	4772568	+
MIR708	11	79113065	79113153	-
MIR7106	12	113596917	113596982	-
MIR7107	12	121882075	121882155	-
MIR7108	19	2434911	2434998	-
MIR7109	22	32017452	32017517	-
MIR711	3	48616334	48616410	-
MIR7110	3	122880640	122880726	+
MIR7111	6	35438284	35438356	+
MIR7112	8	145317575	145486693	-
MIR7113	11	67800330	67800389	+
MIR7114	9	140344477	140344538	-
MIR7150	9	126247807	126247901	-
MIR7151	10	69163108	69163168	-
MIR7152	10	73550503	73550557	+
MIR7153	18	11654883	11654940	-
MIR7154	11	45713253	45713326	-
MIR7155	11	64109320	64109376	-
MIR7156	1	77525827	77525887	+
MIR7157	2	141344194	141344254	-
MIR7158	2	6114793	6114864	+
MIR7159	6	33866911	33866977	+
MIR7160	8	2024668	2024720	+
MIR7161	6	159030738	159030822	+
MIR7162	10	30657525	30657594	-
MIR718	X	153285370	153285440	-
MIR744	17	11985215	11985313	+
MIR7515	2	6790504	6790571	+
MIR7515HG	2	6789238	6790651	-
MIR758	14	101492356	101492444	+
MIR759	13	53384184	53384275	+
MIR760	1	94312387	94312467	+
MIR761	1	52302015	52302074	-
MIR762	16	30905223	30905306	+
MIR762HG	16	30886780	30906539	+
MIR764	X	113873917	113874002	+
MIR765	1	156905922	156906036	-
MIR766	X	118780700	118780811	-
MIR767	X	151561892	151562001	-
MIR769	19	46522189	46522307	+
MIR770	14	101318726	101318824	+
MIR7702	9	114033435	114033494	-
MIR7703	14	24612697	24612774	-
MIR7704	2	177053570	177053629	+
MIR7705	8	101715195	101715252	-
MIR7706	15	85923826	85923893	+
MIR7843	14	72983527	72983606	+
MIR7844	12	94965006	94965128	-
MIR7845	2	208031123	208031222	+
MIR7846	1	12226999	12227095	+
MIR7847	11	1901274	1901377	+
MIR7848	8	134058725	134058826	-
MIR7849	4	147329734	147329840	+
MIR7850	19	2630712	2630791	+
MIR7851	12	42717501	42717661	-
MIR7852	1	108439844	108439926	+
MIR7853	6	6169536	6169668	-
MIR7854	16	81567506	81567571	+
MIR7855	14	65252343	65252404	-
MIR7856	1	86823314	86823370	-
MIR7973-1	15	51606230	51606306	+
MIR7973-2	15	51606228	51606304	-
MIR7974	19	11606358	11606437	-
MIR7975	19	55634592	55634660	-
MIR7976	3	127305953	127306019	-
MIR7977	3	176232890	176232939	+
MIR7978	4	21466322	21466381	-
MIR802	21	37093012	37093106	+
MIR8052	11	130536629	130536698	+
MIR8053	4	47654685	47654758	+
MIR8054	11	23440650	23440736	-
MIR8055	8	6479644	6479741	-
MIR8056	5	172774457	172774539	+
MIR8057	18	24171430	24171499	-
MIR8058	16	82722535	82722624	+
MIR8059	17	48846010	48846091	+
MIR8060	3	96078807	96078883	+
MIR8061	19	55156759	55156834	+
MIR8062	20	7352254	7352339	+
MIR8063	15	37265021	37265102	-
MIR8064	3	52880478	52880568	-
MIR8065	16	5682467	5682567	+
MIR8066	4	102161951	102162029	-
MIR8067	15	62596856	62596933	-
MIR8068	11	28499027	28499095	-
MIR8069-1	21	15096509	15096595	+
MIR8069-2	21	15096509	15096595	+
MIR8070	11	11804681	11804769	-
MIR8071-1	14	106087452	106106569	+
MIR8071-2	14	106087452	106106569	+
MIR8072	12	123849310	123849390	-
MIR8073	13	110993304	110993376	+
MIR8074	19	51710184	51710265	-
MIR8075	13	113917233	113917313	+
MIR8076	3	113150964	113151047	-
MIR8077	19	42855282	42855357	+
MIR8078	18	112255	112339	-
MIR8079	13	44770264	44770336	-
MIR8080	2	80093620	80093709	-
MIR8081	9	109363208	109363303	+
MIR8082	4	114073437	114073518	+
MIR8083	1	153662180	153662269	-
MIR8084	8	94041978	94042067	+
MIR8085	19	45261913	45261978	+
MIR8086	10	28578186	28578279	-
MIR8087	11	27536516	27536594	-
MIR8088	X	52079698	52079784	-
MIR8089	5	180470402	180470484	-
MIR8485	2	50923309	50923400	-
MIR873	9	28888876	28888953	-
MIR874	5	136983260	136983338	-
MIR875	8	100549013	100549089	-
MIR876	9	28863623	28863704	-
MIR877	6	30552108	30552194	+
MIR885	3	10436172	10436246	-
MIR887	5	15935290	15935369	+
MIR888	X	145076301	145076378	-
MIR889	14	101514237	101514316	+
MIR890	X	145075792	145075869	-
MIR891A	X	145109311	145109390	-
MIR891B	X	145082570	145082649	-
MIR892A	X	145078186	145078261	-
MIR892B	X	145078715	145078792	-
MIR892C	X	145074267	145074344	-
MIR9-1	1	156390132	156390221	-
MIR9-1HG	1	156374043	156399340	-
MIR9-2	5	87962670	87962757	-
MIR9-3	15	89911247	89911337	+
MIR9-3HG	15	89904809	89941718	+
MIR920	12	24365354	24365429	+
MIR921	1	166123979	166124035	-
MIR922	3	197401366	197401447	-
MIR924	18	37202086	37202139	-
MIR924HG	18	36786887	37331959	-
MIR92A1	13	92003567	92003645	+
MIR92A2	X	133303567	133303642	-
MIR92B	1	155164967	155165063	+
MIR93	7	99691390	99691470	-
MIR933	2	176032360	176032437	-
MIR934	X	135633036	135633119	+
MIR935	19	54485560	54485651	+
MIR936	10	105807846	105807944	-
MIR937	8	144895126	144895212	-
MIR938	10	29891192	29891275	-
MIR939	8	145619363	145619445	-
MIR940	16	2321747	2321841	+
MIR941-1	20	62550801	62551124	+
MIR941-2	20	62550913	62551292	+
MIR941-3	20	62550913	62551292	+
MIR941-4	20	62550913	62551292	+
MIR941-5	20	62550913	62551292	+
MIR942	1	117637264	117637350	+
MIR943	4	1988110	1988204	-
MIR944	3	189547710	189547798	+
MIR95	4	8007027	8007108	-
MIR9500	2	219687812	219687877	+
MIR96	7	129414531	129414609	-
MIR9718	14	61115365	61115429	+
MIR98	X	53583183	53583302	-
MIR9851	10	118586998	118587079	-
MIR9898	12	53292672	53292768	-
MIR9899	2	150186791	150186887	-
MIR9900	3	112455935	112456028	+
MIR9901	16	33966044	33966140	+
MIR9902-1	12	123180453	123193971	-
MIR9902-2	12	123180453	123193971	-
MIR9903	8	99405872	99405966	-
MIR9983	6	39042089	39042157	+
MIR9985	Y	4474160	4474269	+
MIR9986	2	133191283	133191393	+
MIR99A	21	17911408	17911489	+
MIR99AHG	21	17442807	18004046	+
MIR99B	19	52195864	52195934	+
MIRLET7A1	9	96938238	96938318	+
MIRLET7A2	11	122017229	122017301	-
MIRLET7A3	22	46508628	46508702	+
MIRLET7B	22	46509565	46509648	+
MIRLET7BHG	22	46481876	46509808	+
MIRLET7C	21	17912147	17912231	+
MIRLET7D	9	96941115	96941202	+
MIRLET7E	19	52196038	52196117	+
MIRLET7F1	9	96938628	96938715	+
MIRLET7F2	X	53584152	53584235	-
MIRLET7G	3	52302293	52302377	-
MIRLET7I	12	62997465	62997549	+
MIS12	17	5389693	5394130	+
MIS18A	21	33640539	33651360	-
MIS18BP1	14	45672392	45722405	-
MISP	19	751111	764318	+
MISP3	19	14183597	14185874	+
MITD1	2	99785725	99797524	-
MITF	3	69788614	70017483	+
MIXL1	1	226411364	226414761	+
MKI67	10	129894924	129924687	-
MKKS	20	10381656	10414870	-
MKLN1	7	130794852	131181391	+
MKLN1-AS	7	130994502	131012538	-
MKNK1	1	47023078	47069940	-
MKNK1-AS1	1	47004367	47035927	+
MKNK2	19	2037469	2051243	-
MKRN1	7	140152832	140179369	-
MKRN2	3	12598512	12625210	+
MKRN2OS	3	12581277	12602498	-
MKRN3	15	23810820	23813191	+
MKRN7P	20	45092298	45093931	-
MKRN9P	12	88176662	88178488	-
MKS1	17	56282796	56296966	-
MKX	10	27961802	28034748	-
MKX-AS1	10	28033543	28056728	+
MLANA	9	5890888	5910606	+
MLC1	22	50497819	50524304	-
MLEC	12	121124951	121139667	+
MLF1	3	158288982	158324245	+
MLF2	12	6857157	6862307	-
MLH1	3	37034840	37092337	+
MLH3	14	75480477	75518170	-
MLIP	6	53883713	54131078	+
MLIP-AS1	6	53911616	53912392	-
MLIP-IT1	6	53863687	53871950	+
MLKL	16	74705752	74734760	-
MLLT1	19	6210391	6279986	-
MLLT10	10	21822277	22032559	+
MLLT10P1	20	29637583	29638138	-
MLLT11	1	151032872	151042020	+
MLLT3	9	20341666	20622498	-
MLLT6	17	36861525	36886033	+
MLN	6	33762449	33771780	-
MLNR	13	49794473	49796513	+
MLPH	2	238395052	238463965	+
MLST8	16	2255454	2259454	+
MLX	17	40719077	40725221	+
MLXIP	12	122516661	122631889	+
MLXIPL	7	73007531	73038852	-
MLYCD	16	83932719	83960636	+
MMAA	4	146540536	146581185	+
MMAB	12	109991519	110011309	-
MMACHC	1	45965971	45979054	+
MMADHC	2	150426150	150444289	-
MMADHC-DT	2	150443871	150704748	+
MMD	17	53469982	53499196	-
MMD2	7	4931875	4998818	-
MME	3	154741912	154901518	+
MMEL1	1	2522078	2564455	-
MMGT1	X	135042746	135056147	-
MMP1	11	102660649	102668891	-
MMP10	11	102641232	102651359	-
MMP11	22	24115035	24126503	+
MMP12	11	102733473	102745712	-
MMP13	11	102813723	102826461	-
MMP14	14	23305793	23316967	+
MMP15	16	58059657	58080804	+
MMP16	8	89044241	89339712	-
MMP17	12	132312937	132336316	+
MMP19	12	56229219	56236720	-
MMP2	16	55512741	55540603	+
MMP2-AS1	16	55460708	55496209	-
MMP20	11	102447564	102496063	-
MMP21	10	127455025	127464390	-
MMP23A	1	1568158	1633247	+
MMP23B	1	1567551	1570030	+
MMP24	20	33814492	33864801	+
MMP24-AS1-EDEM2	20	33703166	33865925	-
MMP24OS	20	33864156	33865925	-
MMP25	16	3096561	3110724	+
MMP25-AS1	16	3102125	3109371	-
MMP26	11	4726013	5013659	+
MMP27	11	102562217	102576500	-
MMP28	17	34083267	34122645	-
MMP3	11	102706531	102714340	-
MMP7	11	102391238	102401478	-
MMP8	11	102582526	102595685	-
MMP9	20	44637546	44645200	+
MMRN1	4	90800661	90875761	+
MMRN2	10	88695297	88717372	-
MMS19	10	99218080	99258551	-
MMS22L	6	97590036	97731092	-
MMUT	6	49398072	49430966	-
MN1	22	28144264	28197744	-
MNAT1	14	61201478	61436682	+
MND1	4	154265800	154336270	+
MNDA	1	158801140	158819292	+
MNS1	15	56720922	56757335	-
MNT	17	2287366	2304354	-
MNX1	7	156797546	156803357	-
MNX1-AS1	7	156803550	156809118	+
MNX1-AS2	7	156799000	156799812	+
MOAP1	14	93648545	93651242	-
MOB1A	2	74379654	74406006	-
MOB1B	4	71768085	71853885	+
MOB2	11	1490677	1508009	-
MOB3A	19	2071034	2096325	-
MOB3B	9	27325206	27529812	-
MOB3C	1	47073386	47082563	-
MOB4	2	198380277	198418423	+
MOBP	3	39509170	39570988	+
MOCOS	18	33767459	33852120	+
MOCS1	6	39871945	39902201	-
MOCS2	5	52391508	52405587	-
MOCS3	20	49575354	49580466	+
MOG	6	29624868	29640142	+
MOGAT1	2	223536376	223574649	+
MOGAT2	11	75428882	75443997	+
MOGAT3	7	100838288	100844317	-
MOGS	2	74688183	74692509	-
MOK	14	102690777	102771501	-
MON1A	3	49946301	49967445	-
MON1B	16	77225086	77236295	+
MON2	12	62860605	62994256	+
MORC1	3	108677094	108836981	-
MORC1-AS1	3	108820302	108829187	+
MORC2	22	31321116	31364760	-
MORC2-AS1	22	31318294	31322640	+
MORC3	21	37692486	37748944	+
MORC4	X	106183967	106243442	-
MORF4L1	15	79165122	79190481	+
MORF4L2	X	102930425	102943086	-
MORF4L2-AS1	X	102942211	102947484	+
MORN1	1	2252691	2322993	-
MORN2	2	39103102	39109850	+
MORN3	12	122086647	122110550	-
MORN4	10	99374309	99393913	-
MORN5	9	124922186	124962367	+
MOS	8	57025500	57026541	-
MOSMO	16	22019431	22095972	+
MOSPD1	X	134021661	134049287	-
MOSPD2	X	14891542	14940444	+
MOSPD3	7	100209784	100213000	+
MOV10	1	113216933	113243368	+
MOV10L1	22	50528434	50600116	+
MOXD1	6	132617193	132722614	-
MOXD2P	7	141940555	141946886	-
MPC1	6	166778407	166796428	-
MPC1L	X	40482817	40483391	+
MPC2	1	167885912	167906310	-
MPDU1	17	7486964	7491527	+
MPDZ	9	13105705	13279691	-
MPEG1	11	58975982	58980400	-
MPG	16	127017	135850	+
MPHOSPH10	2	71357763	71377231	+
MPHOSPH6	16	82181766	82203829	-
MPHOSPH8	13	20207798	20247581	+
MPHOSPH9	12	123638775	123717688	-
MPI	15	75182382	75194560	+
MPIG6B	6	31691120	31694491	+
MPL	1	43803488	43820136	+
MPLKIP	7	40165625	40174221	-
MPND	19	4343523	4360083	+
MPO	17	56347215	56358296	-
MPP1	X	154006958	154033802	-
MPP2	17	41952726	41987079	-
MPP3	17	41878166	41910562	-
MPP4	2	202509596	202563367	-
MPP5	14	67708151	67802778	+
MPP6	7	24613070	24733812	+
MPP7	10	28339922	28591993	-
MPPE1	18	11882620	11908316	-
MPPED1	22	43808019	43903728	+
MPPED2	11	30405625	30607900	-
MPRIP	17	16945770	17095957	+
MPST	22	37415782	37425855	+
MPV17	2	27532359	27545964	-
MPV17L	16	15489610	15507128	+
MPV17L2	19	18304027	18307758	+
MPZ	1	161274524	161279758	-
MPZL1	1	167691218	167761156	+
MPZL2	11	118124130	118135251	-
MPZL3	11	118097404	118123080	-
MR1	1	181002522	181031074	+
MRAP	21	33664123	33687094	+
MRAP2	6	84743490	84800605	+
MRAS	3	138066489	138124377	+
MRC1	10	17851346	18200093	+
MRC2	17	60705030	60770958	+
MRE11	11	94148735	94227010	-
MREG	2	216807306	216898819	-
MRFAP1	4	6641817	6644470	+
MRFAP1L1	4	6709428	6711592	-
MRGBP	20	61427824	61433081	+
MRGPRD	11	68747489	68748455	-
MRGPRE	11	3246259	3253647	-
MRGPRF	11	68771861	68780850	-
MRGPRF-AS1	11	68779821	68785916	+
MRGPRG	11	3239173	3240043	-
MRGPRG-AS1	11	3239561	3244361	+
MRGPRX1	11	18955359	18956549	-
MRGPRX2	11	19076002	19082264	-
MRGPRX3	11	18142501	18160033	+
MRGPRX4	11	18194383	18195827	+
MRI1	19	13875335	13885096	+
MRLN	10	61496449	61513213	-
MRM1	17	34958011	34965400	+
MRM2	7	2273829	2281840	-
MRM3	17	685592	695749	+
MRNIP	5	179264275	179285817	-
MRO	18	48321499	48351750	-
MROCKI	6	114189178	114194512	-
MROH1	8	145202918	145316843	+
MROH2A	2	234684369	234742064	+
MROH2B	5	40998121	41071444	-
MROH3P	1	200898071	200935796	+
MROH5	8	142443926	142517330	-
MROH6	8	144648362	144654942	-
MROH7	1	55107412	55175940	+
MROH7-TTC4	1	55107412	55208328	+
MROH8	20	35729571	35807951	-
MROH9	1	170904611	171033906	+
MRPL1	4	78783983	78873939	+
MRPL10	17	45900637	45908907	-
MRPL11	11	66202545	66206319	-
MRPL12	17	79670396	79674547	+
MRPL13	8	121407675	121457390	-
MRPL14	6	44081189	44095228	-
MRPL15	8	55047800	55061074	+
MRPL16	11	59573612	59578251	-
MRPL17	11	6701615	6704571	-
MRPL18	6	160210843	160219461	+
MRPL19	2	75873908	75889332	+
MRPL2	6	43021766	43027172	-
MRPL20	1	1337288	1342673	-
MRPL20-AS1	1	1334909	1337426	+
MRPL21	11	68658745	68671300	-
MRPL22	5	154320632	154348971	+
MRPL23	11	1968561	1977829	+
MRPL23-AS1	11	2004438	2011150	-
MRPL24	1	156707094	156710880	-
MRPL27	17	48445227	48450545	-
MRPL28	16	416968	420538	-
MRPL3	3	131181055	131221815	-
MRPL30	2	99797646	99816024	+
MRPL32	7	42971974	42977453	+
MRPL33	2	27994583	28002608	+
MRPL34	19	17413673	17417652	+
MRPL35	2	86426555	86440917	+
MRPL36	5	1798498	1799951	-
MRPL37	1	54665839	54691162	+
MRPL38	17	73894724	73900965	-
MRPL39	21	26957967	26979793	-
MRPL4	19	10362639	10370730	+
MRPL40	22	19419424	19423601	+
MRPL41	9	140446330	140447007	+
MRPL42	12	93861289	93909990	+
MRPL42P5	15	40824082	40824749	-
MRPL43	10	102737576	102747272	-
MRPL44	2	224822179	224832431	+
MRPL45	17	36452988	36479101	+
MRPL45P2	17	45527592	45569986	-
MRPL46	15	89002708	89010619	-
MRPL47	3	179306073	179322434	-
MRPL48	11	73498918	73576178	+
MRPL49	11	64889654	64894843	+
MRPL50	9	104149914	104160900	-
MRPL51	12	6601051	6602428	-
MRPL52	14	23299095	23304246	+
MRPL53	2	74699108	74699807	-
MRPL54	19	3762679	3767563	+
MRPL55	1	228294379	228297013	-
MRPL57	13	21750796	21753220	+
MRPL58	17	73008764	73017356	+
MRPL9	1	151732122	151735972	-
MRPS10	6	42174544	42185599	-
MRPS11	15	89010938	89024006	+
MRPS12	19	39421583	39423808	+
MRPS14	1	174982093	174992591	-
MRPS15	1	36921318	36929985	-
MRPS16	10	75008606	75012402	-
MRPS17	7	56019569	56024193	+
MRPS18A	6	43638933	43655549	-
MRPS18B	6	30585616	30594169	+
MRPS18C	4	84377084	84383448	+
MRPS2	9	138391810	138396519	+
MRPS21	1	150266261	150281414	+
MRPS22	3	139062835	139075979	+
MRPS23	17	55912141	55927405	-
MRPS24	7	43906156	43909116	-
MRPS25	3	15083757	15106822	-
MRPS26	20	3026697	3028896	+
MRPS27	5	71515229	71616067	-
MRPS28	8	80830951	80942494	-
MRPS30	5	44809048	44815616	+
MRPS30-DT	5	44744429	44808895	-
MRPS31	13	41303263	41345326	-
MRPS31P5	13	52741844	52768602	-
MRPS33	7	140702409	140714752	-
MRPS34	16	1821895	1823135	-
MRPS35	12	27863705	27909237	+
MRPS36	5	68513586	68525985	+
MRPS5	2	95751115	95787553	-
MRPS6	21	35445877	35515330	+
MRPS7	17	73257959	73262457	+
MRPS9	2	105654526	105716418	+
MRPS9-AS1	2	105713509	105719402	-
MRPS9-AS2	2	105552698	105654954	-
MRRF	9	125026881	125093614	+
MRS2	6	24403135	24426422	+
MRS2P2	12	72242073	72244763	-
MRTFA	22	40806292	41032723	-
MRTFA-AS1	22	40917803	40922711	+
MRTFB	16	14164918	14360636	+
MRTO4	1	19578298	19586622	+
MS4A1	11	60223281	60238225	+
MS4A10	11	60552805	60568778	+
MS4A12	11	60260250	60274901	+
MS4A13	11	60282864	60310191	+
MS4A14	11	60163486	60185228	+
MS4A15	11	60524339	60544206	+
MS4A18	11	60491481	60511686	+
MS4A2	11	59856136	59865940	+
MS4A3	11	59824100	59838588	+
MS4A4A	11	60048138	60076443	+
MS4A4E	11	59968725	60010610	-
MS4A5	11	60197044	60215265	+
MS4A6A	11	59939079	59952139	-
MS4A6E	11	60094727	60108814	+
MS4A7	11	60145957	60163426	+
MS4A8	11	60467084	60483280	+
MSANTD1	4	3246095	3258340	+
MSANTD2	11	124636393	124670302	-
MSANTD3	9	103189424	103214020	+
MSANTD3-TMEFF1	9	103204187	103339918	+
MSANTD4	11	105878625	105893014	-
MSC	8	72753794	72756647	-
MSC-AS1	8	72755357	72968547	+
MSGN1	2	17997726	17999065	+
MSH2	2	47630205	47710367	+
MSH2-OT1	2	47754675	47756303	+
MSH3	5	79950470	80172634	+
MSH4	1	76262566	76378926	+
MSH5	6	31707724	31730455	+
MSH5-SAPCD1	6	31707724	31732624	+
MSH6	2	48010220	48034092	+
MSI1	12	120779132	120806967	-
MSI2	17	55333211	55762050	+
MSL1	17	38278223	38293170	+
MSL2	3	135867758	135915177	-
MSL3	X	11776277	11793891	+
MSL3P1	2	234774086	234777055	-
MSLN	16	810733	818865	+
MSMB	10	51549552	51562517	+
MSMO1	4	166248817	166264314	+
MSMP	9	35752987	35754273	-
MSN	X	64887520	64961793	+
MSR1	8	15965386	16050300	-
MSRA	8	9911801	10286401	+
MSRB1	16	1988229	1993200	-
MSRB2	10	23384507	23410942	+
MSRB3	12	65672462	65860687	+
MSS51	10	75183336	75193319	-
MST1	3	49721379	49726196	-
MST1L	1	17081128	17090975	-
MST1P2	1	16972068	16976915	+
MST1R	3	49924435	49941306	-
MSTN	2	190920425	190927455	-
MSTO1	1	155579960	155584758	+
MSTO2P	1	155579978	155720479	+
MSX1	4	4861391	4865660	+
MSX2	5	174151584	174157899	+
MSX2P1	17	56234319	56236480	+
MT1A	16	56672577	56673999	+
MT1B	16	56685797	56687116	+
MT1DP	16	56677598	56678853	+
MT1E	16	56659692	56661024	+
MT1F	16	56691854	56693215	+
MT1G	16	56700641	56701977	-
MT1H	16	56703725	56705041	+
MT1HL1	1	237167402	237167741	-
MT1IP	16	56710027	56711789	+
MT1JP	16	56669650	56670998	+
MT1L	16	56651372	56652730	+
MT1M	16	56666570	56667893	+
MT1X	16	56716381	56718108	+
MT2A	16	56642495	56643409	+
MT3	16	56623439	56624997	+
MT4	16	56598984	56602869	+
MTA1	14	105886163	105937066	+
MTA2	11	62360685	62369337	-
MTA3	2	42721708	42984087	+
MTAP	9	21802634	21867080	+
MTARC1	1	220960254	220993001	+
MTARC2	1	220921663	220958157	+
MTBP	8	121457658	121535876	+
MTCH1	6	36935910	36954327	-
MTCH2	11	47638857	47664206	-
MTCL1	18	8705553	8832776	+
MTCP1	X	154292308	154299411	-
MTDH	8	98656411	98742488	+
MTERF1	7	91500256	91510016	-
MTERF2	12	107371054	107380944	-
MTERF3	8	97251625	97273841	-
MTERF4	2	242011582	242041747	-
MTF1	1	38275245	38325264	-
MTF2	1	93544791	93604638	+
MTFMT	15	65293849	65321977	-
MTFP1	22	30821755	30825041	+
MTFR1	8	66556887	66622798	+
MTFR1L	1	26146396	26159433	+
MTFR2	6	136552171	136571449	-
MTG1	10	135207660	135236024	+
MTG2	20	60758083	60778624	+
MTHFD1	14	64855070	64926743	+
MTHFD1L	6	151186814	151423023	+
MTHFD2	2	74425689	74444692	+
MTHFD2L	4	74988989	75168814	+
MTHFD2P1	3	95373266	95402037	-
MTHFR	1	11845780	11866021	-
MTHFS	15	80135888	80189627	-
MTHFSD	16	86563791	86588841	-
MTIF2	2	55463730	55496384	-
MTIF3	13	28009775	28024739	-
MTLN	2	110969105	110970124	-
MTM1	X	149737070	149841616	+
MTMR1	X	149861434	149933581	+
MTMR10	15	31231143	31283831	-
MTMR11	1	149900542	149908772	-
MTMR12	5	32227112	32313045	-
MTMR14	3	9691188	9744077	+
MTMR2	11	95566043	95657271	-
MTMR3	22	30279157	30426857	+
MTMR4	17	56566897	56595241	-
MTMR6	13	25820359	25861626	-
MTMR7	8	17154302	17270860	-
MTMR8	X	63487960	63615332	-
MTMR9	8	11142324	11185654	+
MTMR9LP	1	32697260	32707311	-
MTNR1A	4	187454808	187476721	-
MTNR1B	11	92702816	92715948	+
MTO1	6	74171459	74218959	+
MTOR	1	11166591	11322608	-
MTOR-AS1	1	11203954	11209595	+
MTPAP	10	30598729	30638207	-
MTPN	7	135611507	135662107	-
MTR	1	236958580	237067281	+
MTRES1	6	107349402	107372790	+
MTREX	5	54603816	54721407	+
MTRF1	13	41790504	41886174	-
MTRF1L	6	153308496	153323950	-
MTRNR2L1	17	22022436	22023991	+
MTRNR2L10	X	55207824	55208875	-
MTRNR2L2	5	79945818	79946827	-
MTRNR2L3	20	55933502	55934554	-
MTRNR2L4	16	3420978	3422668	-
MTRNR2L5	10	57358801	57360487	+
MTRNR2L6	7	142374130	142375525	+
MTRNR2L7	10	37890365	37891859	-
MTRNR2L8	11	10529440	10530733	-
MTRNR2L9	6	62284034	62284535	+
MTRR	5	7869260	7901226	+
MTSS1	8	125563010	125740748	-
MTSS2	16	70695106	70719956	-
MTTP	4	100485234	100545154	+
MTURN	7	30174601	30202378	+
MTUS1	8	17501302	17659088	-
MTUS2	13	29394099	30080084	+
MTUS2-AS1	13	30050651	30061887	-
MTVR2	17	54961462	54962274	-
MTX1	1	155178489	155183630	+
MTX2	2	177134169	177202753	+
MTX3	5	79272538	79287085	-
MUC1	1	155158299	155162706	-
MUC12	7	100612903	100662230	+
MUC12-AS1	7	100657600	100660889	-
MUC13	3	124624288	124653595	-
MUC15	11	26580578	26593810	-
MUC16	19	8959519	9092018	-
MUC17	7	100663361	100702140	+
MUC19	12	40787195	40964557	+
MUC2	11	1074874	1104416	+
MUC20	3	195447752	195460424	+
MUC21	6	30951484	30957679	+
MUC22	6	30973728	31003179	+
MUC3A	7	100547165	100611620	+
MUC4	3	195473637	195538844	-
MUC5AC	11	1151579	1222364	+
MUC5B	11	1244295	1283402	+
MUC5B-AS1	11	1263490	1270906	-
MUC6	11	1012822	1036718	-
MUC7	4	71296208	71348714	+
MUCL1	12	55248299	55252171	+
MUCL3	6	30908749	30921998	+
MUL1	1	20825940	20834644	-
MUS81	11	65627903	65635123	+
MUSK	9	113431070	113568838	+
MUSTN1	3	52867136	52869035	-
MUTYH	1	45794913	45806142	-
MVB12A	19	17516549	17536141	+
MVB12B	9	129089107	129269319	+
MVD	16	88718347	88729499	-
MVK	12	110011598	110035930	+
MVP	16	29831714	29859360	+
MX1	21	42792484	42831141	+
MX2	21	42733953	42781319	+
MXD1	2	70142172	70170076	+
MXD3	5	176732499	176738899	-
MXD4	4	2249158	2263836	-
MXI1	10	111967362	112047123	+
MXRA5	X	3226605	3264693	-
MXRA7	17	74668632	74707047	-
MXRA8	1	1288068	1298921	-
MYADM	19	54368881	54379689	+
MYADML	2	33951127	33953284	-
MYADML2	17	79897520	79905109	-
MYB	6	135502445	135540310	+
MYBBP1A	17	4442190	4458681	-
MYBL1	8	67474409	67525453	-
MYBL2	20	42295658	42345136	+
MYBPC1	12	101988708	102079806	+
MYBPC2	19	50936148	50969578	+
MYBPC3	11	47352956	47374253	-
MYBPH	1	203136938	203144954	-
MYBPHL	1	109834986	109849633	-
MYC	8	128747679	128755197	+
MYCBP	1	39328161	39339050	-
MYCBP2	13	77618791	77901229	-
MYCBP2-AS1	13	77649648	77661911	+
MYCBPAP	17	48585799	48608862	+
MYCL	1	40361099	40367589	-
MYCN	2	16080671	16087125	+
MYCNOS	2	16076386	16082555	-
MYCNUT	2	16060520	16076140	+
MYCT1	6	153019029	153049317	+
MYD88	3	38180151	38184512	+
MYDGF	19	4657556	4670354	-
MYEF2	15	48426828	48470492	-
MYEOV	11	69061621	69064754	+
MYF5	12	81110690	81113449	+
MYF6	12	81101412	81103253	+
MYG1	12	53693478	53700961	+
MYH1	17	10395625	10421859	-
MYH10	17	8377522	8534079	-
MYH11	16	15796991	15950887	-
MYH13	17	10204181	10276323	-
MYH14	19	50706878	50813801	+
MYH15	3	108099214	108248169	-
MYH16	7	98870923	98895594	+
MYH2	17	10424464	10452975	-
MYH3	17	10531848	10560626	-
MYH4	17	10346607	10372876	-
MYH6	14	23851195	23877482	-
MYH7	14	23881948	23904869	-
MYH7B	20	33543670	33590240	+
MYH8	17	10293639	10325267	-
MYH9	22	36677325	36784012	-
MYHAS	17	10286448	10528857	+
MYL1	2	211154873	211179898	-
MYL10	7	101256609	101272576	-
MYL12A	18	3247479	3256235	+
MYL12B	18	3262130	3278459	+
MYL2	12	111348648	111358383	-
MYL3	3	46899361	46904934	-
MYL4	17	45286427	45301045	+
MYL5	4	668330	675817	+
MYL6	12	56552142	56555363	+
MYL6B	12	56546370	56551766	+
MYL7	7	44178462	44180931	-
MYL9	20	35169921	35179849	+
MYLIP	6	16129316	16148478	+
MYLK	3	123328895	123603179	-
MYLK-AS1	3	123304359	123349666	+
MYLK-AS2	3	123408490	123411254	+
MYLK2	20	30407158	30422487	+
MYLK3	16	46736193	46797158	-
MYLK4	6	2663870	2770610	-
MYLPF	16	30382254	30389312	+
MYMK	9	136379707	136390081	-
MYMX	6	44184662	44185971	+
MYNN	3	169491183	169507504	+
MYO10	5	16662015	16936397	-
MYO15A	17	18012069	18083114	+
MYO15B	17	73584138	73622927	+
MYO16	13	109248252	109860353	+
MYO16-AS1	13	109816252	109819651	-
MYO18A	17	27398140	27507416	-
MYO18B	22	26138154	26427011	+
MYO19	17	34851598	34891305	-
MYO1A	12	57422300	57444982	-
MYO1B	2	192110129	192290112	+
MYO1C	17	1367479	1395980	-
MYO1D	17	30819539	31204142	-
MYO1E	15	59424632	59665070	-
MYO1F	19	8585671	8642326	-
MYO1G	7	45002260	45018614	-
MYO1H	12	109826523	109886176	+
MYO3A	10	26223157	26501461	+
MYO3B	2	171034656	171511677	+
MYO3B-AS1	2	171197026	171207453	-
MYO5A	15	52599480	52821247	-
MYO5B	18	47349158	47721517	-
MYO5C	15	52484519	52588001	-
MYO6	6	76458955	76629254	+
MYO7A	11	76839291	76926286	+
MYO7B	2	128293377	128395303	+
MYO9A	15	72114631	72410491	-
MYO9B	19	17186586	17324095	+
MYOC	1	171604556	171621828	-
MYOCD	17	12569206	12672265	+
MYOCD-AS1	17	12575178	12609452	-
MYOCOS	1	171588902	171596028	+
MYOD1	11	17741117	17743683	+
MYOF	10	95066185	95242091	-
MYOG	1	203052256	203055140	-
MYOM1	18	3066804	3219966	-
MYOM2	8	1993160	2093380	+
MYOM3	1	24382530	24438625	-
MYOPARR	1	203052922	203057468	+
MYORG	9	34366663	34376896	-
MYOSLID	2	208104534	208110611	+
MYOSLID-AS1	2	208051413	208119040	-
MYOT	5	137203548	137223540	+
MYOZ1	10	75391369	75401232	-
MYOZ2	4	120056986	120108944	+
MYOZ3	5	150040402	150058930	+
MYPN	10	69865763	69971773	+
MYPOP	19	46393280	46405871	-
MYRF	11	61520107	61555990	+
MYRF-AS1	11	61521500	61525136	-
MYRFL	12	70219006	70352877	+
MYRIP	3	39850404	40301811	+
MYSM1	1	59120415	59165734	-
MYT1	20	62795804	62873606	+
MYT1L	2	1792884	2335047	-
MYT1L-AS1	2	2323003	2330880	+
MYZAP	15	57884101	57977562	+
MZB1	5	138723155	138725602	-
MZF1	19	59073283	59084942	-
MZF1-AS1	19	59070552	59086164	+
MZT1	13	73282504	73301767	-
MZT2A	2	132241532	132249970	-
MZT2B	2	130939834	130948300	+
N4BP1	16	48572636	48644091	-
N4BP2	4	40058469	40159872	+
N4BP2L1	13	32974859	33002267	-
N4BP2L2	13	33006553	33113022	-
N4BP2L2-IT2	13	33078642	33083532	-
N4BP3	5	177540532	177553082	+
N6AMT1	21	30244512	30257695	-
NAA10	X	153194677	153200490	-
NAA11	4	80237800	80247215	-
NAA15	4	140222658	140312538	+
NAA16	13	41885402	41951166	+
NAA20	20	19997933	20014299	+
NAA25	12	112464492	112546587	-
NAA30	14	57857303	57882623	+
NAA35	9	88556056	88640377	+
NAA38	17	7759998	7788738	-
NAA40	11	63706473	63724791	+
NAA50	3	113435304	113465096	-
NAA60	16	3493610	3536963	+
NAA80	3	50333832	50336836	-
NAAA	4	76831807	76862166	-
NAALAD2	11	89867830	89926062	+
NAALADL1	11	64812290	64826025	-
NAALADL2	3	174577123	175528336	+
NAALADL2-AS1	3	175491365	175494121	-
NAALADL2-AS2	3	174952881	174988885	-
NAALADL2-AS3	3	174797101	174833032	-
NAB1	2	191513620	191557492	+
NAB2	12	57482896	57489259	+
NABP1	2	192542797	192555393	+
NABP1-OT1	2	192554906	192575195	+
NABP2	12	56618125	56623638	+
NACA	12	57106210	57119083	-
NACA2	17	59667783	59668580	-
NACA4P	8	102381120	102381823	+
NACAD	7	45120035	45128568	-
NACC1	19	13229077	13251961	+
NACC2	9	138898382	138987135	-
NADK	1	1682670	1711470	-
NADK2	5	36192690	36242381	-
NADSYN1	11	71164248	71212862	+
NAE1	16	66836780	66864879	-
NAF1	4	164047859	164088042	-
NAGA	22	42454337	42466846	-
NAGK	2	71295425	71306938	+
NAGLU	17	40688258	40696466	+
NAGPA	16	5074844	5083936	-
NAGPA-AS1	16	5083702	5092972	+
NAGS	17	42081989	42086436	+
NAIF1	9	130823511	130829599	-
NAIP	5	70263992	70321166	-
NALCN	13	101706127	102068859	-
NALCN-AS1	13	101360578	101711638	+
NALT1	9	139442293	139444196	+
NAMA	9	102117621	102137539	-
NAMPT	7	105888743	105925429	-
NANOG	12	7941997	7951742	+
NANOGNB	12	7917811	7926717	+
NANOGP8	15	35375610	35377496	-
NANOS1	10	120789225	120793242	+
NANOS2	19	46416472	46418036	-
NANOS3	19	13972849	13991571	+
NANP	20	25593570	25604650	-
NANS	9	100819013	100845359	+
NAP1L1	12	76430364	76478465	-
NAP1L2	X	72432136	72434687	-
NAP1L3	X	92925931	92928577	-
NAP1L4	11	2965666	3013559	-
NAP1L5	4	89617063	89618980	-
NAP1L6P	X	72345875	72347919	-
NAPA	19	47990893	48018320	-
NAPA-AS1	19	47987538	48004854	+
NAPB	20	23355155	23402156	-
NAPEPLD	7	102740022	102789546	-
NAPG	18	10526023	10552760	+
NAPRT	8	144656954	144660500	-
NAPSA	19	50861733	50868896	-
NAPSB	19	50837056	50848005	-
NARF	17	80416073	80448413	+
NARS1	18	55267887	55289068	-
NARS2	11	78147006	78285909	-
NASP	1	46049659	46084578	+
NAT1	8	18027975	18081198	+
NAT10	11	34127175	34168455	+
NAT14	19	55996554	55998933	+
NAT16	7	100813776	100823574	-
NAT2	8	18248791	18258725	+
NAT8	2	73867849	73869549	-
NAT8B	2	73927635	73928467	-
NAT8L	4	2061053	2070816	+
NAT9	17	72766667	72772484	-
NATD1	17	21142183	21156722	-
NAV1	1	201617449	201796102	+
NAV2	11	19366782	20143147	+
NAV2-AS2	11	20065320	20070849	-
NAV2-AS4	11	19532439	19545625	-
NAV2-AS5	11	19524219	19528776	-
NAV3	12	78224673	78606790	+
NAXD	13	111267806	111292342	+
NAXE	1	156561567	156564091	+
NBAS	2	15307039	15701458	-
NBAT1	6	22134830	22147422	-
NBDY	X	56755675	56845611	+
NBEA	13	35516406	36246873	+
NBEAL1	2	203879597	204089917	+
NBEAL2	3	47021155	47051191	+
NBEAP1	15	20874796	20961480	-
NBL1	1	19969722	19984949	+
NBN	8	90945560	90996952	-
NBPF1	1	16888817	16940059	-
NBPF10	1	145293370	146467743	+
NBPF11	1	146032646	147624560	-
NBPF12	1	146373856	146467639	+
NBPF13P	1	146571065	146585928	-
NBPF14	1	148250248	148346756	-
NBPF15	1	148555983	148596263	+
NBPF18P	1	151990753	151994985	+
NBPF19	1	144146811	148346791	-
NBPF20	1	144146810	146467744	+
NBPF22P	5	85578261	85593365	+
NBPF25P	1	145289769	149109725	+
NBPF26	1	148002925	148346791	-
NBPF3	1	21766629	21811393	+
NBPF4	1	108765962	108786703	-
NBPF6	1	108992964	109014541	+
NBPF7	1	120377387	120387503	-
NBPF8	1	144593687	144832249	+
NBPF9	1	144614958	145370304	+
NBR1	17	41322425	41363707	+
NBR2	17	41277573	41305688	+
NCALD	8	102698769	103137135	-
NCAM1	11	112832141	113149158	+
NCAM1-AS1	11	113140253	113144623	-
NCAM2	21	22370726	22915650	+
NCAN	19	19322766	19363042	+
NCAPD2	12	6603267	6641121	+
NCAPD3	11	134020007	134095355	-
NCAPG	4	17812601	17846487	+
NCAPG2	7	158423860	158497495	-
NCAPH	2	97001503	97042829	+
NCAPH2	22	50946644	50963209	+
NCBP1	9	100395704	100436029	+
NCBP2	3	196662272	196669464	-
NCBP2-AS1	3	196666747	196669405	+
NCBP2AS2	3	196669544	196670414	+
NCBP2L	X	107020962	107039057	+
NCBP3	17	3705451	3749540	-
NCCRP1	19	39687603	39692524	+
NCDN	1	36023392	36032380	+
NCEH1	3	172348038	172428857	-
NCF1	7	74188308	74203720	+
NCF1B	7	72634673	72649979	+
NCF1C	7	74572383	74587802	-
NCF2	1	183524696	183560049	-
NCF4	22	37257047	37274057	+
NCF4-AS1	22	37243414	37266485	-
NCK1	3	136581049	136670448	+
NCK1-DT	3	136560817	136580905	-
NCK2	2	106361368	106510730	+
NCKAP1	2	183773842	183903185	-
NCKAP1L	12	54891535	54942027	+
NCKAP5	2	133429361	134326034	-
NCKAP5-AS1	2	133673129	133689067	+
NCKAP5-AS2	2	134023766	134042330	+
NCKAP5L	12	50184934	50222196	-
NCKIPSD	3	48711277	48723348	-
NCL	2	232318241	232329195	-
NCLN	19	3185927	3209573	+
NCMAP	1	24882577	24935818	+
NCMAP-DT	1	24865763	24882515	-
NCOA1	2	24714122	24993570	+
NCOA2	8	71022016	71316452	-
NCOA3	20	46130630	46285614	+
NCOA4	10	51565107	51590734	+
NCOA5	20	44689633	44718601	-
NCOA6	20	33302577	33413454	-
NCOA7	6	126102260	126253180	+
NCOA7-AS1	6	126119006	126140004	-
NCOR1	17	15932470	16118848	-
NCOR1P1	20	26084051	26094677	-
NCOR1P4	20	25733196	25733490	+
NCOR2	12	124808960	125052158	-
NCR1	19	55417505	55424441	+
NCR2	6	41303345	41318627	+
NCR3	6	31556671	31560783	-
NCR3LG1	11	17373346	17398871	+
NCRNA00250	8	135850311	135854880	+
NCRUPAR	5	76008227	76008713	+
NCS1	9	132934682	132999582	+
NCSTN	1	160313172	160328739	+
NDC1	1	54231155	54303969	-
NDC80	18	2571555	2616634	+
NDE1	16	15737238	15820208	+
NDEL1	17	8339201	8371481	+
NDFIP1	5	141488343	141534005	+
NDFIP2	13	80055258	80130212	+
NDFIP2-AS1	13	80051498	80055366	-
NDN	15	23930546	23932452	-
NDNF	4	121956767	121993690	-
NDOR1	9	140100118	140113813	+
NDP	X	43808023	43832636	-
NDP-AS1	X	43808977	43830798	+
NDRG1	8	134249417	134309495	-
NDRG2	14	21484921	21539031	-
NDRG3	20	35280173	35374493	-
NDRG4	16	58497618	58547523	+
NDST1	5	149877340	149937773	+
NDST1-AS1	5	149855078	149865555	-
NDST2	10	75561673	75571578	-
NDST3	4	118954476	119179789	+
NDST4	4	115748922	116034776	-
NDUFA1	X	119005794	119010620	+
NDUFA10	2	240831861	240964819	-
NDUFA11	19	5891286	5903801	-
NDUFA12	12	95365103	95397489	-
NDUFA13	19	19627033	19639007	+
NDUFA2	5	140024869	140027370	-
NDUFA3	19	54606162	54610875	+
NDUFA4	7	10971569	10979780	-
NDUFA4L2	12	57628685	57634475	-
NDUFA5	7	123177051	123241705	-
NDUFA6	22	42481529	42486776	-
NDUFA6-DT	22	42486936	42521354	+
NDUFA7	19	8373486	8386297	-
NDUFA8	9	124894744	124922058	-
NDUFA9	12	4758279	4803483	+
NDUFAB1	16	23592334	23607637	-
NDUFAF1	15	41679550	41694694	-
NDUFAF2	5	60241031	60448853	+
NDUFAF3	3	49057907	49060926	+
NDUFAF4	6	97337190	97345767	-
NDUFAF4P1	15	49448494	49450822	+
NDUFAF5	20	13765671	13802226	+
NDUFAF6	8	95907995	96130724	+
NDUFAF7	2	37458773	37498508	+
NDUFAF8	17	79213110	79215110	+
NDUFB1	14	92582467	92588050	-
NDUFB10	16	2009538	2011976	+
NDUFB11	X	47001614	47004609	-
NDUFB2	7	140396507	140406443	+
NDUFB2-AS1	7	140395135	140396877	-
NDUFB3	2	201936723	201950473	+
NDUFB4	3	120315182	120321354	+
NDUFB5	3	179322574	179345435	+
NDUFB6	9	32552998	32573182	-
NDUFB7	19	14676889	14682878	-
NDUFB8	10	102283485	102289680	-
NDUFB9	8	125551342	125562227	+
NDUFC1	4	140211070	140223705	-
NDUFC2	11	77779342	77790908	-
NDUFC2-KCTD14	11	77726760	77790908	-
NDUFS1	2	206979540	207024168	-
NDUFS2	1	161167206	161184184	+
NDUFS3	11	47600625	47606114	+
NDUFS4	5	52856468	52979168	+
NDUFS5	1	39491966	39500308	+
NDUFS6	5	1801520	1816162	+
NDUFS7	19	1383905	1395583	+
NDUFS8	11	67798147	67804111	+
NDUFV1	11	67374406	67380025	+
NDUFV2	18	9102696	9134338	+
NDUFV2-AS1	18	9121262	9136718	-
NDUFV3	21	44313418	44333409	+
NEAT1	11	65190268	65213009	+
NEB	2	152341852	152591001	-
NEBL	10	21068902	21581979	-
NEBL-AS1	10	21462918	21463852	+
NECAB1	8	91804002	91971621	+
NECAB2	16	84001848	84036381	+
NECAB3	20	32244892	32262234	-
NECAP1	12	8234806	8250476	+
NECAP2	1	16767166	16786584	+
NECTIN1	11	119508807	119599910	-
NECTIN2	19	45349553	45392480	+
NECTIN3	3	110790662	110913016	+
NECTIN3-AS1	3	110764164	110788806	-
NECTIN4	1	161040787	161059348	-
NEDD1	12	97301034	97347557	+
NEDD4	15	56119116	56285810	-
NEDD4L	18	55711457	56068772	+
NEDD8	14	24686062	24701573	-
NEDD8-MDP1	14	24683142	24701591	-
NEDD9	6	11183530	11382581	-
NEFH	22	29876206	29887379	+
NEFL	8	24808468	24814126	-
NEFM	8	24771273	24776606	+
NEGR1	1	71861625	72748222	-
NEGR1-IT1	1	72259914	72302695	-
NEIL1	15	75639330	75649456	+
NEIL2	8	11627218	11644854	+
NEIL3	4	178231027	178284090	+
NEK1	4	170313959	170533734	-
NEK10	3	27152393	27410951	-
NEK11	3	130745720	131069309	+
NEK2	1	211831598	211848972	-
NEK3	13	52706778	52733996	-
NEK4	3	52742459	52804965	-
NEK5	13	52607746	52703209	-
NEK6	9	127019884	127115586	+
NEK7	1	198126127	198291548	+
NEK8	17	27055805	27070473	+
NEK9	14	75546055	75593751	-
NELFA	4	1984450	2010701	-
NELFB	9	140149778	140167993	+
NELFCD	20	57556310	57570168	+
NELFE	6	31919863	31926748	-
NELL1	11	20691096	21597229	+
NELL2	12	44902057	45307711	-
NEMF	14	50248800	50319921	-
NEMP1	12	57449425	57472574	-
NEMP2	2	191369063	191399448	-
NENF	1	212606261	212619721	+
NEO1	15	73344803	73597547	+
NEPRO	3	112721291	112738518	-
NES	1	156638554	156647199	-
NET1	10	5454519	5501019	+
NETO1	18	70409548	70535222	-
NETO2	16	47111613	47177856	-
NEU1	6	31825435	31830598	-
NEU2	2	233897381	233899767	+
NEU3	11	74699688	74721952	+
NEU4	2	242750287	242758739	+
NEURL1	10	105253461	105352303	+
NEURL1-AS1	10	105239359	105277199	-
NEURL1B	5	172068265	172118533	+
NEURL2	20	44517110	44519926	-
NEURL3	2	97163379	97173846	-
NEURL4	17	7218946	7232654	-
NEUROD1	2	182533021	182545392	-
NEUROD2	17	37760020	37764173	-
NEUROD4	12	55413757	55423801	+
NEUROD6	7	31377079	31380340	-
NEUROG1	5	134869971	134871654	-
NEUROG2	4	113434671	113437336	-
NEUROG2-AS1	4	113436534	113468040	+
NEUROG3	10	71331453	71333178	-
NEXMIF	X	73952690	74145287	-
NEXN	1	78354199	78409578	+
NEXN-AS1	1	78347032	78355224	-
NF1	17	29421944	29704695	+
NF1P2	15	21122020	22145802	-
NF2	22	29999544	30094589	+
NFAM1	22	42776413	42833992	-
NFASC	1	204797779	204991950	+
NFAT5	16	69599868	69738557	+
NFATC1	18	77155929	77289323	+
NFATC2	20	50003499	50179378	-
NFATC2IP	16	28962317	28977767	+
NFATC3	16	68119272	68263162	+
NFATC4	14	24836116	24848811	+
NFE2	12	54685890	54694821	-
NFE2L1	17	46125720	46138907	+
NFE2L2	2	178095030	178129859	-
NFE2L3	7	26191817	26226756	+
NFE4	7	102613876	102629300	+
NFIA	1	61542898	61928460	+
NFIA-AS1	1	61714616	61719190	-
NFIA-AS2	1	61405915	61436448	-
NFIB	9	14081841	14532075	-
NFIC	19	3359627	3469215	+
NFIL3	9	94171326	94186908	-
NFILZ	19	8740082	8791414	+
NFIX	19	13106288	13209610	+
NFKB1	4	103422515	103538459	+
NFKB2	10	104153866	104162286	+
NFKBIA	14	35870719	35873955	-
NFKBIB	19	39390305	39399534	+
NFKBID	19	36378853	36393205	-
NFKBIE	6	44225902	44233288	-
NFKBIL1	6	31514627	31526606	+
NFKBIZ	3	101546833	101579866	+
NFRKB	11	129733530	129765473	-
NFS1	20	34255973	34287274	-
NFU1	2	69622882	69666699	-
NFX1	9	33290513	33371155	+
NFXL1	4	47849249	47916684	-
NFYA	6	41040712	41070142	+
NFYB	12	104510863	104531988	-
NFYC	1	41157375	41237276	+
NFYC-AS1	1	41154751	41157933	-
NFYCP2	9	89698800	89700140	-
NGB	14	77731833	77737655	-
NGDN	14	23938911	23948015	+
NGEF	2	233743411	233877966	-
NGF	1	115828537	115880870	-
NGF-AS1	1	115825654	115910693	+
NGFR	17	47572654	47592367	+
NGLY1	3	25760434	25831530	-
NGRN	15	90808894	90815443	+
NHEG1	6	137303295	137314368	-
NHEJ1	2	219934078	220025537	-
NHLH1	1	160336860	160342636	+
NHLH2	1	116378998	116383747	-
NHLRC1	6	18120670	18122908	-
NHLRC2	10	115614419	115676951	+
NHLRC3	13	39612447	39624244	+
NHLRC4	16	617004	619495	+
NHP2	5	177576465	177580961	-
NHS	X	17393322	17754113	+
NHS-AS1	X	17570469	17577248	-
NHSL1	6	138743180	138893706	-
NHSL2	X	71130937	71363424	+
NIBAN1	1	184760165	184943640	-
NIBAN2	9	130267622	130341310	-
NIBAN3	19	17634109	17664652	+
NICN1	3	49459765	49466757	-
NID1	1	236139131	236228390	-
NID2	14	52471526	52535777	-
NIF3L1	2	201754049	201768655	+
NIFK	2	122484520	122494451	-
NIFK-AS1	2	122407229	122486136	+
NIM1K	5	43192326	43280952	+
NIN	14	51186480	51297880	-
NINJ1	9	95883777	95896533	-
NINJ2	12	673461	772611	-
NINJ2-AS1	12	740056	755044	+
NINL	20	25433332	25566167	-
NIP7	16	69373414	69377013	+
NIPA1	15	23043278	23086843	-
NIPA2	15	23004683	23034427	-
NIPAL1	4	48018788	48042190	+
NIPAL2	8	99202053	99306463	-
NIPAL3	1	24739976	24799473	+
NIPAL4	5	156887026	156901730	+
NIPBL	5	36876870	37066515	+
NIPBL-DT	5	36871462	36876796	-
NIPSNAP1	22	29950797	29977102	-
NIPSNAP2	7	56032277	56067872	+
NIPSNAP3A	9	107509963	107522401	+
NIPSNAP3B	9	107526409	107540045	+
NISCH	3	52489619	52527084	+
NIT1	1	161087894	161095235	+
NIT2	3	100053600	100080479	+
NKAIN1	1	31652591	31712734	-
NKAIN2	6	124124990	125146786	+
NKAIN3	8	63161412	63912211	+
NKAIN4	20	61872135	61885815	-
NKAP	X	119054634	119077714	-
NKAPD1	11	111945022	111955874	+
NKAPL	6	28227074	28228736	+
NKAPP1	X	119370307	119379122	-
NKD1	16	50582306	50683160	+
NKD2	5	1008916	1039058	+
NKG7	19	51874873	51875908	-
NKILA	20	56285238	56287836	+
NKIRAS1	3	23931443	23988053	-
NKIRAS2	17	40169593	40177656	+
NKPD1	19	45653007	45663408	-
NKRF	X	118722299	118740387	-
NKTR	3	42642177	42690227	+
NKX1-1	4	1396719	1400230	-
NKX1-2	10	126133812	126138604	-
NKX2-1	14	36985603	36989437	-
NKX2-1-AS1	14	36988482	36992221	+
NKX2-2	20	21491659	21494702	-
NKX2-3	10	101292698	101296280	+
NKX2-4	20	21376004	21378164	-
NKX2-5	5	172659111	172662209	-
NKX2-6	8	23559252	23564269	-
NKX2-8	14	37049208	37051819	-
NKX3-1	8	23536205	23540451	-
NKX3-2	4	13542453	13546132	-
NKX6-1	4	85413137	85420445	-
NKX6-2	10	134596684	134599651	-
NKX6-3	8	41502695	41508336	-
NLE1	17	33455749	33469322	-
NLGN1	3	173113741	174012162	+
NLGN1-AS1	3	173628288	173638586	-
NLGN2	17	7311163	7323179	+
NLGN3	X	70364680	70391051	+
NLGN4X	X	5808066	6146908	-
NLGN4Y	Y	16634495	16957533	+
NLGN4Y-AS1	Y	16905521	16915913	-
NLK	17	26369702	26523404	+
NLN	5	65018031	65125111	+
NLRC3	16	3589035	3627404	-
NLRC4	2	32449517	32490812	-
NLRC5	16	57023468	57117432	+
NLRP1	17	5404715	5487829	-
NLRP10	11	7979083	7985221	-
NLRP11	19	56296773	56347941	-
NLRP12	19	54296854	54327657	-
NLRP13	19	56403057	56443702	-
NLRP14	11	7041709	7092757	+
NLRP2	19	55476651	55512510	+
NLRP2B	X	57703499	57706693	-
NLRP3	1	247579474	247612119	+
NLRP4	19	56347905	56393220	+
NLRP5	19	56511091	56573174	+
NLRP6	11	278406	285388	+
NLRP7	19	55434876	55458873	-
NLRP8	19	56459197	56499995	+
NLRP9	19	56219804	56249768	-
NLRX1	11	119039042	119054726	+
NMB	15	85198362	85201430	-
NMBR	6	142395620	142468259	-
NMD3	3	160939077	160971320	+
NME1	17	49230919	49239529	+
NME1-NME2	17	49230919	49249105	+
NME2	17	49242896	49249105	+
NME3	16	1820320	1821710	-
NME4	16	446728	450754	+
NME5	5	137450863	137475117	-
NME6	3	48333806	48343175	-
NME7	1	169101767	169337201	-
NME8	7	37888198	37939998	+
NME9	3	137980277	138048693	-
NMI	2	152126983	152146182	-
NMNAT1	1	10002980	10045556	+
NMNAT2	1	183217371	183387515	-
NMNAT3	3	139279024	139396892	-
NMRAL1	16	4511680	4526338	-
NMRAL2P	3	185677731	185698665	+
NMRK1	9	77675492	77703071	-
NMRK2	19	3933100	3942414	+
NMS	2	101086943	101099742	+
NMT1	17	43138684	43186382	+
NMT2	10	15147768	15210692	-
NMU	4	56461397	56502960	-
NMUR1	2	232387897	232395156	-
NMUR2	5	151771106	151784840	-
NNAT	20	36149651	36152090	+
NNMT	11	114128527	114184257	+
NNT	5	43602776	43707498	+
NNT-AS1	5	43573286	43603332	-
NOA1	4	57829515	57843772	-
NOB1	16	69775756	69788871	-
NOBOX	7	144094332	144107320	-
NOC2L	1	879582	894636	-
NOC2LP2	2	132199733	132202467	-
NOC3L	10	96092982	96122696	-
NOC4L	12	132629001	132637013	+
NOCT	4	139936934	139967093	+
NOD1	7	30464142	30518482	-
NOD2	16	50727516	50766984	+
NODAL	10	72191691	72207704	-
NOG	17	54671059	54672972	+
NOL10	2	10710879	10830113	-
NOL11	17	65713948	65740647	+
NOL12	22	38082349	38089481	+
NOL3	16	67204399	67209640	+
NOL4	18	31431063	31804877	-
NOL4L	20	31030861	31173135	-
NOL4L-DT	20	31175280	31196694	+
NOL6	9	33461350	33473941	-
NOL7	6	13615558	13632702	+
NOL8	9	95059639	95087876	-
NOL9	1	6581406	6614573	-
NOLC1	10	103911932	103923628	+
NOM1	7	156742405	156765870	+
NOMO1	16	14927577	14990014	+
NOMO2	16	18511181	18573434	-
NOMO3	16	16326384	16388668	+
NONO	X	70503041	70521018	+
NOP10	15	34633920	34635337	-
NOP14	4	2939663	2965133	-
NOP14-AS1	4	2937272	2952800	+
NOP16	5	175810939	175815928	-
NOP2	12	6666036	6677457	-
NOP53	19	48248802	48260315	+
NOP53-AS1	19	48260292	48272097	-
NOP56	20	2633277	2639039	+
NOP58	2	203130485	203168384	+
NOP9	14	24769055	24778330	+
NORAD	20	34633539	34638882	-
NOS1	12	117645946	117799607	-
NOS1AP	1	162039480	162340265	+
NOS2	17	26083791	26127555	-
NOS2P3	17	20340136	20350557	+
NOS3	7	150688104	150711676	+
NOSIP	19	50058724	50083829	-
NOSTRIN	2	169643048	169722024	+
NOTCH1	9	139388884	139440500	-
NOTCH2	1	120454175	120612317	-
NOTCH2NLA	1	145209112	145286270	+
NOTCH2NLB	1	145209122	145289312	+
NOTCH2NLC	1	120391203	145283180	+
NOTCH2NLR	1	120539226	145282092	-
NOTCH3	19	15269848	15311806	-
NOTCH4	6	32162619	32191844	-
NOTO	2	73429701	73439641	+
NOTUM	17	79910382	79919063	-
NOVA1	14	26912295	27067239	-
NOVA2	19	46436991	46477123	-
NOX1	X	100098312	100129348	-
NOX3	6	155716501	155776973	-
NOX4	11	89057521	89322725	-
NOX5	15	69222863	69355102	+
NOXA1	9	140317844	140328858	+
NOXO1	16	2028917	2031470	-
NOXRED1	14	77860364	77889399	-
NPAP1	15	24920921	24928539	+
NPAS1	19	47523093	47549033	+
NPAS2	2	101436600	101613291	+
NPAS2-AS1	2	101589109	101593623	-
NPAS3	14	33408084	34273379	+
NPAS4	11	66188474	66194178	+
NPAT	11	108027941	108093365	-
NPB	17	79860113	79860781	+
NPBWR1	8	53851741	53856294	+
NPBWR2	20	62735154	62738918	-
NPC1	18	21111405	21166470	-
NPC1L1	7	44552134	44580929	-
NPC2	14	74946637	74960215	-
NPDC1	9	139933914	139940629	-
NPEPL1	20	57264186	57290900	+
NPEPPS	17	45600298	45700642	+
NPEPPSP1	17	36351795	36413256	-
NPFF	12	53900471	53901268	-
NPFFR1	10	72007084	72043760	-
NPFFR2	4	72897716	73014021	+
NPHP1	2	110880924	110962590	-
NPHP3	3	132399452	132441253	-
NPHP3-ACAD11	3	132276981	132441303	-
NPHP3-AS1	3	132440593	132593055	+
NPHP4	1	5922870	6052485	-
NPHS1	19	36316273	36343406	-
NPHS2	1	179519673	179545083	-
NPIPA1	16	15031299	15045911	+
NPIPA2	16	14805545	14859305	+
NPIPA3	16	14805545	14859315	+
NPIPA5	16	15457480	15472151	-
NPIPA7	16	16473101	18426519	-
NPIPA8	16	16469903	18429717	+
NPIPB11	16	29392638	29415866	-
NPIPB12	16	29494854	30257176	-
NPIPB13	16	30234055	30259734	-
NPIPB15	16	74411849	74426012	+
NPIPB2	16	12021121	12058295	-
NPIPB3	16	21413449	21436699	-
NPIPB4	16	21845903	21869077	-
NPIPB5	16	22524843	22547841	+
NPIPB6	16	28353838	28374181	-
NPIPB8	16	28649681	28669951	+
NPIPB9	16	28763755	28784144	+
NPL	1	182758583	182799519	+
NPLOC4	17	79523910	79604138	-
NPM1	5	170814119	170837904	+
NPM2	8	21881644	21894408	+
NPM3	10	103541081	103543170	-
NPNT	4	106816627	106892828	+
NPPA	1	11905765	11907840	-
NPPA-AS1	1	11900375	11907673	+
NPPB	1	11917520	11919002	-
NPPC	2	232786520	232791106	-
NPR1	1	153651163	153666468	+
NPR2	9	35791587	35809728	+
NPR3	5	32690977	32791830	+
NPRL2	3	50384785	50388206	-
NPRL3	16	135384	188697	-
NPS	10	129347572	129351804	+
NPSR1	7	34697829	34917944	+
NPSR1-AS1	7	34386123	34873943	-
NPTN	15	73852354	73925730	-
NPTN-IT1	15	73859278	73861884	-
NPTX1	17	78440633	78450407	-
NPTX2	7	98246596	98259181	+
NPTXR	22	39214456	39240033	-
NPVF	7	25264190	25268105	-
NPW	16	2069785	2070756	+
NPY	7	24323808	24331479	+
NPY1R	4	164245113	164253748	-
NPY2R	4	156094874	156138228	+
NPY4R	10	47083456	47088320	+
NPY4R2	10	47081819	47088173	+
NPY5R	4	164264998	164273086	+
NPY6R	5	137136881	137146439	+
NQO1	16	69743303	69760463	-
NQO2	6	3000049	3020110	+
NR0B1	X	30322322	30327507	-
NR0B2	1	27237979	27240466	-
NR1D1	17	38249045	38256842	-
NR1D2	3	23986776	24022109	+
NR1H2	19	50879713	50886645	+
NR1H3	11	47269850	47290584	+
NR1H4	12	100867643	100958192	+
NR1I2	3	119499330	119537332	+
NR1I3	1	161199455	161208000	-
NR2C1	12	95414004	95467394	-
NR2C2	3	14989089	15090780	+
NR2C2AP	19	19312219	19314223	-
NR2E1	6	108487225	108510013	+
NR2E3	15	72102893	72110594	+
NR2F1	5	92918927	92930315	+
NR2F1-AS1	5	92745061	92917026	-
NR2F2	15	96869274	96883492	+
NR2F2-AS1	15	96670588	96870590	-
NR2F6	19	17342693	17356151	-
NR3C1	5	142657495	142815077	-
NR3C2	4	148999914	149365850	-
NR4A1	12	52416615	52453291	+
NR4A2	2	157180948	157189233	-
NR4A3	9	102584136	102629173	+
NR5A1	9	127243514	127269678	-
NR5A2	1	199996837	200146550	+
NR6A1	9	127279553	127533590	-
NRAD1	13	44596470	44604599	+
NRADDP	3	47053031	47054957	+
NRAP	10	115348472	115423829	-
NRARP	9	140194082	140196723	-
NRAS	1	115247089	115259392	-
NRAV	12	120928140	120933749	-
NRBF2	10	64893006	64914791	+
NRBP1	2	27650656	27665124	+
NRBP2	8	144915752	144923145	-
NRCAM	7	107788070	108097164	-
NRDC	1	52254865	52344609	-
NRDE2	14	90734203	90798285	-
NREP	5	111064498	111312629	-
NREP-AS1	5	111248204	111353003	+
NRF1	7	129251560	129396922	+
NRG1	8	31497267	32631562	+
NRG1-IT1	8	31883251	31996993	+
NRG1-IT3	8	32298261	32300241	+
NRG2	5	139226363	139422884	-
NRG3	10	83634949	84746935	+
NRG3-AS1	10	83988769	83992676	-
NRG4	15	76233276	76304765	-
NRGN	11	124609837	124617106	+
NRIP1	21	16333555	16437321	-
NRIP2	12	2934513	2944201	-
NRIP3	11	9002122	9025548	-
NRIR	2	6968684	6980595	-
NRK	X	105066531	105202602	+
NRL	14	24547870	24584158	-
NRM	6	30655825	30659197	-
NRN1	6	5998232	6007838	-
NRN1L	16	67918787	67922756	+
NRON	9	129170053	129172783	-
NRP1	10	33466418	33623833	-
NRP2	2	206547223	206662855	+
NRROS	3	196366564	196388874	+
NRSN1	6	24126442	24147758	+
NRSN2	20	327754	335506	+
NRSN2-AS1	20	300330	305896	-
NRTN	19	5805077	5828335	+
NRXN1	2	50145640	51259674	-
NRXN2	11	64373645	64490669	-
NRXN3	14	78636715	80334634	+
NSA2	5	74063073	74075938	+
NSD1	5	176560079	176727214	+
NSD2	4	1873119	1983934	+
NSD3	8	38127222	38239790	-
NSDHL	X	151999510	152038273	+
NSF	17	44668034	44834828	+
NSFL1C	20	1422806	1448337	-
NSFP1	17	44450178	44718040	+
NSG1	4	4388258	4420785	+
NSG2	5	173472708	173536182	+
NSL1	1	212899494	212965119	-
NSMAF	8	59496062	59572412	-
NSMCE1	16	27236314	27280093	-
NSMCE1-DT	16	27279525	27301789	+
NSMCE2	8	126104064	126379367	+
NSMCE3	15	29557193	29562026	-
NSMCE4A	10	123716605	123734732	-
NSMF	9	140342022	140353786	-
NSRP1	17	28443824	28513493	+
NSUN2	5	6599351	6633157	-
NSUN3	3	93781904	93850675	+
NSUN4	1	46805848	46830824	+
NSUN5	7	72716512	72722864	-
NSUN5P1	7	75039604	75046071	+
NSUN5P2	7	72418831	72425302	-
NSUN6	10	18834489	18948167	-
NSUN7	4	40751971	40813201	+
NT5C	17	73126319	73127890	-
NT5C1A	1	40124792	40137710	-
NT5C1B	2	18744136	18770835	-
NT5C1B-RDH14	2	18735988	18770846	-
NT5C2	10	104847773	104953063	-
NT5C3A	7	33053724	33102388	-
NT5C3B	17	39981308	39992523	-
NT5DC1	6	116422015	116570660	+
NT5DC2	3	52558402	52569043	-
NT5DC3	12	104166087	104235012	-
NT5DC4	2	113479062	113500454	+
NT5E	6	86159301	86205509	+
NT5M	17	17206686	17250977	+
NTAN1	16	15131709	15149936	-
NTAQ1	8	124428964	124460330	+
NTF3	12	5541273	5604465	+
NTF4	19	49564396	49567124	-
NTHL1	16	2089820	2097835	-
NTM	11	131240509	132206716	+
NTM-AS1	11	131532022	131533450	-
NTM-IT	11	132154195	132158353	+
NTMT1	9	132371162	132398414	+
NTN1	17	8924826	9147317	+
NTN3	16	2521297	2524146	+
NTN4	12	96051582	96184933	-
NTN5	19	49164663	49176274	-
NTNG1	1	107682709	108027545	+
NTNG2	9	135037444	135119911	+
NTPCR	1	233086356	233119628	+
NTRK1	1	156785541	156851642	+
NTRK2	9	87283436	87641967	+
NTRK3	15	88402981	88799970	-
NTRK3-AS1	15	88795960	88814297	+
NTS	12	86268072	86276770	+
NTSR1	20	61340187	61394123	+
NTSR2	2	11798303	11810321	-
NUAK1	12	106457124	106533811	-
NUAK2	1	205271190	205290873	-
NUB1	7	151038897	151075532	+
NUBP1	16	10837642	10863208	+
NUBP2	16	1832960	1839187	+
NUBPL	14	32030609	32330429	+
NUCB1	19	49403568	49426629	+
NUCB1-AS1	19	49414186	49422148	-
NUCB2	11	17298260	17353758	+
NUCKS1	1	205681949	205719310	-
NUDC	1	27248233	27273362	+
NUDCD1	8	110253147	110346316	-
NUDCD2	5	162873531	162887108	-
NUDCD3	7	44418717	44530257	-
NUDT1	7	2281856	2290780	+
NUDT10	X	51075082	51080377	+
NUDT11	X	51232862	51239444	-
NUDT12	5	102884555	102898490	-
NUDT13	10	74870132	74891586	+
NUDT14	14	105639275	105647660	-
NUDT15	13	48611702	48626878	+
NUDT16	3	131100514	131107674	+
NUDT16L1	16	4743693	4745860	+
NUDT16P1	3	131080688	131083966	+
NUDT17	1	145586114	145589438	-
NUDT18	8	21964388	21966932	-
NUDT19	19	33182866	33204702	+
NUDT2	9	34329503	34343711	+
NUDT21	16	56463044	56485244	-
NUDT22	11	63993729	63997488	+
NUDT3	6	34247455	34360446	-
NUDT4	12	93771700	93801922	+
NUDT4B	12	93771919	93796052	+
NUDT4P2	12	93771701	93796045	+
NUDT5	10	12207326	12238143	-
NUDT6	4	123813731	123844123	-
NUDT7	16	77756388	77776157	+
NUDT8	11	67395408	67397408	-
NUDT9	4	88343724	88380607	+
NUDT9P1	10	92911760	92912837	-
NUF2	1	163291743	163325549	+
NUFIP1	13	45513383	45563606	-
NUFIP2	17	27582856	27621166	-
NUGGC	8	27879480	27941453	-
NUMA1	11	71713909	71791739	-
NUMB	14	73741917	73925286	-
NUMBL	19	41171811	41196556	-
NUP107	12	69080757	69139589	+
NUP133	1	229576005	229644088	-
NUP153	6	17615265	17707156	-
NUP155	5	37288238	37371208	-
NUP160	11	47799634	47870096	-
NUP188	9	131709977	131769375	+
NUP205	7	135242664	135333499	+
NUP210	3	13357734	13461822	-
NUP210L	1	153965167	154127592	-
NUP210P1	3	126380923	126390782	+
NUP214	9	134000972	134110050	+
NUP35	2	183982217	184026412	+
NUP37	12	102466880	102513892	-
NUP42	7	23221666	23240625	+
NUP43	6	150045451	150067665	-
NUP50	22	45559805	45583898	+
NUP50-DT	22	45529638	45559662	-
NUP54	4	77035811	77069668	-
NUP58	13	25875762	25916559	+
NUP62	19	50410082	50432761	-
NUP62CL	X	106366656	106449663	-
NUP85	17	73201530	73231854	+
NUP88	17	5288152	5323059	-
NUP93	16	56764040	56884198	+
NUP98	11	3696239	3818784	-
NUPR1	16	28544028	28550295	-
NUPR2	7	56182373	56184110	-
NUS1	6	117996631	118031886	+
NUSAP1	15	41625078	41673244	+
NUTF2	16	67880835	67906469	+
NUTM1	15	34635515	34649938	+
NUTM2A	10	88985204	88994733	+
NUTM2A-AS1	10	88998423	89102315	-
NUTM2B	10	81462982	81472513	+
NUTM2B-AS1	10	81451255	81586350	-
NUTM2D	10	89117500	89130452	+
NUTM2E	10	81586494	81610634	+
NUTM2F	9	97080479	97090926	-
NUTM2G	9	99691124	99705253	+
NVL	1	224415035	224517891	-
NWD1	19	16830657	16928774	+
NWD2	4	37246364	37451085	+
NXF1	11	62559601	62572912	-
NXF2	X	101502160	101694862	+
NXF2B	X	101502093	101694929	-
NXF3	X	102330737	102348071	-
NXF4	X	101804892	101826621	+
NXF5	X	101087084	101112549	-
NXN	17	702550	883016	-
NXNL1	19	17566233	17571735	-
NXNL2	9	91150015	91190708	+
NXPE1	11	114389655	114430603	-
NXPE2	11	114549248	114577791	+
NXPE3	3	101498054	101547075	+
NXPE4	11	114441312	114466508	-
NXPH1	7	8473238	8792591	+
NXPH2	2	139426726	139537960	-
NXPH3	17	47653232	47661189	+
NXPH4	12	57610576	57620232	+
NXT1	20	23331427	23335408	+
NXT2	X	108779052	108787927	+
NYAP1	7	100081549	100092424	+
NYAP2	2	226264425	226568370	+
NYNRIN	14	24868208	24888489	+
NYX	X	41306595	41334905	+
OACYLP	18	56702910	56720446	+
OAF	11	120081739	120101043	+
OARD1	6	41032510	41065526	-
OAS1	12	113344581	113371024	+
OAS2	12	113416323	113449528	+
OAS3	12	113376278	113411056	+
OASL	12	121458094	121477045	-
OAT	10	126085871	126107545	-
OAZ1	19	2269484	2273487	+
OAZ2	15	64979772	64995480	-
OAZ3	1	151735444	151743806	+
OBI1	13	79188423	79233290	-
OBI1-AS1	13	78628989	79191460	+
OBP2A	9	138437971	138441815	+
OBP2B	9	136080665	136084637	-
OBSCN	1	228395744	228566575	+
OBSCN-AS1	1	228391206	228401365	-
OBSL1	2	220415449	220436261	-
OC90	8	133036462	133071629	-
OCA2	15	28000020	28344461	-
OCEL1	19	17337034	17340028	+
OCIAD1	4	48833059	48863834	+
OCIAD1-AS1	4	48854025	48862220	-
OCIAD2	4	48887035	48908845	-
OCLN	5	68788373	68853931	+
OCLNP1	5	70370029	70388897	-
OCM	7	5920428	5925994	+
OCM2	7	97614011	97619416	-
OCRL	X	128674235	128726530	+
OCSTAMP	20	45169584	45179293	-
ODAM	4	71061441	71070293	+
ODAPH	4	76481257	76491103	+
ODC1	2	10580093	10588453	-
ODC1-DT	2	10589853	10595678	+
ODF1	8	103563816	103573246	+
ODF2	9	131217433	131263571	+
ODF2L	1	86812506	86862025	-
ODF3	11	196760	200258	+
ODF3B	22	50968854	50970927	-
ODF3L1	15	76016381	76020029	+
ODF3L2	19	463360	491624	-
ODF4	17	8243157	8249364	+
ODR4	1	186344889	186390507	+
OFD1	X	13752831	13787476	+
OGA	10	103544199	103578222	-
OGDH	7	44646225	44748665	+
OGDHL	10	50942686	50970425	-
OGFOD1	16	56485435	56513014	+
OGFOD2	12	123459272	123464589	+
OGFOD3	17	80347085	80376462	-
OGFR	20	61436186	61445352	+
OGFR-AS1	20	61431978	61436939	-
OGFRL1	6	71998513	72018762	+
OGFRP1	22	42665758	42670868	+
OGG1	3	9791627	9808353	+
OGN	9	95145549	95166981	-
OGT	X	70752953	70795742	+
OIP5	15	41601465	41624819	-
OIP5-AS1	15	41576187	41605536	+
OIT3	10	74653496	74692794	+
OLA1	2	174937174	175113260	-
OLAH	10	15085941	15115852	+
OLFM1	9	137967350	138013030	+
OLFM2	19	9964393	10047191	-
OLFM3	1	102268115	102462790	-
OLFM4	13	53602947	53626188	+
OLFM5P	11	5539539	5543015	-
OLFML1	11	7506736	7532606	+
OLFML2A	9	127539411	127577170	+
OLFML2B	1	161952981	161994255	-
OLFML3	1	114522012	114524876	+
OLIG1	21	34442446	34444719	+
OLIG2	21	34398242	34401491	+
OLIG3	6	137813335	137815531	-
OLMALINC	10	102133332	102148111	+
OLR1	12	10310898	10324790	-
OMA1	1	58946390	59012398	-
OMD	9	95176526	95186836	-
OMG	17	29621664	29624257	-
OMP	11	76813885	76814377	+
ONECUT1	15	53047250	53082533	-
ONECUT2	18	55102605	55158530	+
ONECUT3	19	1753504	1780974	+
OOEP	6	74078279	74079515	-
OOSP1	11	59710351	59763318	+
OOSP2	11	59807881	59815516	+
OOSP4B	11	59791275	59798568	+
OPA1	3	193310996	193415600	+
OPA1-AS1	3	193336387	193345121	-
OPA3	19	46030684	46088060	-
OPALIN	10	98102974	98119122	-
OPCML	11	132284558	133402396	-
OPHN1	X	67262185	67653337	-
OPLAH	8	145106166	145115595	-
OPN1LW	X	153409716	153424507	+
OPN1MW	X	153448084	153499470	+
OPN1MW2	X	153448084	153498755	+
OPN1MW3	X	153448106	153498755	+
OPN1SW	7	128412538	128415848	-
OPN3	1	241756425	241803671	-
OPN4	10	88414303	88426216	+
OPN5	6	47749774	47794116	+
OPRD1	1	29138681	29197779	+
OPRK1	8	54138275	54164257	-
OPRL1	20	62711434	62731996	+
OPRM1	6	154331630	154568001	+
OPRPN	4	71263656	71275912	+
OPTC	1	203463280	203478077	+
OPTN	10	13142081	13180307	+
OR10A2	11	6890985	6891897	+
OR10A3	11	7960122	7961067	-
OR10A4	11	6897855	6898850	+
OR10A5	11	6866913	6867867	+
OR10A6	11	7949264	7950209	-
OR10A7	12	55614808	55615759	+
OR10AC1	7	143207959	143209104	-
OR10AD1	12	48596121	48597075	-
OR10AG1	11	55735033	55735939	-
OR10C1	6	29407715	29408754	+
OR10D3	11	124053925	124059487	+
OR10G2	14	22101991	22103096	-
OR10G3	14	22037933	22038875	-
OR10G4	11	123886281	123887217	+
OR10G6	11	123864869	123865868	-
OR10G7	11	123908772	123909708	-
OR10G8	11	123897504	123901341	+
OR10G9	11	123893719	123894655	+
OR10H1	19	15917812	15918936	-
OR10H2	19	15838833	15839862	+
OR10H3	19	15852202	15853153	+
OR10H4	19	16059817	16060768	+
OR10H5	19	15904858	15905806	+
OR10J1	1	159367254	159410757	+
OR10J3	1	159283459	159284449	-
OR10J4	1	159401981	159403104	+
OR10J5	1	159504867	159505797	-
OR10K1	1	158435351	158436293	+
OR10K2	1	158389717	158390656	-
OR10P1	12	56030675	56031617	+
OR10Q1	11	57995353	57996390	-
OR10R2	1	158449667	158450675	+
OR10S1	11	123847402	123848398	-
OR10T2	1	158368311	158369256	-
OR10V1	11	59480388	59481318	-
OR10V2P	11	59516284	59517054	+
OR10W1	11	58034263	58035732	-
OR10X1	1	158548708	158549689	-
OR10Z1	1	158576228	158577170	+
OR11A1	6	29393280	29399849	-
OR11G2	14	20665494	20666532	+
OR11H1	22	16448823	16449804	-
OR11H12	14	19377593	19378574	+
OR11H2	14	20181062	20182491	-
OR11H4	14	20710950	20711925	+
OR11H6	14	20691868	20692861	+
OR11H7	14	20697139	20698908	+
OR11L1	1	248004229	248005198	-
OR12D1	6	29384841	29386173	+
OR12D2	6	29364415	29365448	+
OR12D3	6	29341199	29343068	-
OR13A1	10	45798099	45811056	-
OR13C2	9	107366951	107367908	-
OR13C3	9	107298050	107299094	-
OR13C4	9	107288533	107289490	-
OR13C5	9	107360737	107361694	-
OR13C8	9	107331448	107332411	+
OR13C9	9	107379528	107380485	-
OR13D1	9	107456702	107457743	+
OR13F1	9	107266543	107267503	+
OR13G1	1	247835419	247836343	-
OR13H1	X	130678047	130678974	+
OR13J1	9	35869459	35870398	-
OR14A16	1	247978101	247979031	-
OR14A2	1	247886258	247911460	-
OR14C36	1	248512076	248513015	+
OR14I1	1	248844669	248845605	-
OR14J1	6	29269477	29280794	+
OR14K1	1	247901916	247902861	+
OR1A1	17	3118914	3119844	+
OR1A2	17	3100810	3101742	+
OR1B1	9	125390857	125391814	-
OR1C1	1	247920763	247921708	-
OR1D2	17	2995351	2996290	-
OR1D4	17	3143969	3144908	+
OR1D5	17	2965962	2966901	-
OR1E1	17	3300397	3301704	-
OR1E2	17	3336163	3337135	-
OR1E3	17	3019886	3020751	+
OR1F1	16	3238203	3256554	+
OR1F12	6	28041093	28042107	+
OR1F2P	16	3265561	3266546	+
OR1G1	17	3029903	3030845	-
OR1I1	19	15197876	15198944	+
OR1J1	9	125239236	125240205	-
OR1J2	9	125273080	125274022	+
OR1J4	9	125281419	125282361	+
OR1K1	9	125562401	125563352	+
OR1L1	9	125423994	125424927	+
OR1L3	9	125437408	125438383	+
OR1L4	9	125486268	125487204	+
OR1L6	9	125504581	125513062	+
OR1L8	9	125329826	125330756	-
OR1M1	19	9203920	9204862	+
OR1N1	9	125288636	125289572	-
OR1N2	9	125315390	125316493	+
OR1Q1	9	125377016	125377961	+
OR1S1	11	57980191	57983555	+
OR1S2	11	57970675	57971653	-
OR2A1	7	144009511	144019829	+
OR2A1-AS1	7	143892413	144052811	+
OR2A12	7	143783370	143796046	+
OR2A14	7	143820268	143828281	+
OR2A2	7	143806675	143807632	+
OR2A20P	7	143947766	143997395	-
OR2A25	7	143771312	143772245	+
OR2A4	6	132020783	132022541	-
OR2A42	7	143929003	144016150	-
OR2A5	7	143746040	143755938	+
OR2A7	7	143955788	143956721	-
OR2A9P	7	143947563	143997598	-
OR2AE1	7	99473684	99474656	-
OR2AG1	11	6806247	6807245	+
OR2AG2	11	6789237	6790188	-
OR2AJ1	1	248097067	248098057	+
OR2AK2	1	248128633	248129641	+
OR2AP1	12	55968198	55969128	+
OR2AT4	11	74799736	74807935	-
OR2B11	1	247614330	247615284	-
OR2B2	6	27878962	27880174	-
OR2B3	6	29053984	29055090	-
OR2B6	6	27925018	27925960	+
OR2C1	16	3405888	3407306	+
OR2C3	1	247693433	247697141	-
OR2D2	11	6912804	6913731	-
OR2D3	11	6942232	6943225	+
OR2F1	7	143657019	143658108	+
OR2F2	7	143632325	143633279	+
OR2G2	1	247751661	247752615	+
OR2G3	1	247768887	247769817	+
OR2G6	1	248684947	248685898	+
OR2H1	6	29424931	29432099	+
OR2H2	6	29555682	29556745	+
OR2J1	6	29067266	29070478	+
OR2J2	6	29141310	29142351	+
OR2J3	6	29079586	29080661	+
OR2K2	9	114089509	114092504	-
OR2L13	1	248100330	248264224	+
OR2L1P	1	248153568	248154493	+
OR2L2	1	248201473	248202607	+
OR2L3	1	248223983	248224922	+
OR2L5	1	248185249	248186188	+
OR2L8	1	248112159	248113098	+
OR2M1P	1	248285437	248286082	+
OR2M2	1	248343287	248344331	+
OR2M3	1	248366369	248367308	+
OR2M4	1	248402230	248403166	+
OR2M5	1	248308449	248309388	+
OR2M7	1	248486931	248487870	-
OR2S2	9	35957104	35958151	-
OR2T1	1	248569295	248570405	+
OR2T10	1	248756130	248757069	-
OR2T11	1	248789478	248790429	-
OR2T12	1	248457917	248458880	-
OR2T2	1	248616098	248617073	+
OR2T27	1	248813231	248814185	-
OR2T29	1	248721844	248722792	-
OR2T3	1	248636651	248637608	+
OR2T33	1	248436153	248437116	-
OR2T34	1	248737101	248738058	-
OR2T35	1	248801587	248802559	-
OR2T4	1	248524882	248525929	+
OR2T5	1	248651889	248722792	+
OR2T6	1	248550909	248551836	+
OR2T7	1	248604417	248605434	+
OR2T8	1	248084319	248085258	+
OR2V1	5	180551356	180552304	-
OR2V2	5	180581942	180582890	+
OR2W1	6	29011989	29012952	-
OR2W3	1	248058888	248059833	+
OR2W5	1	247654369	247655711	+
OR2Y1	5	180166122	180167058	-
OR2Z1	19	8841315	8842371	+
OR3A1	17	3194928	3195876	-
OR3A2	17	3181183	3182268	-
OR3A3	17	3323861	3324827	+
OR3A4P	17	3213538	3214740	+
OR4A15	11	55135359	55136394	+
OR4A16	11	55110676	55111663	+
OR4A47	11	48510344	48511274	+
OR4A5	11	51411377	51412448	-
OR4B1	11	48238361	48239291	+
OR4C11	11	55370829	55371874	-
OR4C12	11	50003008	50004071	-
OR4C13	11	49973942	49974971	+
OR4C15	11	55321744	55323092	+
OR4C16	11	55339603	55340536	+
OR4C3	11	48346471	48347507	+
OR4C45	11	48366899	48373999	-
OR4C46	11	51515281	51516211	+
OR4C5	11	48386848	48388040	-
OR4C6	11	55432642	55433572	+
OR4D1	17	56232514	56233447	+
OR4D10	11	59244902	59245838	+
OR4D11	11	59271048	59271984	+
OR4D2	17	56247016	56247940	+
OR4D5	11	123810323	123811280	+
OR4D6	11	59224433	59225378	+
OR4D9	11	59282385	59283330	+
OR4E1	14	22138124	22139232	-
OR4E2	14	22133296	22134238	+
OR4F13P	15	102382321	102390527	+
OR4F15	15	102358389	102359328	+
OR4F17	19	107145	111696	+
OR4F21	8	116085	117024	-
OR4F4	15	102462344	102463262	-
OR4F5	1	69090	70008	+
OR4F6	15	102345922	102346861	+
OR4K1	14	20403766	20404842	+
OR4K13	14	20502002	20502917	-
OR4K14	14	20482419	20483352	-
OR4K15	14	20443677	20444724	+
OR4K17	14	20585626	20586597	+
OR4K2	14	20344426	20345371	+
OR4K3	14	20336355	20337332	-
OR4K5	14	20388765	20389737	+
OR4L1	14	20528203	20529142	+
OR4M1	14	20248481	20249423	+
OR4M2	15	22368477	22369561	+
OR4N2	14	20271928	20298412	+
OR4N3P	15	22413461	22414395	+
OR4N4	15	22382381	22383815	+
OR4N4C	15	22369147	22383572	+
OR4N5	14	20611894	20612821	+
OR4P4	11	55405833	55406772	+
OR4Q2	14	20470220	20471351	+
OR4Q3	14	20215586	20216528	+
OR4S1	11	48327774	48328704	+
OR4S2	11	55418379	55419315	+
OR4X1	11	48285412	48286330	+
OR4X2	11	48266655	48267567	+
OR51A2	11	4976001	4976943	-
OR51A4	11	4967388	4968330	-
OR51A7	11	4928599	4929538	+
OR51B2	11	5344527	5345582	-
OR51B4	11	5322243	5323176	-
OR51B5	11	5361547	5526882	-
OR51B6	11	5372737	5373676	+
OR51D1	11	4660944	4662068	+
OR51E1	11	4665211	4676716	+
OR51E2	11	4701400	4719083	-
OR51F1	11	4790208	4791168	-
OR51F2	11	4842550	4843686	+
OR51G1	11	4944603	4945569	-
OR51G2	11	4933817	4940580	-
OR51H1	11	4880846	4884882	-
OR51I1	11	5461771	5462783	-
OR51I2	11	5474637	5475707	+
OR51J1	11	5423626	5425001	+
OR51L1	11	5016080	5026766	+
OR51M1	11	5410606	5411664	+
OR51Q1	11	5443340	5444436	+
OR51S1	11	4869466	4870438	-
OR51T1	11	4902929	4904313	+
OR51V1	11	5220964	5221930	-
OR52A1	11	5172660	5173599	-
OR52A5	11	5150005	5159586	-
OR52B2	11	6190584	6191556	-
OR52B4	11	4388492	4389616	-
OR52B6	11	5602106	5603114	+
OR52D1	11	5509914	5510978	+
OR52E1	11	5090601	5091926	+
OR52E2	11	5079879	5080857	-
OR52E4	11	5905522	5906461	+
OR52E5	11	5914437	5923960	+
OR52E6	11	5862157	5863127	-
OR52E8	11	5877978	5878932	-
OR52H1	11	5565790	5566753	-
OR52I1	11	4615268	4616243	+
OR52I2	11	4608020	4609135	+
OR52J3	11	5067755	5068691	+
OR52K1	11	4503875	4514727	+
OR52K2	11	4470524	4471591	+
OR52L1	11	6007121	6008215	-
OR52M1	11	4566420	4567374	+
OR52N1	11	5809083	5810046	-
OR52N2	11	5841565	5842531	+
OR52N4	11	5775922	5776959	+
OR52N5	11	5797394	5804585	-
OR52R1	11	4824662	4825610	-
OR52W1	11	6220453	6221416	+
OR52Z1	11	5198850	5199941	-
OR56A1	11	6047900	6048971	-
OR56A3	11	5968576	5969524	+
OR56A4	11	6023080	6024422	-
OR56A5	11	5988782	5989724	-
OR56B1	11	5757677	5759753	+
OR56B4	11	6128913	6130065	+
OR5A1	11	59203941	59218853	+
OR5A2	11	59189451	59190426	-
OR5AC2	3	97806016	97806946	+
OR5AK2	11	56756388	56757318	+
OR5AK4P	11	56805008	56805935	+
OR5AL1	11	56180072	56181257	+
OR5AN1	11	59126367	59139187	+
OR5AP2	11	56408964	56409915	-
OR5AR1	11	56431161	56432094	+
OR5AS1	11	55797894	55798869	+
OR5AU1	14	21623023	21624222	-
OR5B12	11	58206466	58209709	-
OR5B17	11	58125596	58126542	-
OR5B2	11	58189737	58190786	-
OR5B21	11	58274279	58275773	-
OR5B3	11	58169937	58170882	-
OR5C1	9	125551211	125552174	+
OR5D13	11	55540913	55541858	+
OR5D14	11	55563031	55563976	+
OR5D16	11	55606227	55607214	+
OR5D18	11	55587105	55588047	+
OR5E1P	11	7870597	7871118	+
OR5F1	11	55761156	55762101	-
OR5H1	3	97851541	97852483	+
OR5H14	3	97868229	97869162	+
OR5H15	3	97887543	97888485	+
OR5H2	3	98001731	98002676	+
OR5H6	3	97983087	97984200	+
OR5I1	11	55702931	55703876	-
OR5J2	11	55944093	55945032	+
OR5K1	3	98188323	98189420	+
OR5K2	3	98216524	98217475	+
OR5K3	3	98109509	98110475	+
OR5K4	3	98072697	98073663	+
OR5L1	11	55578842	55579952	+
OR5L2	11	55594694	55595630	+
OR5M1	11	56376713	56382350	-
OR5M10	11	56344249	56345197	-
OR5M11	11	56309815	56310733	-
OR5M3	11	56236963	56238014	-
OR5M8	11	56257910	56258846	-
OR5M9	11	56229944	56230877	-
OR5P2	11	7817520	7818489	-
OR5P3	11	7846583	7847519	-
OR5R1	11	56184733	56185708	-
OR5T1	11	56041629	56044295	+
OR5T2	11	55998757	56001731	-
OR5T3	11	56019675	56020698	+
OR5V1	6	29321525	29336642	-
OR5W2	11	55681125	55682058	-
OR6A2	11	6815755	6817139	-
OR6B1	7	143701021	143702068	+
OR6B2	2	240968907	240969846	-
OR6B3	2	240984493	240985489	-
OR6C1	12	55714383	55715322	+
OR6C2	12	55845997	55846936	+
OR6C3	12	55725484	55726420	+
OR6C4	12	55945010	55945940	+
OR6C6	12	55688071	55689016	-
OR6C65	12	55794312	55795251	+
OR6C68	12	55886161	55887100	+
OR6C70	12	55862983	55863922	-
OR6C74	12	55641071	55642010	+
OR6C75	12	55758894	55759833	+
OR6C76	12	55820037	55820976	+
OR6F1	1	247875130	247876057	-
OR6J1	14	23102470	23103749	-
OR6K2	1	158669368	158670486	-
OR6K3	1	158686957	158687905	-
OR6K6	1	158724605	158725637	+
OR6M1	11	123676115	123677057	-
OR6N1	1	158735533	158736472	-
OR6N2	1	158746471	158747425	-
OR6P1	1	158532440	158533394	-
OR6Q1	11	57798424	57799378	+
OR6S1	14	21108854	21109850	-
OR6T1	11	123813573	123814545	-
OR6V1	7	142749437	142750379	+
OR6W1P	7	142759380	142760882	-
OR6X1	11	123624287	123625226	-
OR6Y1	1	158516917	158517895	-
OR7A10	19	14951759	14952689	-
OR7A17	19	14991237	14992167	-
OR7A5	19	14937054	14945997	-
OR7C1	19	14909326	14945997	-
OR7C2	19	15052300	15053260	+
OR7D2	19	9296269	9299494	+
OR7D4	19	9324525	9325547	-
OR7E12P	11	3411936	3413145	-
OR7E14P	11	17073432	17074591	+
OR7E156P	13	64311567	64316701	+
OR7E24	19	9361719	9362739	+
OR7E2P	11	86567972	86568996	-
OR7E37P	13	42016699	42017902	+
OR7E47P	12	52478529	52502103	+
OR7E5P	11	55746178	55753881	-
OR7E91P	2	71251204	71257060	+
OR7G1	19	9225503	9226439	-
OR7G2	19	9212944	9213982	-
OR7G3	19	9236687	9237626	-
OR8A1	11	124439892	124441270	+
OR8B12	11	124412617	124413550	-
OR8B2	11	124252297	124253239	-
OR8B3	11	124265429	124268920	-
OR8B4	11	124293837	124294767	-
OR8B8	11	124310045	124310981	-
OR8D1	11	124179735	124180662	-
OR8D2	11	124189157	124190093	-
OR8D4	11	123777138	123778083	+
OR8G1	11	124120422	124135756	+
OR8G2P	11	124095343	124096368	+
OR8G5	11	124126271	124136120	+
OR8H1	11	56057602	56058538	-
OR8H2	11	55872518	55873457	+
OR8H3	11	55889848	55890787	+
OR8I2	11	55860783	55861716	+
OR8J1	11	56127690	56128764	+
OR8J3	11	55904246	55905194	-
OR8K1	11	56113514	56114474	+
OR8K3	11	56085782	56086721	+
OR8K5	11	55926869	55927793	-
OR8S1	12	48919414	48921886	+
OR8U1	11	56143099	56144029	+
OR8U8	11	56143099	56143975	+
OR9A2	7	142723286	142724219	-
OR9A4	7	141616198	141620425	+
OR9G1	11	56466570	56471360	+
OR9G4	11	56510303	56511287	-
OR9G9	11	56467863	56468781	+
OR9I1	11	57885971	57886916	-
OR9K2	12	55523552	55524560	+
OR9Q1	11	57791352	57949084	+
OR9Q2	11	57957905	57958990	+
ORAI1	12	122064454	122079946	+
ORAI2	7	102073976	102097270	+
ORAI3	16	30960388	30966259	+
ORC1	1	52838500	52870143	-
ORC2	2	201773699	201828383	-
ORC3	6	88299784	88377172	+
ORC4	2	148687964	148779173	-
ORC5	7	103766787	103848495	-
ORC6	16	46723570	46732306	+
ORM1	9	117085377	117088759	+
ORM2	9	117092148	117095531	+
ORMDL1	2	190628584	190649065	-
ORMDL2	12	56211824	56215663	+
ORMDL3	17	38077293	38083854	-
OS9	12	58087737	58115340	+
OSBP	11	59341870	59383247	-
OSBP2	22	31089768	31303811	+
OSBPL10	3	31702316	32023342	-
OSBPL10-AS1	3	31745704	31763078	+
OSBPL11	3	125247701	125314341	-
OSBPL1A	18	21742008	21977788	-
OSBPL2	20	60813576	60871269	+
OSBPL3	7	24836155	25019797	-
OSBPL5	11	3108336	3186540	-
OSBPL6	2	179059207	179267620	+
OSBPL7	17	45884737	45899160	-
OSBPL8	12	76745577	76953551	-
OSBPL9	1	52082763	52254891	+
OSCAR	19	54597932	54605994	-
OSCP1	1	36883506	36916086	-
OSER1	20	42824579	42839411	-
OSER1-DT	20	42839599	42854667	+
OSGEP	14	20914560	20922971	-
OSGEPL1	2	190611385	190627924	-
OSGEPL1-AS1	2	190627505	190630282	+
OSGIN1	16	83986844	83999937	+
OSGIN2	8	90914095	90940115	+
OSM	22	30658818	30662840	-
OSMR	5	38845959	38935743	+
OSMR-AS1	5	38693314	38845931	-
OSR1	2	19551245	19558384	-
OSR2	8	99956630	99964332	+
OST4	2	27293340	27294522	-
OSTC	4	109571740	109588978	+
OSTCP1	6	159262156	159278664	-
OSTF1	9	77703429	77762181	+
OSTM1	6	108362612	108395945	-
OSTM1-AS1	6	108444836	108480599	+
OSTN	3	190917029	190983403	+
OSTN-AS1	3	190931083	190952394	-
OTC	X	38211856	38280699	+
OTOA	16	21675288	21772050	+
OTOAP1	16	22557018	22588186	+
OTOF	2	26680070	26781624	-
OTOG	11	17568805	17667591	+
OTOGL	12	80493316	80774660	+
OTOL1	3	161214595	161221730	+
OTOP1	4	4190453	4228656	-
OTOP2	17	72920367	72930007	+
OTOP3	17	72931896	72946087	+
OTOR	20	16729002	16732809	+
OTOS	2	241078442	241080075	-
OTP	5	76924536	76934538	-
OTUB1	11	63753324	63765892	+
OTUB2	14	94492685	94515276	+
OTUD1	10	23728003	23731306	+
OTUD3	1	20208887	20239437	+
OTUD4	4	146054801	146101741	-
OTUD5	X	48779300	48815643	-
OTUD6A	X	69282306	69284029	+
OTUD6B	8	92082571	92099323	+
OTUD6B-AS1	8	92072133	92082417	-
OTUD7A	15	31767600	32162876	-
OTUD7B	1	149909704	149982675	-
OTULIN	5	14664826	14699959	+
OTULINL	5	14581900	14616287	+
OTX1	2	63276869	63284966	+
OTX2	14	57266622	57277197	-
OTX2-AS1	14	57278723	57398026	+
OVAAL	1	180528109	180535654	+
OVCA2	17	1945315	1946719	+
OVCH1	12	29590959	29652626	-
OVCH1-AS1	12	29542226	29640257	+
OVCH2	11	7711153	7728024	-
OVGP1	1	111956940	111970357	-
OVOL1	11	65554533	65564685	+
OVOL1-AS1	11	65556471	65558339	-
OVOL2	20	18004795	18039832	-
OVOL3	19	36602104	36604613	+
OVOS2	12	31264585	31354169	-
OXA1L	14	23235896	23242251	+
OXCT1	5	41730166	41870527	-
OXCT1-AS1	5	41870131	41872338	+
OXCT2	1	40235194	40237020	-
OXCT2P1	1	39980537	39982341	+
OXER1	2	42989638	42991401	-
OXGR1	13	97637972	97646984	-
OXLD1	17	79632065	79633635	-
OXNAD1	3	16306584	16393602	+
OXR1	8	107282405	107764921	+
OXSM	3	25831562	25836025	+
OXSR1	3	38207027	38296975	+
OXT	20	3052265	3053163	+
OXTR	3	8792094	8811300	-
P2RX1	17	3799885	3819759	-
P2RX2	12	133195361	133198974	+
P2RX3	11	57105825	57139869	+
P2RX4	12	121647931	121671909	+
P2RX5	17	3576520	3599449	-
P2RX5-TAX1BP3	17	3566186	3599698	-
P2RX6	22	21369441	21382302	+
P2RX6P	22	21396680	21398538	-
P2RX7	12	121570678	121625835	+
P2RY1	3	152552919	152559228	+
P2RY10	X	78200828	78219224	+
P2RY11	19	10222368	10226048	+
P2RY12	3	151054630	151102541	-
P2RY13	3	151044100	151047337	-
P2RY14	3	150929904	150996330	-
P2RY2	11	72929325	72953472	+
P2RY4	X	69478015	69479654	-
P2RY6	11	72975549	73009670	+
P3H1	1	43212044	43232699	-
P3H2	3	189674516	189840226	-
P3H2-AS1	3	189838752	189862635	+
P3H3	12	6937571	6949011	+
P3H4	17	39958204	39968201	-
P3R3URF	1	46641158	46642160	-
P3R3URF-PIK3R3	1	46505811	46642160	-
P4HA1	10	74766979	74856732	-
P4HA2	5	131525839	131563546	-
P4HA2-AS1	5	131520568	131528498	+
P4HA3	11	73977701	74022685	-
P4HA3-AS1	11	74022406	74035750	+
P4HB	17	79801041	79818411	-
P4HTM	3	49027340	49044586	+
PA2G4	12	56498342	56507694	+
PA2G4P4	3	156527059	156529810	-
PAAF1	11	73587743	73642157	+
PABPC1	8	101715143	101734316	-
PABPC1L	20	43538700	43567957	+
PABPC1L2A	X	72297114	72299351	-
PABPC1L2B	X	72222777	72225945	+
PABPC1L2B-AS1	X	72218226	72304474	-
PABPC1P2	2	147344624	147348558	+
PABPC3	13	25670273	25673392	+
PABPC4	1	40026489	40042462	-
PABPC4-AS1	1	40030741	40038875	+
PABPC4L	4	135117487	135122944	-
PABPC5	X	90689837	90693583	+
PABPC5-AS1	X	90669901	90689998	-
PABPN1	14	23789396	23795394	+
PABPN1L	16	88929741	88936560	-
PACC1	1	212537269	212588243	-
PACERR	1	186649785	186650578	+
PACRG	6	163148163	163736524	+
PACRG-AS1	6	163731016	163745505	-
PACRG-AS2	6	163464011	163475193	-
PACRG-AS3	6	163602676	163613034	-
PACRGL	4	20697904	20754523	+
PACS1	11	65837742	66012215	+
PACS2	14	105767110	105864484	+
PACSIN1	6	34433852	34503000	+
PACSIN2	22	43265771	43411182	-
PACSIN3	11	47199072	47207985	-
PADI1	1	17531622	17572502	+
PADI2	1	17393255	17445946	-
PADI3	1	17575592	17610727	+
PADI4	1	17634691	17690499	+
PADI6	1	17698690	17728195	+
PAEP	9	138453601	138458800	+
PAF1	19	39876269	39881746	-
PAFAH1B1	17	2496947	2588909	+
PAFAH1B2	11	117014999	117048889	+
PAFAH1B2P2	12	98107189	98150295	-
PAFAH1B3	19	42801184	42806952	-
PAFAH2	1	26286257	26324554	-
PAG1	8	81880045	82024303	-
PAGE1	X	49452049	49460587	-
PAGE2	X	55115450	55119275	+
PAGE2B	X	55101462	55105342	+
PAGE3	X	55284848	55291349	-
PAGE4	X	49593862	49598867	+
PAGE5	X	55246778	55250541	+
PAGR1	16	29827472	29833810	+
PAH	12	103230666	103352219	-
PAICS	4	57301914	57330744	+
PAIP1	5	43526369	43557521	-
PAIP2	5	138677520	138705409	+
PAIP2B	2	71409867	71454233	-
PAK1	11	77033061	77185139	-
PAK1IP1	6	10695204	10710015	+
PAK2	3	196466727	196559518	+
PAK3	X	110187468	110470589	+
PAK4	19	39616425	39673456	+
PAK5	20	9518017	9819724	-
PAK6	15	40531263	40569688	+
PALB2	16	23614485	23652631	-
PALD1	10	72238522	72328206	+
PALLD	4	169418202	169849590	+
PALM	19	708934	748329	+
PALM2AKAP2	9	112403067	112934791	+
PALM3	19	14164178	14172888	-
PALMD	1	100111668	100160091	+
PAM	5	102090486	102366808	+
PAM16	16	4390251	4401322	-
PAMR1	11	35453375	35551848	-
PAN2	12	56710006	56727784	-
PAN3	13	28712681	28869471	+
PAN3-AS1	13	28710979	28713311	-
PANCR	4	111516668	111536614	-
PANDAR	6	36641397	36642903	-
PANK1	10	91339251	91405329	-
PANK2	20	3869427	3910534	+
PANK3	5	167975499	168006373	-
PANK4	1	2439975	2458035	-
PANTR1	2	105421882	105469641	-
PANX1	11	93862006	93915134	+
PANX2	22	50609159	50618724	+
PANX3	11	124481323	124490251	+
PAOX	10	135192765	135205198	+
PAPLN	14	73704213	73741330	+
PAPOLA	14	96968712	97033453	+
PAPOLB	7	4897368	4901661	-
PAPOLG	2	60983402	61029221	+
PAPPA	9	118916069	119164600	+
PAPPA-AS1	9	119160436	119162885	-
PAPPA2	1	176432310	176814737	+
PAPSS1	4	108534821	108641390	-
PAPSS2	10	89419634	89507462	+
PAQR3	4	79833031	79860592	-
PAQR4	16	3019348	3023485	+
PAQR5	15	69591250	69700119	+
PAQR6	1	156213110	156217908	-
PAQR7	1	26187974	26202199	-
PAQR8	6	52226948	52272575	+
PAQR9	3	142668005	142682850	-
PAQR9-AS1	3	142682899	142719932	+
PARAL1	20	9966980	9987764	+
PARD3	10	34398487	35104253	-
PARD3-AS1	10	35104695	35105350	+
PARD3B	2	205410197	206484886	+
PARD6A	16	67694862	67696677	+
PARD6B	20	49348116	49370278	+
PARD6G	18	77915116	78005397	-
PARD6G-AS1	18	77905806	77936315	+
PARG	10	51026324	51371371	-
PARGP1	10	51253907	51371344	-
PARGP1-AGAP4	10	51224668	51371290	-
PARK7	1	8021713	8045565	+
PARL	3	183547058	183602668	-
PARM1	4	75858325	75975323	+
PARM1-AS1	4	75881183	75895572	-
PARN	16	14529557	14724117	-
PARP1	1	226548391	226595794	-
PARP10	8	145051325	145060628	-
PARP11	12	3918026	3982614	-
PARP12	7	139723548	139762751	-
PARP14	3	122399685	122449687	+
PARP15	3	122296496	122357894	+
PARP16	15	65550436	65579221	-
PARP2	14	20811793	20826063	+
PARP3	3	51976320	51982883	+
PARP4	13	24995068	25086916	-
PARP6	15	72533521	72564895	-
PARP8	5	49961764	50142353	+
PARP9	3	122246770	122283631	-
PARPBP	12	102513960	102591298	+
PARS2	1	55222570	55230196	-
PART1	5	59783539	59843484	+
PARTICL	2	85764589	85766009	-
PARVA	11	12399117	12556903	+
PARVB	22	44395090	44568819	+
PARVG	22	44568835	44604349	+
PASD1	X	150732146	150845211	+
PASK	2	242045513	242089394	-
PATE1	11	125616173	125619761	+
PATE2	11	125646008	125648723	-
PATE3	11	125658021	125661495	+
PATE4	11	125703210	125709967	+
PATJ	1	62208151	62629587	+
PATL1	11	59404190	59436510	-
PATL2	15	44957929	44969086	-
PATZ1	22	31721789	31742332	-
PAUPAR	11	31848113	31850850	+
PAWR	12	79978653	80084877	-
PAX1	20	21686296	21699124	+
PAX2	10	102495152	102589701	+
PAX3	2	223064605	223163717	-
PAX4	7	127250345	127258196	-
PAX5	9	36833265	37034265	-
PAX6	11	31810574	31839509	-
PAX6-AS1	11	31838113	31908587	+
PAX7	1	18957339	19075360	+
PAX8	2	113973573	114036498	-
PAX8-AS1	2	113993103	114024600	+
PAX9	14	37126772	37148567	+
PAXBP1	21	34106209	34144169	-
PAXBP1-AS1	21	34100424	34115433	+
PAXIP1	7	154735399	154794834	-
PAXIP1-AS2	7	154720226	154741196	+
PAXIP1-DT	7	154795142	154797413	+
PAXX	9	139886873	139888428	+
PBDC1	X	75392763	75398149	+
PBK	8	27667140	27695334	-
PBLD	10	70042416	70092685	-
PBOV1	6	138537126	138539627	-
PBRM1	3	52579382	52719929	-
PBX1	1	164528420	164855284	+
PBX1-AS1	1	164738352	164743878	-
PBX2	6	32152509	32157979	-
PBX3	9	128509651	128729655	+
PBX4	19	19672521	19729496	-
PBXIP1	1	154916558	154928575	-
PC	11	66615890	66725854	-
PCA3	9	79379351	79402485	+
PCARE	2	29284560	29297389	-
PCAT1	8	128025398	128033259	+
PCAT14	22	23880288	23889493	+
PCAT18	18	24267584	24283602	-
PCAT19	19	41960074	42006559	-
PCAT2	8	128084938	128094466	-
PCAT29	15	69884538	69988091	+
PCAT4	4	80748624	80784401	+
PCAT5	10	36067229	36089848	+
PCAT6	1	202780073	202781041	+
PCAT7	9	97317326	97331038	+
PCBD1	10	72642037	72648322	-
PCBD2	5	134240820	134298334	+
PCBP1	2	70314608	70316334	+
PCBP1-AS1	2	70189394	70314147	-
PCBP2	12	53845885	53874946	+
PCBP2-OT1	12	53858251	53858841	+
PCBP3	21	47063638	47362364	+
PCBP3-AS1	21	47247754	47256333	-
PCBP4	3	51991469	52001482	-
PCCA	13	100741268	101182691	+
PCCA-AS1	13	101116690	101133269	-
PCCA-DT	13	100738284	100741197	-
PCCB	3	135969166	136049013	+
PCDH1	5	141232654	141257975	-
PCDH10	4	134070448	134115855	+
PCDH11X	X	91090459	91878228	+
PCDH11Y	Y	4868336	5610269	+
PCDH12	5	141323145	141337767	-
PCDH15	10	55562530	57387702	-
PCDH17	13	58205877	58303445	+
PCDH18	4	138440072	138453648	-
PCDH19	X	99546641	99665271	-
PCDH20	13	61983818	61989655	-
PCDH7	4	30721990	31148422	+
PCDH8	13	53417024	53422775	-
PCDH9	13	66876965	67804468	-
PCDH9-AS2	13	67399300	67489163	+
PCDH9-AS3	13	67551520	67559908	+
PCDH9-AS4	13	67565017	67576132	+
PCDHA1	5	140165720	140391931	+
PCDHA10	5	140235481	140391931	+
PCDHA11	5	140247097	140391931	+
PCDHA12	5	140254892	140391931	+
PCDHA13	5	140261708	140391931	+
PCDHA2	5	140174436	140391931	+
PCDHA3	5	140180641	140391931	+
PCDHA4	5	140186652	140391931	+
PCDHA5	5	140201197	140391931	+
PCDHA6	5	140207544	140391931	+
PCDHA7	5	140213853	140391931	+
PCDHA8	5	140220771	140391931	+
PCDHA9	5	140227356	140391931	+
PCDHAC1	5	140305883	140391931	+
PCDHAC2	5	140346060	140391931	+
PCDHB1	5	140430958	140438931	+
PCDHB10	5	140571925	140575220	+
PCDHB11	5	140579199	140583352	+
PCDHB12	5	140588290	140592143	+
PCDHB13	5	140593490	140598551	+
PCDHB14	5	140601897	140605860	+
PCDHB15	5	140624962	140628933	+
PCDHB16	5	140561264	140565796	+
PCDHB17P	5	140535579	140537990	+
PCDHB18P	5	140613904	140617101	+
PCDHB19P	5	140619688	140624312	+
PCDHB2	5	140474198	140478285	+
PCDHB3	5	140480056	140483407	+
PCDHB4	5	140501399	140505203	+
PCDHB5	5	140514787	140518197	+
PCDHB6	5	140529637	140532868	+
PCDHB7	5	140552224	140555964	+
PCDHB8	5	140557370	140560120	+
PCDHB9	5	140566734	140571113	+
PCDHGA1	5	140710251	140892546	+
PCDHGA10	5	140792742	140892546	+
PCDHGA11	5	140800617	140892540	+
PCDHGA12	5	140810073	140892540	+
PCDHGA2	5	140718326	140892540	+
PCDHGA3	5	140723395	140892540	+
PCDHGA4	5	140734587	140892540	+
PCDHGA5	5	140743897	140892546	+
PCDHGA6	5	140753457	140892540	+
PCDHGA7	5	140762308	140892540	+
PCDHGA8	5	140771482	140892546	+
PCDHGA9	5	140782519	140892546	+
PCDHGB1	5	140729827	140892546	+
PCDHGB2	5	140739702	140892546	+
PCDHGB3	5	140749808	140892540	+
PCDHGB4	5	140767264	140892540	+
PCDHGB5	5	140777694	140892546	+
PCDHGB6	5	140787769	140892546	+
PCDHGB7	5	140797243	140892540	+
PCDHGB8P	5	140805852	140807825	+
PCDHGC3	5	140855532	140892540	+
PCDHGC4	5	140864740	140892546	+
PCDHGC5	5	140868647	140892540	+
PCED1A	20	2815960	2821797	-
PCED1B	12	47473385	47630446	+
PCED1B-AS1	12	47602202	47610226	-
PCF11	11	82868172	82898493	+
PCF11-AS1	11	82896562	82898526	-
PCGEM1	2	193614570	193641625	+
PCGF1	2	74732169	74734822	-
PCGF2	17	36890150	36904589	-
PCGF3	4	699620	764768	+
PCGF5	10	92922768	93044094	+
PCGF6	10	105062552	105110897	-
PCID2	13	113831850	113862983	-
PCIF1	20	44563321	44576659	+
PCK1	20	56136165	56143177	+
PCK2	14	24563519	24573334	+
PCLAF	15	64656502	64679886	-
PCLO	7	82383327	82792200	-
PCM1	8	17780365	17887457	+
PCMT1	6	150070830	150132557	+
PCMTD1	8	52730134	52811746	-
PCMTD2	20	62887047	62907579	+
PCNA	20	5095598	5107268	-
PCNA-AS1	20	5100231	5100615	+
PCNAP1	4	100081750	100082804	-
PCNP	3	101292937	101313310	+
PCNT	21	47744069	47865682	+
PCNX1	14	71374175	71582099	+
PCNX2	1	233119180	233431471	-
PCNX3	11	65383782	65404910	+
PCNX4	14	60558628	60614939	+
PCOLCE	7	100199985	100205798	+
PCOLCE-AS1	7	100187023	100201661	-
PCOLCE2	3	142536715	142607925	-
PCOTH	13	24463006	24466243	+
PCP2	19	7696500	7698605	-
PCP4	21	41239363	41301317	+
PCP4L1	1	161228534	161255240	+
PCSEAT	21	42952401	42954814	+
PCSK1	5	95726036	95768952	-
PCSK1N	X	48689505	48694012	-
PCSK2	20	17206751	17465222	+
PCSK4	19	1481426	1490449	-
PCSK5	9	78505559	78977891	+
PCSK6	15	101844132	102030187	-
PCSK6-AS1	15	101874641	101877636	+
PCSK7	11	117075052	117102789	-
PCSK9	1	55505220	55530526	+
PCTP	17	53828411	53900451	+
PCYOX1	2	70485268	70508317	+
PCYOX1L	5	148737608	148749216	+
PCYT1A	3	195961238	196014597	-
PCYT1B	X	24576203	24691004	-
PCYT1B-AS1	X	24668189	24676354	+
PCYT2	17	79858833	79869275	-
PDAP1	7	98992298	99006220	-
PDC	1	186412697	186430246	-
PDC-AS1	1	186404292	186439423	+
PDCD1	2	242792035	242801046	-
PDCD10	3	167401085	167452680	-
PDCD11	10	105156382	105206051	+
PDCD1LG2	9	5510530	5571282	+
PDCD2	6	170884382	170893780	-
PDCD2L	19	34895302	34917072	+
PDCD4	10	112631552	112659764	+
PDCD4-AS1	10	112628647	112630662	-
PDCD5	19	33072095	33078359	+
PDCD6	5	271735	315089	+
PDCD6-AHRR	5	271760	438397	+
PDCD6IP	3	33840062	33911199	+
PDCD6IPP2	15	29034979	29101720	+
PDCD7	15	65409716	65426146	-
PDCL	9	125580375	125590867	-
PDCL2	4	56422685	56458412	-
PDCL3	2	101179454	101193201	+
PDCL3P4	3	101431277	101432260	+
PDE10A	6	165740777	166076729	-
PDE11A	2	178487971	178973066	-
PDE11A-AS1	2	178538049	178588015	+
PDE12	3	57542000	57642222	+
PDE1A	2	183001179	183387572	-
PDE1B	12	54943176	54973023	+
PDE1C	7	31790792	32467836	-
PDE2A	11	72287183	72385466	-
PDE3A	12	20521470	20841517	+
PDE3B	11	14665268	14893604	+
PDE4A	19	10527448	10580307	+
PDE4B	1	66258192	66840262	+
PDE4B-AS1	1	66508182	66516401	-
PDE4C	19	18318770	18359010	-
PDE4D	5	58264866	59792113	-
PDE4DIP	1	144851423	145076025	-
PDE4DIPP1	1	145979819	147567054	+
PDE4DIPP2	1	144832208	145039963	-
PDE4DIPP4	1	149649059	149719362	-
PDE4DIPP6	1	143687149	147904683	+
PDE5A	4	120415549	120549959	-
PDE6A	5	149237515	149324356	-
PDE6B	4	619361	664571	+
PDE6C	10	95372293	95425767	+
PDE6D	2	232597134	232646037	-
PDE6G	17	79617488	79630157	-
PDE6H	12	15125975	15134799	+
PDE7A	8	66626568	66754299	-
PDE7B	6	136172838	136516712	+
PDE8A	15	85523697	85682372	+
PDE8B	5	76476128	76724080	+
PDE9A	21	44073730	44195618	+
PDF	16	69360815	69364491	-
PDGFA	7	536895	559481	-
PDGFB	22	39619363	39640987	-
PDGFC	4	157681605	157892951	-
PDGFD	11	103777918	104034875	-
PDGFRA	4	55095459	55164414	+
PDGFRB	5	149493401	149535408	-
PDGFRL	8	17433941	17500653	+
PDHA1	X	19362044	19379836	+
PDHA2	4	96761243	96762615	+
PDHB	3	58413356	58419579	-
PDHX	11	34937676	35017675	+
PDIA2	16	333163	337215	+
PDIA3	15	44038635	44065476	+
PDIA3P1	1	146649429	146651528	+
PDIA4	7	148700142	148725597	-
PDIA5	3	122785871	122880951	+
PDIA6	2	10923516	10977838	-
PDIK1L	1	26437655	26452046	+
PDILT	16	20370496	20416059	-
PDK1	2	173420100	173490351	+
PDK2	17	48172100	48189516	+
PDK3	X	24483402	24568583	+
PDK4	7	95212811	95225828	-
PDLIM1	10	96997329	97050760	-
PDLIM2	8	22436253	22455539	+
PDLIM3	4	186421814	186456712	-
PDLIM4	5	131593350	131609147	+
PDLIM5	4	95373007	95589378	+
PDLIM7	5	176910394	176924606	-
PDP1	8	94929150	94938296	+
PDP2	16	66914417	66925002	+
PDPK1	16	2588021	2653189	+
PDPN	1	13910251	13944452	+
PDPR	16	70147528	70196440	+
PDRG1	20	30532139	30539849	-
PDS5A	4	39824482	39979576	-
PDS5B	13	33160588	33352157	+
PDSS1	10	26986352	27035726	+
PDSS2	6	107473766	107780768	-
PDX1	13	28494136	28500450	+
PDXDC1	16	15068591	15233267	+
PDXDC2P-NPIPB14P	16	70010201	70099851	-
PDXK	21	45139009	45182180	+
PDXP	22	38054729	38062939	+
PDXP-DT	22	38037838	38054384	-
PDYN	20	1959401	1974931	-
PDYN-AS1	20	1927855	1988163	+
PDZD11	X	69506445	69509777	-
PDZD2	5	31639237	32111038	+
PDZD3	11	119056183	119060922	+
PDZD4	X	153067620	153095999	-
PDZD7	10	102767435	102790914	-
PDZD8	10	119036784	119134951	-
PDZD9	16	21995185	22012437	-
PDZK1	1	145727665	145764206	+
PDZK1IP1	1	47649253	47655708	-
PDZK1P1	1	145924387	147487188	-
PDZRN3	3	73431580	73674092	-
PDZRN3-AS1	3	73672718	73677050	+
PDZRN4	12	41582121	41968547	+
PEA15	1	160175173	160185162	+
PEAK1	15	77400500	77712446	-
PEAK3	19	2274629	2282174	-
PEAR1	1	156863509	156886220	+
PEBP1	12	118573928	118583389	+
PEBP4	8	22570763	22798590	-
PECAM1	17	62396776	62407083	-
PECR	2	216903110	216946532	-
PEDS1	20	48734790	48770335	-
PEDS1-UBE2V1	20	48697660	48770260	-
PEF1	1	32095462	32110477	-
PEG10	7	94285636	94299006	+
PEG13	8	141104992	141110634	-
PEG3	19	57321450	57352094	-
PEG3-AS1	19	57323847	57325161	+
PELATON	20	48884022	48896332	+
PELI1	2	64319785	64371554	-
PELI2	14	56585128	56768242	+
PELI3	11	66233797	66244808	+
PELO	5	52083749	52099878	+
PELP1	17	4573069	4607432	-
PEMT	17	17408876	17495022	-
PENK	8	57353515	57359200	-
PEPD	19	33877855	34012697	-
PER1	17	8043789	8055722	-
PER2	2	239152684	239197251	-
PER3	1	7844350	7905237	+
PER3P1	7	9673899	9675447	+
PERCC1	16	1481078	1484442	+
PERM1	1	910577	917473	-
PERP	6	138409641	138428556	-
PES1	22	30972611	31003000	-
PET100	19	7694678	7696842	+
PET117	20	18118506	18123812	+
PEX1	7	92116338	92157834	-
PEX10	1	2335412	2345266	-
PEX11A	15	90224765	90233985	-
PEX11B	1	145516164	145523732	+
PEX11G	19	7541760	7554286	-
PEX12	17	33901813	33905590	-
PEX13	2	61244854	61279125	+
PEX14	1	10535006	10690815	+
PEX16	11	45931215	45939428	-
PEX19	1	160246596	160254941	-
PEX2	8	77892493	77913280	-
PEX26	22	18560755	18588162	+
PEX3	6	143771941	143811751	+
PEX5	12	7341248	7371169	+
PEX5L	3	179512746	179754725	-
PEX5L-AS2	3	179615981	179639687	+
PEX6	6	42931605	42946919	-
PEX7	6	137143729	137235072	+
PF4	4	74846531	74847841	-
PF4V1	4	74719012	74720200	+
PFAS	17	8152606	8173804	+
PFDN1	5	139624619	139682686	-
PFDN2	1	161070350	161087827	-
PFDN4	20	52824625	52836500	+
PFDN5	12	53689234	53693235	+
PFDN6	6	33257373	33258711	+
PFKFB1	X	54959393	55024967	-
PFKFB2	1	207226619	207254369	+
PFKFB3	10	6186883	6296611	+
PFKFB4	3	48555116	48598562	-
PFKL	21	45719935	45747256	+
PFKM	12	48499035	48540187	+
PFKP	10	3109739	3178997	+
PFN1	17	4848946	4851825	-
PFN1P2	1	144610814	144612719	-
PFN2	3	149682691	149688682	-
PFN3	5	176827109	176827662	-
PFN4	2	24337678	24346204	-
PGA3	11	60970986	60980570	+
PGA4	11	60989820	60999165	+
PGA5	11	61008646	61018915	+
PGAM1	10	99185947	99193201	+
PGAM1P5	12	96043030	96067770	+
PGAM2	7	44102325	44105166	-
PGAM4	X	77223452	77225135	-
PGAM5	12	133287427	133299318	+
PGAP1	2	197697727	197791431	-
PGAP2	11	3818953	3847601	+
PGAP3	17	37827374	37844323	-
PGAP4	9	104235451	104249455	-
PGAP6	16	420788	431978	-
PGBD1	6	28249313	28270326	+
PGBD2	1	249200433	249213345	+
PGBD3	10	50723150	50732327	-
PGBD4	15	34394283	34400887	+
PGBD5	1	230450235	230562078	-
PGBP	1	111927140	111932473	-
PGC	6	41704448	41715139	-
PGD	1	10459120	10480568	+
PGF	14	75408532	75422467	-
PGGHG	11	289125	296107	+
PGGT1B	5	114539710	114598574	-
PGK1	X	77359744	77384792	+
PGK2	6	49753372	49754998	-
PGLS	19	17622457	17632097	+
PGLYRP1	19	46522412	46526311	-
PGLYRP2	19	15579455	15590312	-
PGLYRP3	1	153269591	153285428	-
PGLYRP4	1	153302596	153321317	-
PGM1	1	64059081	64125916	+
PGM2	4	37828307	37864558	+
PGM2L1	11	74041360	74109478	-
PGM3	6	83860451	83903619	-
PGM5	9	70971526	71145977	+
PGM5-AS1	9	70970079	70972782	-
PGM5P2	9	69080243	69147854	-
PGM5P4	2	114297090	114326515	+
PGM5P4-AS1	2	114286223	114300267	-
PGP	16	2261596	2264841	-
PGPEP1	19	18451407	18480760	+
PGPEP1L	15	99511457	99551021	-
PGR	11	100900354	101000544	-
PGR-AS1	11	100999807	101030001	+
PGRMC1	X	118370207	118378429	+
PGRMC2	4	129190396	129208968	-
PGS1	17	76374729	76420740	+
PHACTR1	6	12716998	13288069	+
PHACTR2	6	143929316	144152322	+
PHACTR2-AS1	6	143875251	143890476	-
PHACTR3	20	58152563	58422766	+
PHACTR3-AS1	20	58201518	58203344	-
PHACTR4	1	28696250	28826876	+
PHAX	5	125936638	125962944	+
PHB	17	47481409	47492267	-
PHB2	12	7074489	7079916	-
PHC1	12	9067104	9094060	+
PHC2	1	33789226	33896696	-
PHC2-AS1	1	33815952	33828846	+
PHC3	3	169805371	169899521	-
PHETA1	12	111798454	111806899	-
PHETA2	22	42470251	42475442	+
PHEX	X	22050442	22269427	+
PHEX-AS1	X	22180848	22191100	-
PHF1	6	33378790	33384215	+
PHF10	6	170103997	170124596	-
PHF11	13	50070088	50103127	+
PHF12	17	27232268	27278536	-
PHF13	1	6673790	6684090	+
PHF14	7	11013498	11209244	+
PHF19	9	123617928	123657174	-
PHF2	9	96338865	96441869	+
PHF20	20	34359936	34538292	+
PHF20L1	8	133787603	133861052	+
PHF21A	11	45950869	46143005	-
PHF21B	22	45277042	45405886	-
PHF23	17	7138346	7142776	-
PHF24	9	34957483	34982541	+
PHF3	6	64345706	64435904	+
PHF5A	22	41855720	41864696	-
PHF6	X	133507341	133562820	+
PHF7	3	52444675	52457657	+
PHF8	X	53963112	54071569	-
PHGDH	1	120254556	120286838	+
PHGR1	15	40643233	40648634	+
PHIP	6	79644135	79787971	-
PHKA1	X	71798663	71934154	-
PHKA1-AS1	X	71908798	71932190	+
PHKA2	X	18910415	19002232	-
PHKA2-AS1	X	18908413	18913093	+
PHKB	16	47495209	47735434	+
PHKG1	7	56147975	56160689	-
PHKG2	16	30759619	30772501	+
PHLDA1	12	76419226	76425556	-
PHLDA2	11	2949502	2950650	-
PHLDA3	1	201433405	201438316	-
PHLDB1	11	118477150	118528738	+
PHLDB2	3	111451342	111695364	+
PHLDB3	19	43979254	44008985	-
PHLPP1	18	60382773	60647666	+
PHLPP2	16	71678828	71758604	-
PHOSPHO1	17	47300727	47308149	-
PHOSPHO2	2	170550963	170558218	+
PHOSPHO2-KLHL23	2	170550978	170608388	+
PHOX2A	11	71950120	71955220	-
PHOX2B	4	41746098	41750742	-
PHPT1	9	139743860	139745476	+
PHRF1	11	576469	612222	+
PHTF1	1	114239452	114302510	-
PHTF2	7	77428089	77586821	+
PHYH	10	13319795	13342130	-
PHYHD1	9	131683260	131704320	+
PHYHIP	8	22077215	22089865	-
PHYHIPL	10	60936402	61007534	+
PHYKPL	5	177635471	177659823	-
PI15	8	75736768	75767264	+
PI16	6	36916038	36932613	+
PI3	20	43803542	43805185	+
PI4K2A	10	99400442	99436189	+
PI4K2B	4	25235654	25280826	+
PI4KA	22	21061978	21213100	-
PI4KAP1	22	20383730	20398695	-
PI4KAP2	22	21827286	21871780	-
PI4KB	1	151264272	151300191	-
PIANP	12	6802956	6809981	-
PIAS1	15	68346652	68486185	+
PIAS2	18	44383180	44500108	-
PIAS3	1	145575987	145586546	+
PIAS4	19	4007733	4039384	+
PIBF1	13	73356270	73590597	+
PICALM	11	85668218	85780902	-
PICART1	17	48127712	48133103	-
PICK1	22	38453261	38471708	+
PICSAR	21	46419121	46424642	-
PID1	2	229888688	230136003	-
PIDD1	11	799183	805231	-
PIEZO1	16	88781745	88851628	-
PIEZO2	18	10670243	11149568	-
PIF1	15	65107830	65117846	-
PIFO	1	111889181	111895639	+
PIGA	X	15337572	15353676	-
PIGB	15	55611419	55647846	+
PIGBOS1	15	55609381	55611321	-
PIGC	1	172410596	172413209	-
PIGF	2	46808075	46844180	-
PIGG	4	492988	533989	+
PIGH	14	68056022	68067018	-
PIGK	1	77554674	77685115	-
PIGL	17	16120523	16229725	+
PIGM	1	159994744	160001780	-
PIGN	18	59708396	59854289	-
PIGO	9	35088684	35096598	-
PIGP	21	38437663	38445458	-
PIGQ	16	619967	634138	+
PIGR	1	207101866	207119811	-
PIGS	17	26880404	26898542	-
PIGT	20	44044780	44054881	+
PIGU	20	33148345	33264896	-
PIGV	1	27113544	27127150	+
PIGW	17	34890588	34895152	+
PIGX	3	196439247	196462876	+
PIGY	4	89442149	89444927	-
PIGY-DT	4	89444960	89446148	+
PIGZ	3	196673226	196695704	-
PIH1D1	19	49949554	49955071	-
PIH1D2	11	111934733	111944895	-
PIK3AP1	10	98353071	98480271	-
PIK3C2A	11	17108123	17229533	-
PIK3C2B	1	204391764	204463933	-
PIK3C2G	12	18414451	18801352	+
PIK3C3	18	39535198	39667793	+
PIK3CA	3	178866144	178957881	+
PIK3CB	3	138371539	138553770	-
PIK3CD	1	9711788	9789172	+
PIK3CD-AS1	1	9712667	9714644	-
PIK3CD-AS2	1	9732483	9747632	-
PIK3CG	7	106505726	106549425	+
PIK3IP1	22	31677578	31688520	-
PIK3IP1-DT	22	31731334	31734007	+
PIK3R1	5	67511583	67597649	+
PIK3R2	19	18263972	18281342	+
PIK3R3	1	46505811	46640573	-
PIK3R4	3	130397777	130465673	-
PIK3R5	17	8782232	8869029	-
PIK3R6	17	8706039	8770994	-
PIKFYVE	2	209130978	209223470	+
PILRA	7	99971109	99997716	+
PILRB	7	99955625	99965454	+
PIM1	6	37137927	37143204	+
PIM2	X	48770458	48776301	-
PIM3	22	50354419	50357720	+
PIMREG	17	6347774	6354789	+
PIN1	19	9945882	9960365	+
PIN1P1	1	70385004	70386000	+
PIN4	X	71401525	71483814	+
PIN4P1	15	44168023	44170369	-
PINCR	X	43036242	43085847	+
PINK1	1	20959950	20978004	+
PINK1-AS	1	20969149	20978686	-
PINLYP	19	44080951	44086256	+
PINX1	8	10622470	10697409	-
PIP	7	142829169	142836832	+
PIP4K2A	10	22823765	23003507	-
PIP4K2B	17	36921943	36956158	-
PIP4K2C	12	57984974	57997200	+
PIP4P1	14	20925843	20929771	-
PIP4P2	8	92006030	92053087	-
PIP5K1A	1	151171027	151222007	+
PIP5K1B	9	71320155	71624092	+
PIP5K1C	19	3630180	3700466	-
PIP5K1P1	6	7986334	7990577	+
PIP5KL1	9	130683159	130693056	-
PIPOX	17	27370158	27384234	+
PIPSL	10	95717896	95721672	-
PIR	X	15402923	15511711	-
PIR-FIGF	X	15363712	15509432	-
PIRT	17	10725786	10741404	-
PISD	22	32014478	32058550	-
PISRT1	3	138951833	138952364	-
PITHD1	1	24104907	24114722	+
PITPNA	17	1421011	1466086	-
PITPNA-AS1	17	1420212	1421391	+
PITPNB	22	28247656	28315294	-
PITPNC1	17	65373396	65693372	+
PITPNM1	11	67259238	67272834	-
PITPNM2	12	123468026	123635637	-
PITPNM2-AS1	12	123565930	123569291	+
PITPNM3	17	6354582	6459875	-
PITRM1	10	3179918	3215033	-
PITRM1-AS1	10	3183792	3190821	+
PITX1	5	134363423	134369918	-
PITX2	4	111538579	111563279	-
PITX3	10	103989945	104001269	-
PIWIL1	12	130822431	130857144	+
PIWIL2	8	22132828	22215080	+
PIWIL3	22	25115000	25170687	-
PIWIL4	11	94300533	94354587	+
PJA1	X	68380588	68385296	-
PJA2	5	108670422	108745675	-
PJVK	2	179316104	179326829	+
PKD1	16	2138708	2185899	-
PKD1L1	7	47814211	47988063	-
PKD1L2	16	81134481	81253999	-
PKD1L3	16	71963440	72033877	-
PKD1P1	16	16411465	16444465	+
PKD1P3-NPIPA1	16	15005618	15045917	+
PKD1P4-NPIPA8	16	16410078	18446302	+
PKD1P5-LOC105376752	16	18451961	18495782	-
PKD1P6-NPIPP1	16	15198158	15230816	-
PKD2	4	88928786	88998929	+
PKD2L1	10	102047905	102089985	-
PKD2L2	5	137225145	137278434	+
PKDCC	2	42275160	42285656	+
PKDREJ	22	46651559	46659240	-
PKHD1	6	51480096	51952411	-
PKHD1L1	8	110374689	110549436	+
PKIA	8	79428574	79517502	+
PKIA-AS1	8	79446126	79470738	-
PKIB	6	122793061	123047518	+
PKIG	20	43160421	43247678	+
PKLR	1	155259083	155271229	-
PKM	15	72491369	72523965	-
PKMYT1	16	3022808	3030447	-
PKN1	19	14544117	14582671	+
PKN2	1	89149826	89301938	+
PKN2-AS1	1	89003195	89150887	-
PKN3	9	131464781	131483195	+
PKNOX1	21	44394619	44454041	+
PKNOX2	11	125034646	125303285	+
PKNOX2-AS1	11	125028356	125034505	-
PKP1	1	201252579	201302121	+
PKP2	12	32943690	33049711	-
PKP3	11	392595	404908	+
PKP4	2	159313463	159537940	+
PKP4-AS1	2	159514848	159591514	-
PLA1A	3	119316694	119348658	+
PLA2G10	16	14766404	14788430	-
PLA2G12A	4	110631144	110651226	-
PLA2G12B	10	74694519	74714564	-
PLA2G15	16	68279275	68294961	+
PLA2G1B	12	120759917	120765582	-
PLA2G2A	1	20301923	20306927	-
PLA2G2C	1	20489547	20513011	-
PLA2G2D	1	20438433	20446059	-
PLA2G2E	1	20246501	20250110	-
PLA2G2F	1	20465815	20476874	+
PLA2G3	22	31530792	31536494	-
PLA2G4A	1	186798080	186958113	+
PLA2G4B	15	42131010	42140346	+
PLA2G4C	19	48551099	48614109	-
PLA2G4C-AS1	19	48564627	48568202	+
PLA2G4D	15	42359206	42386760	-
PLA2G4E	15	42273779	42342901	-
PLA2G4E-AS1	15	42264960	42291292	+
PLA2G4F	15	42431231	42448834	-
PLA2G5	1	20396686	20418404	+
PLA2G6	22	38507501	38577837	-
PLA2G7	6	46671939	46703430	-
PLA2R1	2	160788516	160919126	-
PLAA	9	26903369	26947471	-
PLAAT1	3	192959010	192988644	+
PLAAT2	11	63320241	63330851	-
PLAAT3	11	63341940	63381941	-
PLAAT4	11	63304279	63313930	+
PLAAT5	11	63228875	63258639	-
PLAC1	X	133699867	133898352	-
PLAC4	21	42547157	42557166	-
PLAC8	4	84011207	84035882	-
PLAC8L1	5	145463875	145485140	-
PLAC9	10	81891416	81905112	+
PLAC9P1	2	130680434	130691890	-
PLAG1	8	57073467	57123832	-
PLAGL1	6	144261436	144385736	-
PLAGL2	20	30780306	30795546	-
PLAT	8	42032235	42065083	-
PLAU	10	75670889	75677252	+
PLAUR	19	44150246	44174498	-
PLB1	2	28718926	28867008	+
PLBD1	12	14656594	14720817	-
PLBD1-AS1	12	14720665	14772689	+
PLBD2	12	113796391	113829434	+
PLCB1	20	8112912	8865547	+
PLCB1-IT1	20	8229350	8230388	+
PLCB2	15	40580109	40600136	-
PLCB3	11	64019001	64036924	+
PLCB4	20	9049324	9461455	+
PLCD1	3	38048986	38071133	-
PLCD3	17	43186326	43209882	-
PLCD4	2	219472621	219501898	+
PLCE1	10	95753687	96092580	+
PLCE1-AS1	10	96039046	96046827	-
PLCE1-AS2	10	95841706	95868551	-
PLCG1	20	39766182	39806266	+
PLCG1-AS1	20	39726633	39766640	-
PLCG2	16	81812895	81996290	+
PLCH1	3	155197669	155462860	-
PLCH1-AS2	3	155203591	155204910	+
PLCH2	1	2398889	2436971	+
PLCL1	2	198669316	199014587	+
PLCL2	3	16926447	17132098	+
PLCXD2	3	111393522	111565294	+
PLCXD2-AS1	3	111395112	111396280	-
PLCXD3	5	41307053	41510703	-
PLCZ1	12	18836113	18890946	-
PLD1	3	171318193	171528273	-
PLD2	17	4710446	4726725	+
PLD3	19	40854331	40884397	+
PLD4	14	105391215	105404122	+
PLD5	1	242246287	242687999	-
PLD6	17	17104308	17109647	-
PLEC	8	144989320	145050913	-
PLEK	2	68592413	68624585	+
PLEK2	14	67853700	67878882	-
PLEKHA1	10	124134223	124202116	+
PLEKHA2	8	38758863	38831430	+
PLEKHA3	2	179345183	179381190	+
PLEKHA4	19	49340353	49371874	-
PLEKHA5	12	19282666	19529333	+
PLEKHA6	1	204187980	204329057	-
PLEKHA7	11	16798843	17035961	-
PLEKHA8	7	30067976	30170098	+
PLEKHA8P1	12	45566816	45609789	-
PLEKHB1	11	73357625	73373864	+
PLEKHB2	2	131862419	131907425	+
PLEKHD1	14	69951444	69998268	+
PLEKHF1	19	30156367	30166383	+
PLEKHF2	8	96146012	96168913	+
PLEKHG1	6	150921020	151164801	+
PLEKHG2	19	39903308	39919055	+
PLEKHG3	14	65171141	65216967	+
PLEKHG4	16	67312064	67323403	+
PLEKHG4B	5	92282	190081	+
PLEKHG5	1	6526151	6580152	-
PLEKHG6	12	6419497	6437672	+
PLEKHG7	12	93096618	93166231	+
PLEKHH1	14	68000006	68056329	+
PLEKHH2	2	43864398	43995126	+
PLEKHH3	17	40819931	40829012	-
PLEKHJ1	19	2229950	2236328	-
PLEKHM1	17	43513265	43568087	-
PLEKHM1P1	17	62780958	62833302	-
PLEKHM2	1	16010814	16061264	+
PLEKHM3	2	208686011	208890251	-
PLEKHN1	1	901861	911245	+
PLEKHO1	1	150121623	150132260	+
PLEKHO2	15	65134081	65160201	+
PLEKHS1	10	115511440	115543188	+
PLET1	11	112118875	112131583	-
PLG	6	161123224	161175129	+
PLGLA	2	106998569	107007851	+
PLGLB1	2	87237346	88059235	-
PLGLB2	2	87237587	88058994	-
PLGRKT	9	5357970	5437925	-
PLIN1	15	90207600	90222598	-
PLIN2	9	19115758	19127604	-
PLIN3	19	4838352	4867679	-
PLIN4	19	4502207	4518498	-
PLIN5	19	4522543	4535236	-
PLK1	16	23690209	23701688	+
PLK2	5	57749809	57755966	-
PLK3	1	45266048	45271662	+
PLK4	4	128802047	128820377	+
PLK5	19	1524075	1536045	+
PLLP	16	57290008	57318584	-
PLN	6	118869458	118882879	+
PLOD1	1	11994773	12035594	+
PLOD2	3	145787227	145879282	-
PLOD3	7	100849264	100860862	-
PLP1	X	103031433	103047547	+
PLP2	X	49028244	49031583	+
PLPBP	8	37620063	37637286	+
PLPP1	5	54720669	54830906	-
PLPP2	19	281043	291403	-
PLPP3	1	56960432	57045236	-
PLPP4	10	122216465	122351577	+
PLPP5	8	38120649	38126750	-
PLPP6	9	4662293	4665258	+
PLPP7	9	134165109	134184648	+
PLPPR1	9	103791008	104087417	+
PLPPR2	19	11466107	11476374	+
PLPPR3	19	812487	821955	-
PLPPR4	1	99729847	99775138	+
PLPPR5	1	99355800	99470417	-
PLRG1	4	155456148	155471585	-
PLS1	3	142315234	142432505	+
PLS3	X	114795500	114885179	+
PLS3-AS1	X	114752496	114797058	-
PLSCR1	3	146232966	146262394	-
PLSCR2	3	146151074	146213778	-
PLSCR3	17	7293045	7297844	-
PLSCR4	3	145910123	145968966	-
PLSCR5	3	146294341	146324003	-
PLTP	20	44527258	44541003	-
PLUT	13	28393228	28491428	-
PLVAP	19	17462263	17488151	-
PLXDC1	17	37219565	37307890	-
PLXDC2	10	20105360	20578784	+
PLXNA1	3	126707436	126756235	+
PLXNA2	1	208195587	208417729	-
PLXNA3	X	153686620	153706118	+
PLXNA4	7	131808090	132333447	-
PLXNB1	3	48445260	48471495	-
PLXNB2	22	50713407	50746075	-
PLXNB3	X	153029650	153044801	+
PLXNC1	12	94542352	94701451	+
PLXND1	3	129274056	129325519	-
PM20D1	1	205797152	205819260	-
PM20D2	6	89855773	89875284	+
PMAIP1	18	57567227	57571537	+
PMCH	12	102590236	102591611	-
PMCHL1	5	22142460	22152379	+
PMCHL2	5	70671611	70681820	+
PMEL	12	56347888	56360493	-
PMEPA1	20	56223447	56286592	-
PMF1	1	156182778	156209868	+
PMF1-BGLAP	1	156182778	156213123	+
PMFBP1	16	72152995	72206349	-
PML	15	74287013	74340163	+
PMM1	22	41972904	41985844	-
PMM2	16	8891695	8943182	+
PMP2	8	82352562	82359674	-
PMP22	17	15133093	15168643	-
PMPCA	9	139305024	139318213	+
PMPCB	7	102937881	102955133	+
PMS1	2	190648810	190742355	+
PMS2	7	6010555	6048737	-
PMS2CL	7	6774935	6791232	+
PMS2P1	7	99918262	99933930	-
PMS2P2	7	72476643	72491707	+
PMS2P3	7	75137068	75157453	-
PMS2P4	7	66741117	66767429	-
PMS2P5	7	72476618	74988276	+
PMS2P7	7	72476602	74988292	+
PMS2P9	7	76668796	76682355	+
PMVK	1	154897215	154915134	-
PNCK	X	152935187	152953226	-
PNISR	6	99845925	99873221	-
PNKD	2	219135241	219211516	+
PNKP	19	50364460	50370833	-
PNKY	6	99278016	99279576	-
PNLDC1	6	160221280	160241736	+
PNLIP	10	118305442	118327367	+
PNLIPRP1	10	118350470	118368687	+
PNLIPRP2	10	118380464	118404654	+
PNLIPRP3	10	118187358	118237468	+
PNMA1	14	74178485	74181087	-
PNMA2	8	26362218	26371388	-
PNMA3	X	152224826	152228822	+
PNMA5	X	152157367	152162660	-
PNMA6A	X	152240836	152340864	+
PNMA6E	X	152661096	152666808	-
PNMA6F	X	152583137	152587225	-
PNMA8A	19	46969747	46974820	-
PNMA8B	19	46994447	46999124	-
PNMT	17	37824271	37826728	+
PNN	14	39644457	39652424	+
PNO1	2	68384961	68403370	+
PNOC	8	28174784	28200868	+
PNP	14	20937564	20945248	+
PNPLA1	6	36210944	36281732	+
PNPLA2	11	818913	825571	+
PNPLA3	22	44319684	44343462	+
PNPLA4	X	7866287	7895780	-
PNPLA5	22	44275557	44287893	-
PNPLA6	19	7599049	7626653	+
PNPLA7	9	140354403	140444854	-
PNPLA8	7	108110860	108168622	-
PNPO	17	46018936	46026674	+
PNPT1	2	55861195	55920979	-
PNRC1	6	89790469	89794879	+
PNRC2	1	24286317	24289949	+
POC1A	3	52109241	52188439	-
POC1B	12	89813497	89919824	-
POC1B-AS1	12	89919346	89935319	+
POC1B-GALNT4	12	89913189	89920039	-
POC5	5	74969948	75013262	-
PODN	1	53527884	53551166	+
PODNL1	19	14041999	14064204	-
PODXL	7	131185030	131241387	-
PODXL2	3	127348027	127391645	+
POF1B	X	84532401	84634670	-
POFUT1	20	30795682	30826461	+
POFUT2	21	46683849	46707828	-
POGK	1	166808711	166825583	+
POGLUT1	3	119187809	119213554	+
POGLUT2	13	103436630	103451326	-
POGLUT3	11	108342845	108369111	-
POGZ	1	151375199	151431970	-
POLA1	X	24712034	25015102	+
POLA2	11	65029432	65066156	+
POLB	8	42196011	42229326	+
POLD1	19	50887579	50921275	+
POLD2	7	44154278	44163169	-
POLD3	11	74303626	74354120	+
POLD4	11	67118235	67121067	-
POLDIP2	17	26673653	26684612	-
POLDIP3	22	42979726	43010968	-
POLE	12	133200347	133263928	-
POLE2	14	50110269	50155098	-
POLE3	9	116169518	116173029	-
POLE4	2	75185769	75197255	+
POLG	15	89859556	89878055	-
POLG2	17	62473901	62493172	-
POLH	6	43543921	43588260	+
POLI	18	51795848	51847636	+
POLK	5	74807574	74901644	+
POLL	10	103338638	103348027	-
POLM	7	44111660	44122139	-
POLN	4	2073644	2243848	-
POLQ	3	121150278	121264835	-
POLR1A	2	86247338	86333009	-
POLR1B	2	113299612	113337395	+
POLR1C	6	43484761	43530144	+
POLR1D	13	28194879	28241548	+
POLR1E	9	37485931	37503694	+
POLR1F	7	19735083	19748660	-
POLR1G	19	45909901	45914024	+
POLR1H	6	30029041	30032684	+
POLR2A	17	7387684	7417931	+
POLR2B	4	57844805	57897328	+
POLR2C	16	57496590	57505921	+
POLR2D	2	128601126	128615729	-
POLR2E	19	1086572	1095391	-
POLR2F	22	38349669	38437922	+
POLR2G	11	62529051	62534182	+
POLR2H	3	184079497	184086383	+
POLR2I	19	36604610	36605777	-
POLR2J	7	102113540	102119369	-
POLR2J2	7	102277194	102312182	-
POLR2J3	7	102178365	102213068	-
POLR2J4	7	43980493	44058793	-
POLR2K	8	101162863	101166231	+
POLR2L	11	839720	842529	-
POLR2M	15	57998718	58009755	+
POLR3A	10	79734906	79789273	-
POLR3B	12	106751525	106903976	+
POLR3C	1	145590666	145610913	-
POLR3D	8	22102645	22112114	+
POLR3E	16	22308695	22346424	+
POLR3F	20	18448033	18465290	+
POLR3G	5	89769745	89810372	+
POLR3GL	1	145456235	145470408	-
POLR3H	22	41921805	41940610	-
POLR3K	16	96406	103608	-
POLRMT	19	617220	633537	-
POM121	7	72349927	72421998	+
POM121C	7	75046064	75115576	-
POM121L10P	22	25041132	25055114	-
POM121L12	7	53103325	53104618	+
POM121L1P	22	22974027	22987012	-
POM121L2	6	27276841	27280011	-
POM121L4P	22	21043842	21046009	+
POM121L8P	22	21636713	21652015	+
POM121L9P	22	24647588	24661492	+
POMC	2	25383721	25391720	-
POMGNT1	1	46654352	46685977	-
POMGNT2	3	43120725	43147571	-
POMK	8	42948648	42978577	+
POMP	13	29233266	29253096	+
POMT1	9	134378304	134399186	+
POMT2	14	77741298	77787226	-
POMZP3	7	76239302	76256620	-
PON1	7	94926987	94953844	-
PON2	7	95034173	95064384	-
PON3	7	94989183	95025687	-
POP1	8	99129520	99172069	+
POP4	19	30097189	30108142	+
POP5	12	121016566	121019205	-
POP7	7	100303743	100305109	+
POPDC2	3	119360902	119379436	-
POPDC3	6	105605774	105627889	-
POR	7	75544472	75616173	+
PORCN	X	48367379	48379202	+
POSTN	13	38136718	38172981	-
POT1	7	124462439	124570037	-
POT1-AS1	7	124569926	124785287	+
POTEA	8	43147584	43218328	+
POTEB	15	21040700	22083259	-
POTEB2	15	21040700	22082803	-
POTEB3	15	21037139	22083259	-
POTEC	18	14507348	14543599	-
POTED	21	14982097	15018144	+
POTEE	2	131967108	132022845	+
POTEF	2	130831107	130886795	-
POTEG	14	19553364	19585220	+
POTEH	22	16256331	16287937	-
POTEI	2	131217027	131267280	-
POTEJ	2	131369012	131415610	+
POTEKP	2	132349614	132384002	+
POTEM	14	19983953	20020272	-
POU1F1	3	87308553	87325734	-
POU2AF1	11	111222980	111250000	-
POU2F1	1	167190121	167396582	+
POU2F2	19	42590274	42636625	-
POU2F3	11	120107346	120190654	+
POU3F1	1	38509500	38512465	-
POU3F2	6	99282449	99287334	+
POU3F3	2	105470572	105475031	+
POU3F4	X	82763297	82767128	+
POU4F1	13	79172500	79177687	-
POU4F2	4	147560044	147563624	+
POU4F3	5	145718401	145721291	+
POU5F1	6	31132113	31138459	-
POU5F1B	8	128428069	128429441	+
POU5F1P3	12	8286364	8287448	-
POU5F1P4	1	155402970	155404053	+
POU5F1P5	10	69769703	69770640	-
POU5F2	5	93068925	93077306	-
POU6F1	12	51580718	51611846	-
POU6F2	7	39017508	39508200	+
POU6F2-AS1	7	39444197	39445945	-
POU6F2-AS2	7	39019494	39053167	-
PP12613	4	122685739	122687963	+
PP2672	1	234893365	234895803	-
PP2D1	3	20021452	20053756	-
PP7080	5	470624	473080	-
PPA1	10	71962590	71993185	-
PPA2	4	106290233	106395227	-
PPAN	19	10216898	10222688	+
PPAN-P2RY11	19	10217037	10226048	+
PPARA	22	46546428	46639653	+
PPARD	6	35310334	35395968	+
PPARG	3	12328866	12475842	+
PPARGC1A	4	23793643	24474528	-
PPARGC1B	5	149109872	149234585	+
PPAT	4	57259527	57301781	-
PPBP	4	74852155	74853907	-
PPBPP2	4	74919754	74921116	-
PPCDC	15	75315930	75343067	+
PPCS	1	42922011	42939049	+
PPDPF	20	62152093	62153559	+
PPDPFL	8	49966894	49988652	+
PPEF1	X	18693186	18846034	+
PPEF1-AS1	X	18706762	18710806	-
PPEF2	4	76781019	76823605	-
PPFIA1	11	70116795	70230502	+
PPFIA2	12	81651753	82153129	-
PPFIA2-AS1	12	81672967	81706201	+
PPFIA3	19	49622800	49654280	+
PPFIA4	1	202995618	203047864	+
PPFIBP1	12	27677138	27848497	+
PPFIBP2	11	7535229	7679372	+
PPHLN1	12	42719946	42842423	+
PPIA	7	44836279	44842716	+
PPIAL4A	1	144363586	149553662	-
PPIAL4C	1	144363461	149553787	-
PPIAL4D	1	148201751	148806799	+
PPIAL4E	1	148201751	148806799	-
PPIAL4F	1	148201751	148806799	-
PPIAL4G	1	143767143	143767898	-
PPIAL4H	1	143765472	147955536	-
PPIAP30	10	15196720	15197346	-
PPIAP46	15	74653892	74654382	+
PPIB	15	64448015	64455221	-
PPIC	5	122358944	122372420	-
PPID	4	159630278	159644548	-
PPIE	1	40204516	40229586	+
PPIEL	1	39987951	40025370	-
PPIF	10	81107224	81115089	+
PPIG	2	170440860	170497915	+
PPIH	1	43124093	43142429	+
PPIL1	6	36822605	36842579	-
PPIL2	22	22020272	22054304	+
PPIL3	2	201735629	201753800	-
PPIL4	6	149825630	149867179	-
PPIL6	6	109711417	109762374	-
PPIP5K1	15	43825659	43882451	-
PPIP5K1P1-CATSPER2	15	43922759	43982229	-
PPIP5K2	5	102456004	102548500	+
PPL	16	4932507	4987149	-
PPM1A	14	60712467	60765805	+
PPM1B	2	44395941	44461785	+
PPM1D	17	58677553	58743640	+
PPM1E	17	56833214	57062540	+
PPM1F	22	22273797	22307220	-
PPM1F-AS1	22	22292608	22297805	+
PPM1G	2	27604065	27632458	-
PPM1H	12	63037773	63328930	-
PPM1J	1	113252615	113257950	-
PPM1K	4	89178771	89205713	-
PPM1K-DT	4	89206081	89262809	+
PPM1L	3	160474018	160796695	+
PPM1M	3	52279774	52284615	+
PPM1N	19	46001730	46005764	+
PPME1	11	73882333	73965748	+
PPOX	1	161136215	161141010	+
PPP1CA	11	67165653	67169329	-
PPP1CB	2	28974613	29025806	+
PPP1CC	12	111157484	111180696	-
PPP1R10	6	30568189	30585020	-
PPP1R11	6	30034974	30038108	+
PPP1R12A	12	80167342	80329235	-
PPP1R12A-AS1	12	80329060	80335175	+
PPP1R12B	1	202317826	202561830	+
PPP1R12C	19	55602285	55629005	-
PPP1R13B	14	104199532	104313912	-
PPP1R13L	19	45882896	45909619	-
PPP1R14A	19	38741876	38747014	-
PPP1R14B	11	64011950	64014415	-
PPP1R14B-AS1	11	64013337	64015686	+
PPP1R14C	6	150464179	150571528	+
PPP1R14D	15	41107648	41120906	-
PPP1R15A	19	49375648	49379319	+
PPP1R15B	1	204372508	204380945	-
PPP1R16A	8	145703364	145727504	+
PPP1R16B	20	37434339	37551667	+
PPP1R17	7	31726630	31748069	+
PPP1R18	6	30644165	30654984	-
PPP1R1A	12	54973029	54982443	-
PPP1R1B	17	37783204	37792877	+
PPP1R1C	2	182818967	182996111	+
PPP1R2	3	195241223	195270148	-
PPP1R21	2	48667904	48742531	+
PPP1R26	9	138371627	138380738	+
PPP1R26-AS1	9	138354564	138364095	-
PPP1R27	17	79791367	79792926	-
PPP1R2B	5	156277305	156279539	+
PPP1R2C	X	42636616	42637414	-
PPP1R2P2	21	37258742	37260725	+
PPP1R32	11	61248591	61258400	+
PPP1R35	7	100032905	100034120	-
PPP1R36	14	65016678	65056099	+
PPP1R37	19	45596436	45650543	+
PPP1R3A	7	113516831	113559064	-
PPP1R3B	8	8993765	9009049	-
PPP1R3C	10	93388198	93392828	-
PPP1R3D	20	58511717	58515360	-
PPP1R3E	14	23764860	23772068	-
PPP1R3F	X	49126255	49144550	+
PPP1R3G	6	5085574	5089721	+
PPP1R42	8	67876337	67940789	-
PPP1R7	2	242088987	242123067	+
PPP1R8	1	28157292	28178186	+
PPP1R9A	7	94536905	94925732	+
PPP1R9B	17	48211100	48228038	-
PPP2CA	5	133530022	133561764	-
PPP2CB	8	30643134	30670334	-
PPP2R1A	19	52693304	52732771	+
PPP2R1B	11	111597636	111637113	-
PPP2R2A	8	26149023	26230195	+
PPP2R2B	5	145960304	146461083	-
PPP2R2B-IT1	5	146293769	146299069	-
PPP2R2C	4	6322304	6565526	-
PPP2R2D	10	133747954	133773338	+
PPP2R3A	3	135684569	135866736	+
PPP2R3C	14	35554673	35591749	-
PPP2R5A	1	212458751	212535195	+
PPP2R5B	11	64692160	64701947	+
PPP2R5C	14	102226909	102394328	+
PPP2R5D	6	42952307	42980080	+
PPP2R5E	14	63838073	64010113	-
PPP3CA	4	101944574	102268683	-
PPP3CB	10	75196185	75255782	-
PPP3CB-AS1	10	75255509	75267067	+
PPP3CC	8	22298482	22398657	+
PPP3R1	2	68405988	68479664	-
PPP3R2	9	104353885	104357251	-
PPP4C	16	30087314	30096697	+
PPP4R1	18	9546791	9614557	-
PPP4R1-AS1	18	9614804	9619361	+
PPP4R1L	20	56807832	56884495	-
PPP4R2	3	73045893	73118352	+
PPP4R3A	14	91923480	91976898	-
PPP4R3B	2	55774427	55844757	-
PPP4R3C	X	27478323	27481458	-
PPP4R4	14	94640648	94746072	+
PPP5C	19	46850343	46894232	+
PPP5D1	19	46984044	47104457	-
PPP6C	9	127908851	127952218	-
PPP6R1	19	55741146	55770385	-
PPP6R2	22	50781755	50883518	+
PPP6R3	11	68228219	68382801	+
PPRC1	10	103892750	103910090	+
PPT1	1	40537132	40562924	-
PPT2	6	32121304	32131452	+
PPT2-EGFL8	6	32121775	32136062	+
PPTC7	12	110971049	111021123	-
PPWD1	5	64859065	64883376	+
PPY	17	42018169	42019844	-
PPY2P	17	26574469	26575315	+
PQBP1	X	48755194	48760422	+
PRAC1	17	46799081	46799880	-
PRAC2	17	46800546	46802120	+
PRADC1	2	73455133	73460412	-
PRAF2	X	48928817	48931661	-
PRAG1	8	8175257	8243949	-
PRAM1	19	8554939	8567524	-
PRAME	22	22890117	22901768	-
PRAMEF1	1	12851545	12856777	+
PRAMEF10	1	13409127	13635299	+
PRAMEF11	1	12884462	12891264	-
PRAMEF12	1	12833880	12838048	+
PRAMEF13	1	13447413	13673511	-
PRAMEF14	1	13447413	13673511	-
PRAMEF15	1	13421175	13648990	+
PRAMEF17	1	13495257	13719089	+
PRAMEF18	1	13035498	13698405	+
PRAMEF19	1	13474063	13698457	-
PRAMEF2	1	12916940	12921764	+
PRAMEF20	1	13516065	13747803	+
PRAMEF22	1	13328832	13477528	-
PRAMEF25	1	13052239	13112702	-
PRAMEF26	1	13052393	13112702	-
PRAMEF27	1	13052393	13648988	+
PRAMEF33	1	13409134	13635299	+
PRAMEF34P	1	13161985	13199727	-
PRAMEF36P	1	13161985	13199727	-
PRAMEF4	1	12939032	12946025	-
PRAMEF5	1	13108513	13369057	-
PRAMEF6	1	12998301	13368936	-
PRAMEF7	1	12976466	13611533	+
PRAMEF8	1	12976466	13611533	-
PRAMEF9	1	12998504	13002353	-
PRAMENP	22	22345495	22398332	-
PRANCR	12	70615969	70637140	-
PRAP1	10	135160876	135166187	+
PRB1	12	11504754	11548500	-
PRB2	12	11544473	11548501	-
PRB3	12	11418846	11422641	-
PRB4	12	11460010	11463370	-
PRC1	15	91509272	91537765	-
PRC1-AS1	15	91509598	91531854	+
PRCC	1	156737326	156770606	+
PRCD	17	74523667	74541458	+
PRCP	11	82533977	82612782	-
PRDM1	6	106534210	106557811	+
PRDM10	11	129769605	129872730	-
PRDM11	11	45115709	45256660	+
PRDM12	9	133539980	133558370	+
PRDM13	6	100054708	100063438	+
PRDM14	8	70963885	70983487	-
PRDM15	21	43218384	43299453	-
PRDM16	1	2985766	3355185	+
PRDM16-DT	1	2976180	2984289	-
PRDM2	1	14026682	14151574	+
PRDM4	12	108126647	108154914	-
PRDM5	4	121613069	121843881	-
PRDM6	5	122424935	122529960	+
PRDM7	16	90122973	90143739	-
PRDM8	4	81106423	81125482	+
PRDM9	5	23507263	23528202	+
PRDX1	1	45976706	45988562	-
PRDX2	19	12907636	12912614	-
PRDX3	10	120927231	120938324	-
PRDX4	X	23685609	23704514	+
PRDX5	11	64085592	64089283	+
PRDX6	1	173446473	173457954	+
PRDX6-AS1	1	173386927	173430501	-
PREB	2	27353624	27357543	-
PRECSIT	13	111516333	111522655	-
PRELID1	5	176730799	176733950	+
PRELID2	5	145135906	145214905	-
PRELID3A	18	12407927	12432236	+
PRELID3B	20	57608199	57617841	-
PRELP	1	203444933	203460479	+
PREP	6	105721092	105850957	-
PREPL	2	44544745	44589001	-
PREX1	20	47240789	47444536	-
PREX2	8	68864280	69149267	+
PRF1	10	72357103	72362544	-
PRG1	19	43853207	43853700	+
PRG2	11	57154252	57158123	-
PRG3	11	57144241	57148623	-
PRG4	1	186265404	186283697	+
PRH1	12	11033563	11324210	-
PRH1-PRR4	12	10998447	11324224	-
PRH1-TAS2R14	12	11090008	11324210	-
PRH2	12	11081834	11087444	+
PRICKLE1	12	42850558	42983548	-
PRICKLE2	3	64077911	64253849	-
PRICKLE2-AS1	3	64053639	64088807	+
PRICKLE2-AS2	3	64089145	64092034	+
PRICKLE2-AS3	3	64173219	64187236	+
PRICKLE3	X	49031150	49042826	-
PRICKLE4	6	41748519	41755190	+
PRIM1	12	57125363	57146107	-
PRIM2	6	57179602	57513376	+
PRIMA1	14	94184643	94254831	-
PRIMPOL	4	185570891	185616105	+
PRKAA1	5	40759480	40798297	-
PRKAA2	1	57110986	57181008	+
PRKAB1	12	120105937	120119424	+
PRKAB2	1	146626684	146644049	-
PRKACA	19	14202506	14228574	-
PRKACB	1	84543657	84704181	+
PRKACG	9	71627419	71629029	-
PRKAG1	12	49396056	49412559	-
PRKAG2	7	151253200	151574200	-
PRKAG2-AS1	7	151574126	151576308	+
PRKAG3	2	219687103	219696526	-
PRKAR1A	17	66409763	66547457	+
PRKAR1B	7	588833	767313	-
PRKAR1B-AS1	7	642481	648139	+
PRKAR1B-AS2	7	601594	605256	+
PRKAR2A	3	48784018	48885307	-
PRKAR2A-AS1	3	48885369	48889415	+
PRKAR2B	7	106685149	106802256	+
PRKCA	17	64298730	64806861	+
PRKCA-AS1	17	64394186	64412972	-
PRKCB	16	23847303	24231932	+
PRKCD	3	53195224	53226733	+
PRKCE	2	45878813	46415129	+
PRKCG	19	54385450	54410906	+
PRKCH	14	61788160	62017698	+
PRKCI	3	169940211	170023765	+
PRKCQ	10	6436058	6622608	-
PRKCQ-AS1	10	6622386	6627323	+
PRKCSH	19	11546077	11561782	+
PRKCZ	1	1981849	2116838	+
PRKCZ-AS1	1	2113232	2115314	-
PRKD1	14	30045685	30397053	-
PRKD2	19	47177572	47220384	-
PRKD3	2	37477645	37551976	-
PRKDC	8	48685673	48872696	-
PRKG1	10	52750647	54058110	+
PRKG1-AS1	10	54056607	54073888	-
PRKG2	4	82008523	82136376	-
PRKG2-AS1	4	82086093	82114549	+
PRKN	6	161768448	163148798	-
PRKRA	2	179296140	179315902	-
PRKRIP1	7	102036809	102067113	+
PRKX	X	3522381	3631690	-
PRKX-AS1	X	3577527	3586231	+
PRKXP1	15	101087956	101099488	-
PRKY	Y	7142012	7249588	+
PRL	6	22287475	22303064	-
PRLH	2	238475216	238475818	+
PRLHR	10	120349508	120355160	-
PRLR	5	35048860	35230589	-
PRM1	16	11374697	11375187	-
PRM2	16	11369495	11370337	-
PRM3	16	11367055	11367486	-
PRMT1	19	50180527	50191704	+
PRMT2	21	48055506	48085036	+
PRMT3	11	20409075	20530884	+
PRMT5	14	23389737	23398585	-
PRMT5-AS1	14	23388664	23392616	+
PRMT6	1	107599295	107601916	+
PRMT7	16	68344921	68392487	+
PRMT8	12	3490514	3703138	+
PRMT9	4	148558935	148605381	-
PRNCR1	8	128092118	128104840	+
PRND	20	4702554	4709106	+
PRNP	20	4667101	4682234	+
PRNT	20	4711927	4721314	-
PRO1804	17	67229115	67231153	-
PROB1	5	138726280	138730793	-
PROC	2	128176002	128186818	+
PROCA1	17	27030214	27038906	-
PROCR	20	33759874	33765165	+
PRODH	22	18900293	18924066	-
PRODH2	19	36290889	36303747	-
PROK1	1	110993770	110999980	+
PROK2	3	71820805	71834299	-
PROKR1	2	68870710	68885381	+
PROKR2	20	5279863	5297600	-
PROM1	4	15969850	16085646	-
PROM2	2	95940196	95957050	+
PROP1	5	177419235	177423243	-
PRORP	14	35591757	35746828	+
PRORSD1P	2	55509454	55511607	+
PRORY	Y	23544859	23548246	-
PROS1	3	93591894	93692740	-
PROSER1	13	39584001	39612226	-
PROSER2	10	11865354	11914276	+
PROSER2-AS1	10	11891606	11936709	-
PROSER3	19	36249076	36262068	+
PROX1	1	214161315	214214847	+
PROX1-AS1	1	213992983	214159496	-
PROX2	14	75319735	75342848	-
PROZ	13	113812961	113826700	+
PRPF18	10	13628964	13672859	+
PRPF19	11	60658019	60674057	-
PRPF3	1	150293916	150325709	+
PRPF31	19	54619133	54635144	+
PRPF38A	1	52870273	52886507	+
PRPF38B	1	109234931	109245550	+
PRPF39	14	45553318	45585485	+
PRPF4	9	116037937	116055185	+
PRPF40A	2	153508106	153574533	-
PRPF40B	12	50017343	50038448	+
PRPF4B	6	4021533	4065217	+
PRPF6	20	62612484	62664453	+
PRPF8	17	1553922	1588161	-
PRPH	12	49688929	49692467	+
PRPH2	6	42664335	42690335	-
PRPS1	X	106871653	106894256	+
PRPS1L1	7	18066393	18067469	-
PRPS2	X	12809473	12842346	+
PRPSAP1	17	74305558	74350279	-
PRPSAP2	17	18759611	18834599	+
PRR11	17	57233106	57284070	+
PRR12	19	50094438	50129696	+
PRR13	12	53835432	53840427	+
PRR14	16	30662098	30667761	+
PRR14L	22	32077333	32146118	-
PRR15	7	29603450	29606911	+
PRR15L	17	46029333	46035249	-
PRR16	5	119799972	120023025	+
PRR18	6	166718787	166721880	-
PRR19	19	42806283	42814973	+
PRR20A	13	57715051	57744352	+
PRR20B	13	57715051	57744352	+
PRR20C	13	57715051	57744352	+
PRR20D	13	57715051	57744352	+
PRR20E	13	57715051	57744352	+
PRR20G	3	127002625	127006889	-
PRR22	19	5782970	5784757	-
PRR23A	3	138722803	138725110	-
PRR23B	3	138737872	138739768	-
PRR23C	3	138760943	138763734	-
PRR23D1	8	7397148	7638936	+
PRR23D2	8	7397149	7638935	-
PRR25	16	855442	863861	+
PRR27	4	71019953	71032326	+
PRR29	17	62075710	62081665	+
PRR29-AS1	17	62073430	62077259	-
PRR3	6	30524485	30531500	+
PRR30	2	27359715	27362278	-
PRR32	X	125953711	125955768	+
PRR34	22	46444410	46450105	-
PRR34-AS1	22	46449725	46454402	+
PRR35	16	610393	615529	+
PRR36	19	7933604	7939275	-
PRR4	12	10998447	11002074	-
PRR5	22	45064426	45133561	+
PRR5-ARHGAP8	22	45098077	45258664	+
PRR5L	11	36317837	36486754	+
PRR7	5	176872995	176883287	+
PRR7-AS1	5	176864889	176874945	-
PRR9	1	153190059	153191786	+
PRRC1	5	126853331	126890777	+
PRRC2A	6	31588491	31605539	+
PRRC2B	9	134249037	134375580	+
PRRC2C	1	171454668	171562650	+
PRRG1	X	37208582	37316548	+
PRRG2	19	50084572	50094261	+
PRRG3	X	150863078	150874396	+
PRRG4	11	32851472	32879666	+
PRRT1	6	32116135	32120860	-
PRRT1B	9	134420909	134434586	+
PRRT2	16	29823513	29827202	+
PRRT3	3	9987225	9994099	-
PRRT3-AS1	3	9989087	9996471	+
PRRT4	7	127990378	128001744	-
PRRX1	1	170633271	170708562	+
PRRX2	9	132427925	132484951	+
PRRX2-AS1	9	132475172	132480985	-
PRSS1	7	142457322	142460923	+
PRSS12	4	119201192	119274158	-
PRSS16	6	27215479	27224399	+
PRSS21	16	2867237	2871718	+
PRSS22	16	2902730	2908171	-
PRSS23	11	86502112	86663945	+
PRSS27	16	2762422	2770225	-
PRSS3	9	33750463	33799229	+
PRSS30P	16	2889573	2892752	-
PRSS33	16	2833953	2837916	-
PRSS35	6	84222252	84235421	+
PRSS36	16	31150246	31161387	-
PRSS37	7	141536077	141541285	-
PRSS38	1	228003385	228034171	+
PRSS3P2	7	142478756	142482399	+
PRSS40A	2	131294142	131341734	-
PRSS40B	2	131294142	131341734	-
PRSS41	16	2848470	2855305	+
PRSS42P	3	46871031	46875585	-
PRSS43P	3	46794532	46798345	-
PRSS44P	3	46850129	46854064	-
PRSS45P	3	46783580	46786245	-
PRSS46P	3	46761072	46777917	-
PRSS47	9	94946613	94953438	-
PRSS48	4	152198324	152213014	+
PRSS50	3	46753606	46759359	-
PRSS53	16	31094744	31100130	-
PRSS54	16	58313900	58328951	-
PRSS55	8	10383041	10411676	+
PRSS56	2	233385097	233390425	+
PRSS57	19	685545	695452	-
PRSS58	7	141951962	141957878	-
PRSS8	16	31142753	31147048	-
PRTFDC1	10	25137542	25241535	-
PRTG	15	55903741	56035350	-
PRTN3	19	840998	848175	+
PRUNE1	1	150980924	151008189	+
PRUNE2	9	79226291	79521030	-
PRX	19	40899670	40919285	-
PRXL2A	10	82167584	82196871	+
PRXL2B	1	2517961	2522907	+
PRXL2C	9	99401859	99417599	-
PRY	Y	24217902	24660784	-
PRY2	Y	24217902	24660784	-
PSAP	10	73576054	73611008	-
PSAPL1	4	7432011	7436657	-
PSAT1	9	80912040	80945009	+
PSCA	8	143751714	143764143	+
PSD	10	104162373	104179691	-
PSD2	5	139175392	139224051	+
PSD2-AS1	5	139120931	139125808	-
PSD3	8	18384812	18871213	-
PSD4	2	113931547	113966968	+
PSEN1	14	73603214	73690399	+
PSEN2	1	227058272	227083804	+
PSENEN	19	36236551	36238420	+
PSG1	19	43370615	43383865	-
PSG10P	19	43341148	43359870	-
PSG11	19	43511807	43530621	-
PSG2	19	43568360	43586853	-
PSG3	19	43225793	43244633	-
PSG4	19	43696853	43709926	-
PSG5	19	43671894	43690688	-
PSG6	19	43406237	43422046	-
PSG7	19	43428283	43441359	-
PSG8	19	43256837	43269830	-
PSG8-AS1	19	43326014	43331030	+
PSG9	19	43757433	43773682	-
PSIP1	9	15464064	15511017	-
PSKH1	16	67927156	67963579	+
PSKH2	8	87059339	87081897	-
PSLNR	22	16199675	16237070	-
PSMA1	11	14526421	14665180	-
PSMA2	7	42956460	42971773	-
PSMA3	14	58711522	58738727	+
PSMA3-AS1	14	58732082	58764855	-
PSMA4	15	78832746	78844754	+
PSMA5	1	109941663	109969070	-
PSMA6	14	35747763	35786699	+
PSMA7	20	60711788	60718450	-
PSMA8	18	23713832	23773319	+
PSMB1	6	170844207	170862395	-
PSMB10	16	67968409	67970753	-
PSMB11	14	23511420	23513269	+
PSMB2	1	36065142	36107127	-
PSMB3	17	36908993	36920478	+
PSMB4	1	151372048	151374413	+
PSMB5	14	23495059	23504429	-
PSMB6	17	4699438	4701798	+
PSMB7	9	127115743	127177721	-
PSMB8	6	32808493	32812456	-
PSMB8-AS1	6	32811862	32814277	+
PSMB9	6	32821968	32827628	+
PSMC1	14	90722896	90741773	+
PSMC2	7	102987970	103009842	+
PSMC3	11	47440325	47447990	-
PSMC3IP	17	40724327	40729849	-
PSMC4	19	40476911	40487671	+
PSMC5	17	61904790	61909387	+
PSMC6	14	53173917	53195308	+
PSMD1	2	231921577	232037540	+
PSMD10	X	107327434	107334874	-
PSMD11	17	30771527	30810337	+
PSMD12	17	65334031	65362693	-
PSMD13	11	236975	252984	+
PSMD14	2	162164935	162268228	+
PSMD2	3	184017028	184026838	+
PSMD3	17	38137059	38154212	+
PSMD4	1	151227209	151239954	+
PSMD5	9	123578331	123605200	-
PSMD6	3	63996224	64009686	-
PSMD6-AS2	3	63989697	63997917	+
PSMD7	16	74330711	74340186	+
PSMD8	19	38865210	38874464	+
PSMD9	12	122326695	122356203	+
PSME1	14	24605366	24608176	+
PSME2	14	24612573	24615819	-
PSME3	17	40985413	40995777	+
PSME3IP1	16	57186377	57220028	-
PSME4	2	54091205	54198130	-
PSMF1	20	1093871	1152890	+
PSMG1	21	40546694	40555440	-
PSMG2	18	12658737	12725741	+
PSMG3	7	1606969	1609668	-
PSMG3-AS1	7	1609708	1629261	+
PSMG4	6	3259180	3268283	+
PSORS1C1	6	31082576	31107869	+
PSORS1C2	6	31105310	31106843	-
PSORS1C3	6	31141511	31154094	-
PSPC1	13	20248891	20357176	-
PSPH	7	56078756	56119137	-
PSPN	19	6375158	6375927	-
PSRC1	1	109822175	109825790	-
PSTK	10	124739916	124749906	+
PSTPIP1	15	77287020	77329816	+
PSTPIP2	18	43563501	43652226	-
PTAFR	1	28473676	28520447	-
PTAR1	9	72324442	72374927	-
PTBP1	19	797451	812312	+
PTBP2	1	97187160	97289295	+
PTBP3	9	114979994	115095944	-
PTCD1	7	99014361	99036421	-
PTCD2	5	71616193	71664222	+
PTCD3	2	86333357	86369280	+
PTCH1	9	98205261	98279253	-
PTCH2	1	45285515	45308925	-
PTCHD1	X	23352965	23422491	+
PTCHD1-AS	X	22211121	23311263	-
PTCHD3	10	27687116	27703297	-
PTCHD4	6	47824410	48078933	-
PTCRA	6	42883726	42893575	+
PTCSC1	8	134067203	134070012	+
PTCSC2	9	100461906	100615362	-
PTCSC3	14	36604915	36645857	-
PTDSS1	8	97274129	97349223	+
PTDSS2	11	448267	491400	+
PTEN	10	89623381	89731687	+
PTENP1	9	33673501	33677418	-
PTENP1-AS	9	33677265	33688008	+
PTER	10	16478941	16555744	+
PTF1A	10	23481240	23483174	+
PTGDR	14	52734415	52743442	+
PTGDR2	11	60618405	60623423	-
PTGDS	9	139871955	139876194	+
PTGER1	19	14583277	14586166	-
PTGER2	14	52781029	52795313	+
PTGER3	1	71318040	71513499	-
PTGER4	5	40680016	40693837	+
PTGER4P2-CDK2AP2P2	9	66494268	66503030	+
PTGES	9	132500627	132515321	-
PTGES2	9	130882971	130890741	-
PTGES2-AS1	9	130890807	130892913	+
PTGES3	12	57057124	57082192	-
PTGES3L	17	41120119	41132097	-
PTGES3L-AARSD1	17	41102542	41132545	-
PTGFR	1	78956658	79006386	+
PTGFRN	1	117452537	117532974	+
PTGIR	19	47123724	47128346	-
PTGIS	20	48120410	48184674	-
PTGR1	9	114312001	114362135	-
PTGR2	14	74318533	74352429	+
PTGS1	9	125132811	125157982	+
PTGS2	1	186640922	186649555	-
PTH	11	13513591	13517722	-
PTH1R	3	46919210	46945289	+
PTH2	19	49925675	49926698	-
PTH2R	2	209224415	209359231	+
PTHLH	12	28111016	28125666	-
PTK2	8	141667998	142012178	-
PTK2B	8	27168994	27316908	+
PTK6	20	62159353	62168729	-
PTK7	6	43044051	43129458	+
PTMA	2	232573234	232578261	+
PTMAP11	9	99671356	99672737	+
PTMS	12	6875528	6880118	+
PTN	7	136912091	137028479	-
PTOV1	19	50353961	50364001	+
PTOV1-AS1	19	50341902	50354933	-
PTOV1-AS2	19	50359721	50362546	-
PTP4A1	6	64226344	64293493	+
PTP4A2	1	32372021	32403969	-
PTP4A3	8	142402120	142442554	+
PTPA	9	131873228	131911225	+
PTPDC1	9	96793094	96872138	+
PTPMT1	11	47586981	47595013	+
PTPN1	20	49126857	49201777	+
PTPN11	12	112856750	112947722	+
PTPN12	7	77166611	77269386	+
PTPN13	4	87515467	87736328	+
PTPN14	1	214522044	214724945	-
PTPN18	2	131113628	131132978	+
PTPN2	18	12785476	12884334	-
PTPN20	10	46550120	48827966	-
PTPN21	14	88932121	89021351	-
PTPN22	1	114356432	114414381	-
PTPN23	3	47422510	47454925	+
PTPN3	9	112137973	112260587	-
PTPN4	2	120517497	120742474	+
PTPN5	11	18749474	18814268	-
PTPN6	12	7055739	7070479	+
PTPN7	1	202116140	202130716	-
PTPN9	15	75755591	75871656	-
PTPRA	20	2844840	3019315	+
PTPRB	12	70909649	71031209	-
PTPRC	1	198608097	198726605	+
PTPRCAP	11	67202980	67205153	-
PTPRD	9	8314245	10613002	-
PTPRD-AS1	9	8858017	8861727	+
PTPRD-AS2	9	10613205	10620420	+
PTPRE	10	129705366	129884119	+
PTPRF	1	43991707	44089343	+
PTPRG	3	61547244	62283284	+
PTPRG-AS1	3	62247493	62304622	-
PTPRH	19	55692614	55720869	-
PTPRJ	11	48002110	48192391	+
PTPRK	6	128289929	128841744	-
PTPRK-AS1	6	128349009	128407435	+
PTPRM	18	7567313	8406854	+
PTPRN	2	220154344	220174123	-
PTPRN2	7	157331745	158380515	-
PTPRN2-AS1	7	157647276	157658782	+
PTPRO	12	15475441	15751265	+
PTPRQ	12	80838014	81074052	+
PTPRR	12	71031852	71314518	-
PTPRS	19	5205518	5340823	-
PTPRT	20	40701395	41818546	-
PTPRT-AS1	20	41597382	41600132	+
PTPRU	1	29563033	29653312	+
PTPRVP	1	202137178	202158577	+
PTPRZ1	7	121513214	121702090	+
PTRH1	9	130475941	130477955	-
PTRH2	17	57774666	57784959	-
PTRHD1	2	25012596	25016260	-
PTS	11	112097150	112104695	+
PTTG1	5	159848861	159855751	+
PTTG1IP	21	46269499	46293818	-
PTTG2	4	37962018	37962748	+
PTTG3P	8	67679567	67680269	-
PTX3	3	157154638	157161421	+
PTX4	16	1535886	1538945	-
PUDP	X	6966960	7066194	-
PUF60	8	144898513	144911485	-
PUM1	1	31404352	31538564	-
PUM2	2	20448451	20552014	-
PUM3	9	2804154	2844095	-
PURA	5	139493693	139505199	+
PURB	7	44915897	44925129	-
PURG	8	30853317	30890872	-
PURPL	5	27472398	27496508	+
PUS1	12	132413820	132430441	+
PUS10	2	61167360	61245394	-
PUS3	11	125763379	125773116	-
PUS7	7	105096947	105162718	-
PUS7L	12	44112794	44152593	-
PUSL1	1	1243959	1247057	+
PVALB	22	37196746	37215543	-
PVALEF	17	79139306	79156966	+
PVR	19	45147097	45169428	+
PVRIG	7	99816870	99819111	+
PVRIG2P	7	99949940	99951559	+
PVT1	8	128806778	129113499	+
PWAR1	15	25380788	25383200	+
PWAR4	15	25456838	25457180	+
PWAR5	15	25230006	25233379	+
PWAR6	15	25277019	25281635	+
PWARSN	15	25227140	25228937	+
PWP1	12	108079508	108106939	+
PWP2	21	45527279	45551063	+
PWRN1	15	24803303	24832926	+
PWRN2	15	24409923	24415095	-
PWRN3	15	24686273	24693114	+
PWRN4	15	24220293	24333301	+
PWWP2A	5	159502891	159546457	-
PWWP2B	10	134210703	134231358	+
PWWP3A	19	1354957	1378428	+
PWWP3B	X	105412297	105452949	+
PXDC1	6	3722852	3751947	-
PXDN	2	1635658	1748287	-
PXDNL	8	52232136	52722005	-
PXK	3	58318616	58411854	+
PXMP2	12	133264172	133281571	+
PXMP4	20	32290564	32308116	-
PXN	12	120648241	120703574	-
PXN-AS1	12	120639093	120650631	+
PXT1	6	36358328	36410631	-
PXYLP1	3	140950666	141013766	+
PYCARD	16	31212806	31214097	-
PYCARD-AS1	16	31213205	31214773	+
PYCR1	17	79890261	79895204	-
PYCR2	1	226107576	226112040	-
PYCR3	8	144685379	144691745	-
PYDC1	16	31227282	31228456	-
PYDC2	3	191178951	191179245	+
PYDC5	1	158969760	158970102	-
PYGB	20	25228720	25278648	+
PYGL	14	51371934	51411201	-
PYGM	11	64513860	64528187	-
PYGO1	15	55831084	55881169	-
PYGO2	1	154929501	154934258	-
PYHIN1	1	158901341	158946849	+
PYM1	12	56295196	56321678	-
PYROXD1	12	21590588	21624186	+
PYROXD2	10	100143324	100174939	-
PYURF	4	89442149	89444927	-
PYY	17	42030100	42081813	-
PYY2	17	26553588	26555085	+
PZP	12	9301435	9360991	-
QARS1	3	49133364	49142190	-
QDPR	4	17488015	17513857	-
QKI	6	163835749	163999623	+
QPCT	2	37571772	37600465	+
QPCTL	19	46195923	46207242	+
QPRT	16	29690328	29710021	+
QRFP	9	133768094	133772199	-
QRFPR	4	122249796	122302173	-
QRICH1	3	49067139	49131806	-
QRICH2	17	74270129	74303761	-
QRSL1	6	107077452	107116292	+
QSER1	11	32914356	33001814	+
QSOX1	1	180123967	180173165	+
QSOX2	9	139098182	139137658	-
QTRT1	19	10812114	10824041	+
QTRT2	3	113775583	113807268	+
R3HCC1	8	23145604	23153792	+
R3HCC1L	10	99894380	100004654	+
R3HDM1	2	136289053	136482839	+
R3HDM2	12	57647546	57824826	-
R3HDM4	19	896502	913219	-
R3HDML	20	42965682	42979877	+
RAB10	2	26256952	26360323	+
RAB11A	15	66161828	66184324	+
RAB11B	19	8455243	8469317	+
RAB11B-AS1	19	8439259	8455575	-
RAB11FIP1	8	37716135	37757015	-
RAB11FIP2	10	119764426	119806452	-
RAB11FIP3	16	475648	573011	+
RAB11FIP4	17	29718692	29865230	+
RAB11FIP5	2	73300509	73340076	-
RAB12	18	8609442	8639380	+
RAB13	1	153954080	153958815	-
RAB14	9	123940410	123964147	-
RAB15	14	65412533	65439054	-
RAB17	2	238482968	238499377	-
RAB18	10	27793232	27831168	+
RAB19	7	140103857	140127774	+
RAB1A	2	65313987	65357435	-
RAB1B	11	66036109	66044963	+
RAB20	13	111175412	111214069	-
RAB21	12	72148642	72194066	+
RAB22A	20	56884770	56942563	+
RAB23	6	57051790	57087112	-
RAB24	5	176728190	176730745	-
RAB25	1	156030950	156040295	+
RAB26	16	2198144	2204162	+
RAB27A	15	55495164	55582011	-
RAB27B	18	52385087	52562747	+
RAB28	4	13369346	13485989	-
RAB29	1	205737113	205744610	-
RAB2A	8	61429468	61536203	+
RAB2B	14	21927178	21945118	-
RAB30	11	82684174	82782939	-
RAB30-DT	11	82783107	82784754	+
RAB31	18	9708297	9862548	+
RAB32	6	146864968	146876089	+
RAB33A	X	129305935	129318844	+
RAB33B	4	140375274	140397763	+
RAB33B-AS1	4	140372828	140375195	-
RAB34	17	27041298	27045286	-
RAB35	12	120532903	120554557	-
RAB36	22	23487510	23507850	+
RAB37	17	72667269	72743474	+
RAB38	11	87846418	87908611	-
RAB39A	11	107799173	107834208	+
RAB39B	X	154487519	154493776	-
RAB3A	19	18307593	18314852	-
RAB3B	1	52373627	52456372	-
RAB3C	5	57877978	58155221	+
RAB3D	19	11432744	11450333	-
RAB3GAP1	2	135809861	135928279	+
RAB3GAP2	1	220321634	220445795	-
RAB3IL1	11	61664772	61687756	-
RAB3IP	12	70132639	70216984	+
RAB40A	X	102754057	102774417	-
RAB40AL	X	102192199	102193228	+
RAB40B	17	80612848	80656574	-
RAB40C	16	639356	679273	+
RAB41	X	69502021	69504852	+
RAB42	1	28918776	28923178	+
RAB43	3	128806411	128840993	-
RAB44	6	36665602	36700961	+
RAB4A	1	229406808	229441640	+
RAB4B	19	41284151	41302847	+
RAB4B-EGLN2	19	41284123	41314346	+
RAB5A	3	19988571	20026667	+
RAB5B	12	56367696	56390467	+
RAB5C	17	40276996	40307007	-
RAB5IF	20	35234181	35240960	+
RAB6A	11	73386682	73472119	-
RAB6B	3	133543079	133614726	-
RAB6C	2	130737238	130740311	+
RAB6C-AS1	2	130724164	130738045	-
RAB6D	2	132118064	132121741	-
RAB7A	3	128445025	128533641	+
RAB8A	19	16222698	16245044	+
RAB8B	15	63481804	63559973	+
RAB9A	X	13707239	13728623	+
RAB9B	X	103031251	103087212	-
RAB9BP1	5	104435174	104435799	+
RABAC1	19	42460835	42463473	-
RABEP1	17	5185578	5289659	+
RABEP2	16	28915741	28936559	-
RABEPK	9	127962820	127996440	+
RABGAP1	9	125703298	125867144	+
RABGAP1L	1	174128551	174964445	+
RABGAP1L-AS1	1	174904083	174923398	-
RABGAP1L-DT	1	174090775	174128425	-
RABGEF1	7	66119553	66276448	+
RABGGTA	14	24734743	24740833	-
RABGGTB	1	76251878	76260775	+
RABIF	1	202847409	202858277	-
RABL2A	2	114384842	114400968	+
RABL2B	22	51205934	51222064	-
RABL3	3	120403784	120461527	-
RABL6	9	139702399	139735639	+
RAC1	7	6414157	6443598	+
RAC2	22	37621309	37640309	-
RAC3	17	79989553	79992080	+
RACGAP1	12	50382944	50419340	-
RACGAP1P1	12	45456400	45459194	-
RACK1	5	180663896	180670906	-
RAD1	5	34905365	34915609	-
RAD17	5	68665123	68710628	+
RAD18	3	8918758	9005156	-
RAD21	8	117858172	117887015	-
RAD21-AS1	8	117886662	117889107	+
RAD21L1	20	1206687	1236520	+
RAD23A	19	13056627	13064457	+
RAD23B	9	110045559	110094475	+
RAD50	5	131892668	131982039	+
RAD51	15	40987371	41024538	+
RAD51-AS1	15	40985950	40987303	-
RAD51AP1	12	4648055	4669213	+
RAD51AP2	2	17691845	17711681	-
RAD51B	14	68286495	69149823	+
RAD51C	17	56769933	56812972	+
RAD51D	17	33419240	33446879	-
RAD51L3-RFFL	17	33336130	33448541	-
RAD52	12	1020901	1099207	-
RAD54B	8	95384187	95487343	-
RAD54L	1	46713359	46744145	+
RAD54L2	3	51572734	51702676	+
RAD9A	11	67159456	67165883	+
RAD9B	12	110940135	110971361	+
RADIL	7	4836685	4923347	-
RADX	X	105855159	105922673	+
RAE1	20	55926310	55954258	+
RAET1E	6	150204510	150217195	-
RAET1E-AS1	6	150184633	150240644	+
RAET1G	6	150238013	150244257	-
RAET1K	6	150319154	150326280	-
RAET1L	6	150339471	150346668	-
RAF1	3	12625099	12705616	-
RAG1	11	36531902	36601310	+
RAG2	11	36613492	36619829	-
RAI1	17	17584771	17714765	+
RAI1-AS1	17	17662467	17669616	-
RAI14	5	34656432	34832717	+
RAI2	X	17818168	17879418	-
RALA	7	39663170	39747717	+
RALB	2	121010427	121052286	+
RALBP1	18	9475510	9538111	+
RALGAPA1	14	36007561	36278501	-
RALGAPA1P1	9	108282104	108289597	+
RALGAPA2	20	20370173	20693287	-
RALGAPB	20	37101485	37207501	+
RALGDS	9	135973108	136024597	-
RALGPS1	9	129677052	129985445	+
RALGPS2	1	178694281	178890977	+
RALY	20	32581716	32672690	+
RALY-AS1	20	32580293	32582173	-
RALYL	8	85095021	85834078	+
RAMAC	15	83654961	83659809	+
RAMP1	2	238768265	238820748	+
RAMP2	17	40913244	40915059	+
RAMP2-AS1	17	40905946	40913275	-
RAMP3	7	45197389	45223849	+
RAN	12	131356538	131362223	+
RANBP1	22	20103626	20114878	+
RANBP10	16	67756972	67840463	-
RANBP17	5	170289021	170727019	+
RANBP2	2	109335937	109402265	+
RANBP3	19	5916150	5978151	-
RANBP3L	5	36247018	36302004	-
RANBP6	9	6011024	6015624	-
RANBP9	6	13621729	13712067	-
RANGAP1	22	41640782	41698373	-
RANGRF	17	8191987	8193405	+
RAP1A	1	112084630	112259317	+
RAP1B	12	69004678	69065681	+
RAP1GAP	1	21922713	21995850	-
RAP1GAP2	17	2680051	2941035	+
RAP1GDS1	4	99182534	99365009	+
RAP2A	13	98086422	98121382	+
RAP2B	3	152880014	152888415	+
RAP2C	X	131337051	131353508	-
RAP2C-AS1	X	131352534	131566839	+
RAPGEF1	9	134452161	134615463	-
RAPGEF2	4	160025202	160281325	+
RAPGEF3	12	48128145	48152663	-
RAPGEF4	2	173600572	173917620	+
RAPGEF4-AS1	2	173587916	173600934	-
RAPGEF5	7	22157853	22396773	-
RAPGEF6	5	130759613	130970922	-
RAPGEFL1	17	38333262	38351908	+
RAPH1	2	204298404	204400024	-
RAPSN	11	47459314	47470688	-
RARA	17	38465431	38513895	+
RARA-AS1	17	38497118	38499388	-
RARB	3	24870813	25639422	+
RARB-AS1	3	25424595	25426418	-
RARG	12	53604349	53626040	-
RARRES1	3	158414680	158450275	-
RARRES2	7	150035417	150038718	-
RARS1	5	167913475	167946306	+
RARS2	6	88223652	88299750	-
RASA1	5	86563699	86687733	+
RASA2	3	141205868	141334198	+
RASA3	13	114747193	114898098	-
RASA4	7	102220092	102257205	-
RASA4B	7	102120423	102158224	-
RASA4CP	7	44068485	44080222	-
RASA4DP	7	102319154	102389141	-
RASAL1	12	113536623	113574044	-
RASAL2	1	178063238	178447985	+
RASAL2-AS1	1	178060642	178063128	-
RASAL3	19	15562435	15575355	-
RASD1	17	17397752	17399709	-
RASD2	22	35928852	35950045	+
RASEF	9	85594504	85678057	-
RASGEF1A	10	43689980	43762513	-
RASGEF1B	4	82347546	82393061	-
RASGEF1C	5	179527794	179636211	-
RASGRF1	15	79252247	79383122	-
RASGRF2	5	80256181	80525981	+
RASGRF2-AS1	5	80243511	80256726	-
RASGRP1	15	38780303	38857015	-
RASGRP2	11	64494382	64512928	-
RASGRP3	2	33661414	33789798	+
RASGRP3-AS1	2	33780111	33794497	-
RASGRP4	19	38899697	38916945	-
RASIP1	19	49223841	49243867	-
RASL10A	22	29708921	29711686	-
RASL10B	17	34058657	34070540	+
RASL11A	13	27844966	27849325	+
RASL11B	4	53728483	53733002	+
RASL12	15	65345674	65369005	-
RASSF1	3	50367216	50378367	-
RASSF1-AS1	3	50374941	50375727	+
RASSF10	11	13030862	13033665	+
RASSF2	20	4760668	4804254	-
RASSF3	12	65004274	65091344	+
RASSF4	10	45455249	45491338	+
RASSF5	1	206680863	206762779	+
RASSF6	4	74437266	74486348	-
RASSF7	11	560969	564025	+
RASSF8	12	26111614	26232822	+
RASSF8-AS1	12	26107587	26112375	-
RASSF9	12	86194480	86230187	-
RAVER1	19	10426888	10444205	-
RAVER2	1	65210655	65298914	+
RAX	18	56934269	56940686	-
RAX2	19	3769088	3772226	-
RB1	13	48877886	49056026	+
RB1-DT	13	48870648	48877838	-
RB1CC1	8	53535017	53627026	-
RBAK	7	5085490	5109117	+
RBAK-RBAKDN	7	5085490	5112852	+
RBAKDN	7	5111690	5112854	+
RBBP4	1	33116808	33151812	+
RBBP5	1	205055269	205091106	-
RBBP6	16	24550886	24584183	+
RBBP7	X	16862464	16888485	-
RBBP8	18	20513290	20606449	+
RBBP8NL	20	60985292	61002595	-
RBBP9	20	18467185	18477869	-
RBCK1	20	388693	412781	+
RBFA	18	77794433	77810648	+
RBFADN	18	77827255	77839206	+
RBFOX1	16	6069024	7763342	+
RBFOX2	22	36134782	36424872	-
RBFOX3	17	77085426	77512230	-
RBIS	8	86126282	86132651	-
RBKS	2	28004230	28113263	-
RBL1	20	35624754	35724400	-
RBL2	16	53468382	53525560	+
RBM10	X	47004616	47046214	+
RBM11	21	15588477	15600693	+
RBM12	20	34236846	34252822	-
RBM12B	8	94740387	94753237	-
RBM12B-AS1	8	94752338	94753047	+
RBM14	11	66384100	66397397	+
RBM14-RBM4	11	66384052	66413944	+
RBM15	1	110881998	110889297	+
RBM15-AS1	1	110828998	110881793	-
RBM15B	3	51428715	51435336	+
RBM17	10	6130996	6159422	+
RBM18	9	124999900	125027119	-
RBM19	12	114254544	114404130	-
RBM20	10	112404093	112599226	+
RBM22	5	150070353	150080624	-
RBM23	14	23362412	23388358	-
RBM24	6	17281591	17294099	+
RBM25	14	73525241	73590607	+
RBM26	13	79893002	79980390	-
RBM26-AS1	13	79980443	79998468	+
RBM27	5	145583167	145668784	+
RBM28	7	127937737	127983962	-
RBM3	X	48432871	48439549	+
RBM33	7	155437354	155574174	+
RBM34	1	235294497	235324565	-
RBM38	20	55966451	55984386	+
RBM38-AS1	20	55959215	55968112	-
RBM39	20	34289268	34330258	-
RBM4	11	66406087	66435850	+
RBM41	X	106305117	106362052	-
RBM42	19	36119917	36128588	+
RBM43	2	152104453	152118377	-
RBM44	2	238707421	238751448	+
RBM45	2	178977163	178994382	+
RBM46	4	155702423	155749965	+
RBM47	4	40425296	40632611	-
RBM48	7	92158108	92169795	+
RBM4B	11	66432469	66445358	-
RBM5	3	50126351	50156454	+
RBM5-AS1	3	50137035	50138421	-
RBM6	3	49977582	50114682	+
RBM7	11	114271387	114281329	+
RBM8A	1	145507608	145513535	+
RBMS1	2	161128661	161350318	-
RBMS2	12	56915603	56989976	+
RBMS3	3	29322561	30051886	+
RBMS3-AS1	3	29968301	29975647	-
RBMS3-AS3	3	29305684	29322430	-
RBMX	X	135951350	135962939	-
RBMX2	X	129535960	129547630	+
RBMXL1	1	89445138	89458643	-
RBMXL2	11	7110228	7112379	+
RBMXL3	X	114423972	114427431	+
RBMY1A1	Y	23673223	24064214	+
RBMY1A3P	Y	9154669	9160483	-
RBMY1B	Y	23673223	24064214	-
RBMY1D	Y	23673223	24064214	+
RBMY1E	Y	23673263	24064174	-
RBMY1F	Y	24309031	24569685	-
RBMY1J	Y	24314920	24563796	+
RBMY2EP	Y	23557033	23563448	-
RBMY2FP	Y	24455005	24462352	+
RBMY3AP	Y	9448329	9452762	-
RBP1	3	139236279	139258584	-
RBP2	3	139171725	139195358	-
RBP3	10	48381480	48390999	-
RBP4	10	95351450	95361501	-
RBP5	12	7276281	7282601	-
RBP7	1	10057285	10076079	+
RBPJ	4	26165079	26436752	+
RBPJL	20	43935479	43946464	+
RBPMS	8	30242016	30429773	+
RBPMS-AS1	8	30239634	30242917	-
RBPMS2	15	65032089	65067788	-
RBSN	3	15111579	15140664	-
RBX1	22	41347381	41369313	+
RC3H1	1	173900221	173991495	-
RC3H2	9	125606834	125667638	-
RCAN1	21	35888739	35987412	-
RCAN2	6	46188466	46459804	-
RCAN3	1	24828833	24867530	+
RCAN3AS	1	24822743	24828872	-
RCBTB1	13	50106081	50159719	-
RCBTB2	13	49063098	49110031	-
RCC1	1	28832554	28865501	+
RCC1L	7	74441223	74489717	-
RCC2	1	17733255	17766173	-
RCCD1	15	91498105	91506355	+
RCE1	11	66610911	66614023	+
RCHY1	4	76404246	76439640	-
RCL1	9	4792833	4861077	+
RCN1	11	32112619	32127268	+
RCN2	15	77224089	77246734	+
RCN3	19	50031259	50046890	+
RCOR1	14	103058985	103196896	+
RCOR2	11	63678701	63684636	-
RCOR3	1	211432618	211489725	+
RCSD1	1	167599429	167677933	+
RCVRN	17	9799636	9808588	-
RD3	1	211649863	211665504	-
RD3L	14	104406762	104408866	-
RDH10	8	74206836	74237516	+
RDH10-AS1	8	74223140	74268696	-
RDH11	14	68143518	68162481	-
RDH12	14	68168602	68201168	+
RDH13	19	55555683	55580888	-
RDH14	2	18735988	18741919	-
RDH16	12	57345214	57353158	-
RDH5	12	56114176	56118526	+
RDH8	19	10124158	10132955	+
RDM1	17	34245084	34257780	-
RDM1P5	17	37213271	37237704	+
RDX	11	110045604	110167437	-
REC114	15	73735504	73852353	+
REC8	14	24641288	24649460	+
RECK	9	36036909	36124452	+
RECQL	12	21621843	21654603	-
RECQL4	8	145736670	145743217	-
RECQL5	17	73622933	73663234	-
REELD1	4	147135689	147153419	+
REEP1	2	86441119	86565206	-
REEP2	5	137774745	137782654	+
REEP3	10	65281160	65384888	+
REEP4	8	21995532	21999420	-
REEP5	5	112212081	112257924	-
REEP6	19	1491179	1497926	+
REG1A	2	79347613	79350535	+
REG1B	2	79312148	79315119	-
REG1CP	2	79362628	79365553	-
REG3A	2	79384131	79386879	-
REG3G	2	79252827	79255627	+
REG4	1	120336639	120354083	-
REL	2	61108708	61158747	+
RELA	11	65421066	65430443	-
RELB	19	45504721	45541450	+
RELCH	18	59854487	59977481	+
RELL1	4	37592425	37687998	-
RELL2	5	141016516	141020631	+
RELN	7	103112230	103630105	-
RELT	11	73087443	73108519	+
REM1	20	30063090	30072698	+
REM2	14	23352430	23356887	+
REN	1	204123946	204135465	-
RENBP	X	153200721	153210095	-
REP15	12	27849379	27850522	+
REPIN1	7	150065184	150071133	+
REPS1	6	139224631	139309398	-
REPS2	X	16964780	17171395	+
RER1	1	2323279	2336875	+
RERE	1	8412463	8877699	-
RERE-AS1	1	8484704	8495076	+
REREP3	15	22546564	22570831	+
RERG	12	15260716	15374351	-
RERG-AS1	12	15304856	15308215	+
RERGL	12	18233802	18243127	-
RESF1	12	32112348	32146041	+
RESP18	2	220192129	220197899	-
REST	4	57774065	57802010	+
RET	10	43572474	43625797	+
RETN	19	7733934	7735341	+
RETNLB	3	108474485	108476130	-
RETREG1	5	16473146	16617167	-
RETREG2	2	220042996	220050197	+
RETREG3	17	40731525	40761445	-
RETSAT	2	85569077	85581651	-
REV1	2	100016939	100106479	-
REV3L	6	111620233	111804918	-
REX1BD	19	18699607	18703147	+
REXO1	19	1815246	1848482	-
REXO1L2P	8	86566827	86840171	-
REXO2	11	114310188	114321000	+
REXO4	9	136271181	136283292	-
REXO5	16	20817848	20860987	+
RFC1	4	39289075	39367982	-
RFC2	7	73645831	73668788	-
RFC3	13	34392205	34540695	+
RFC4	3	186507681	186524484	-
RFC5	12	118454465	118470042	+
RFESD	5	94982480	94993786	+
RFFL	17	33333008	33416245	-
RFK	9	79000441	79009342	-
RFLNA	12	124773709	124800570	+
RFLNB	17	289770	295731	-
RFNG	17	80005777	80009687	-
RFPL1	22	29834571	29838444	+
RFPL1S	22	29833003	29838118	-
RFPL2	22	32586421	32600836	-
RFPL3	22	32750871	32757148	+
RFPL3S	22	32755892	32767251	-
RFPL4A	19	56270506	56274541	+
RFPL4AL1	19	56280483	56284786	+
RFPL4B	6	112668531	112672496	+
RFT1	3	53122500	53164451	-
RFTN1	3	16357351	16555206	-
RFTN2	2	198432948	198540311	-
RFWD3	16	74655296	74700775	-
RFX1	19	14072341	14117132	-
RFX2	19	5993174	6110511	-
RFX3	9	3218296	3526001	-
RFX3-AS1	9	3668085	3691756	+
RFX4	12	106976781	107156581	+
RFX5	1	151313115	151319728	-
RFX5-AS1	1	151319485	151320367	+
RFX6	6	117198404	117253323	+
RFX7	15	56379477	56537280	-
RFX8	2	102013820	102091574	-
RFXANK	19	19303007	19312678	+
RFXAP	13	37393358	37403241	+
RGCC	13	42031685	42045007	+
RGL1	1	183605243	183897677	+
RGL2	6	33259430	33267165	-
RGL3	19	11504735	11529990	-
RGL4	22	24033047	24041363	+
RGMA	15	93578500	93632440	-
RGMB	5	98104335	98132198	+
RGMB-AS1	5	98105321	98108788	-
RGN	X	46937753	46952713	+
RGP1	9	35749283	35758574	+
RGPD1	2	87144737	88285309	+
RGPD2	2	87140934	88125286	+
RGPD3	2	107019861	107084869	-
RGPD4	2	108443347	108509000	+
RGPD4-AS1	2	108439519	108443225	-
RGPD5	2	110550334	113191191	-
RGPD6	2	110518015	111368633	+
RGPD8	2	110551850	113191222	+
RGR	10	86004808	86019716	+
RGS1	1	192544902	192549154	+
RGS10	10	121259329	121302231	-
RGS11	16	318305	325944	-
RGS12	4	3315873	3441640	+
RGS13	1	192605276	192629440	+
RGS14	5	176784924	176799597	+
RGS16	1	182567757	182573524	-
RGS17	6	153325593	153452417	-
RGS18	1	192127591	192154945	+
RGS19	20	62704534	62711317	-
RGS2	1	192778168	192781405	+
RGS2-AS1	1	192904873	192917387	-
RGS20	8	54764354	54871864	+
RGS21	1	192286121	192336414	+
RGS22	8	100973165	101118277	-
RGS3	9	116207009	116360023	+
RGS4	1	163038395	163046592	+
RGS5	1	163112088	163291581	-
RGS5-AS1	1	163131464	163182813	+
RGS6	14	72398887	73033238	+
RGS7	1	240938041	241520530	-
RGS7BP	5	63801841	63908146	+
RGS8	1	182610948	182653722	-
RGS9	17	63133487	63223821	+
RGS9BP	19	33166753	33169206	+
RGSL1	1	182419280	182529732	+
RHAG	6	49572889	49604552	-
RHBDD1	2	227664874	227863923	+
RHBDD2	7	75508309	75518244	+
RHBDD3	22	29655840	29664152	-
RHBDF1	16	108057	122629	-
RHBDF2	17	74466974	74497509	-
RHBDL1	16	725670	728268	+
RHBDL2	1	39351478	39407502	-
RHBDL3	17	30592850	30651680	+
RHBG	1	156339001	156355011	+
RHCE	1	25688739	25747405	-
RHCG	15	90014639	90039814	-
RHD	1	25598976	25656936	+
RHEB	7	151163097	151216981	-
RHEBL1	12	49458458	49463762	-
RHEX	1	206238881	206288197	-
RHNO1	12	2985430	2998691	+
RHO	3	129247481	129254187	+
RHOA	3	49396578	49449409	-
RHOB	2	20646834	20649201	+
RHOBTB1	10	62629195	62761198	-
RHOBTB2	8	22844763	22877712	+
RHOBTB3	5	95067039	95132065	+
RHOC	1	113243748	113250025	-
RHOD	11	66824317	66839488	+
RHOF	12	122215659	122231594	-
RHOG	11	3848207	3862189	-
RHOH	4	40192699	40248587	+
RHOJ	14	63671160	63760225	+
RHOQ	2	46769628	46811827	+
RHOQ-AS1	2	46795395	46807377	-
RHOT1	17	30469472	30552790	+
RHOT2	16	718082	724174	+
RHOU	1	228780393	228882416	+
RHOV	15	41164411	41166432	-
RHOXF1	X	119243008	119249823	-
RHOXF1-AS1	X	119170200	119280761	+
RHOXF1P1	X	119144673	119149508	-
RHOXF2	X	119204636	119299536	-
RHOXF2B	X	119206228	119297945	+
RHPN1	8	144451045	144466391	+
RHPN1-AS1	8	144448792	144450805	-
RHPN2	19	33469497	33555794	-
RIBC1	X	53449804	53458068	+
RIBC2	22	45809573	45828389	+
RIC1	9	5629106	5776556	+
RIC3	11	8114511	8190572	-
RIC8A	11	207510	215175	+
RIC8B	12	107168459	107283094	+
RICTOR	5	38938022	39074501	-
RIDA	8	99114571	99129399	-
RIF1	2	152266415	152338685	+
RIIAD1	1	151693997	151702281	+
RILP	17	1549444	1553160	-
RILPL1	12	123954600	124018266	-
RILPL2	12	123899585	123921280	-
RIMBP2	12	130880677	131200850	-
RIMBP3	22	20455681	20461786	-
RIMBP3B	22	21738039	21905373	+
RIMBP3C	22	21737662	21905750	-
RIMKLA	1	42846462	42889903	+
RIMKLB	12	8834195	8935687	+
RIMS1	6	72596405	73112847	+
RIMS2	8	104512837	105268322	+
RIMS3	1	41086351	41131354	-
RIMS4	20	43380448	43439187	-
RIN1	11	66097711	66104245	-
RIN2	20	19738901	19983103	+
RIN3	14	92980124	93155339	+
RING1	6	33176276	33180492	+
RINL	19	39358471	39368915	-
RINT1	7	105172527	105208132	+
RIOK1	6	7390040	7418270	+
RIOK2	5	96496570	96518951	-
RIOK3	18	21033250	21063104	+
RIOX1	14	73957637	73960098	+
RIOX2	3	97660660	97691295	-
RIPK1	6	3064200	3115421	+
RIPK2	8	90770043	90803292	+
RIPK3	14	24805230	24809197	-
RIPK4	21	43159532	43187212	-
RIPOR1	16	67562731	67580689	+
RIPOR2	6	24804511	25042516	-
RIPOR3	20	49202644	49308079	-
RIPOR3-AS1	20	49262007	49276828	+
RIPPLY1	X	106143292	106146571	-
RIPPLY2	6	84562984	84567234	+
RIPPLY3	21	38378449	38391962	+
RIT1	1	155867598	155881140	-
RIT2	18	40323182	40695657	-
RITA1	12	113623330	113630173	+
RLBP1	15	89753099	89764810	-
RLF	1	40627058	40706593	+
RLIM	X	73802810	73834459	-
RLN1	9	5334929	5339876	-
RLN2	9	5299865	5304716	-
RLN3	19	14138959	14142370	+
RMC1	18	21083433	21111783	+
RMDN1	8	87484577	87526586	-
RMDN2	2	38152429	38294281	+
RMDN2-AS1	2	38177476	38263484	-
RMDN3	15	41028081	41047534	-
RMI1	9	86595273	86618987	+
RMI2	16	11439294	11445620	+
RMND1	6	151725896	151773316	-
RMND5A	2	86947413	87005164	+
RMND5B	5	177557961	177577569	+
RMRP	9	35657747	35658015	-
RMST	12	97856553	97958793	+
RN7SK	6	52860417	52860749	+
RN7SL1	14	50053297	50053596	+
RN7SL2	14	50329268	50329567	-
RN7SL3	14	50320333	50320632	-
RN7SL832P	2	10830135	10832221	+
RNA5S1	1	228746012	228781905	-
RNA5S10	1	228746012	228781905	-
RNA5S11	1	228746012	228781905	-
RNA5S12	1	228746012	228781905	-
RNA5S13	1	228746012	228781905	-
RNA5S14	1	228746012	228781905	-
RNA5S15	1	228746012	228781905	-
RNA5S16	1	228746012	228781905	-
RNA5S17	1	228746012	228781905	-
RNA5S2	1	228746012	228781905	-
RNA5S3	1	228746012	228781905	-
RNA5S4	1	228746012	228781905	-
RNA5S5	1	228746012	228781905	-
RNA5S6	1	228746012	228781905	-
RNA5S7	1	228746012	228781905	-
RNA5S8	1	228746012	228781905	-
RNA5S9	1	228763892	228764013	-
RNASE1	14	21269386	21271003	-
RNASE10	14	20972391	20979281	+
RNASE11	14	21051050	21058417	-
RNASE12	14	21058232	21058982	-
RNASE13	14	21500976	21502966	-
RNASE2	14	21423645	21424595	+
RNASE3	14	21359561	21360507	+
RNASE4	14	21152718	21169374	+
RNASE6	14	21249426	21250626	+
RNASE7	14	21510520	21512392	+
RNASE8	14	21525980	21526614	+
RNASE9	14	21024251	21029090	-
RNASEH1	2	3579402	3605923	-
RNASEH1-AS1	2	3605975	3609340	+
RNASEH2A	19	12917397	12924454	+
RNASEH2B	13	51483813	51544596	+
RNASEH2B-AS1	13	51456514	51484848	-
RNASEH2C	11	65485143	65488269	-
RNASEK	17	6915735	6917852	+
RNASEK-C17orf49	17	6915735	6920843	+
RNASEL	1	182542768	182558391	-
RNASET2	6	167335600	167370038	-
RND1	12	49250927	49259653	-
RND2	17	41177247	41184058	+
RND3	2	151324706	151344209	-
RNF10	12	120972158	121015391	+
RNF103	2	86830515	86851000	-
RNF103-CHMP3	2	86730552	86948245	-
RNF11	1	51701944	51739119	+
RNF111	15	59279861	59389618	+
RNF112	17	19314544	19320589	+
RNF113A	X	119004437	119005696	-
RNF113B	13	98828038	98829523	-
RNF114	20	48552933	48570422	+
RNF115	1	145611017	145696216	+
RNF121	11	71639767	71708643	+
RNF122	8	33405271	33424646	-
RNF123	3	49726989	49758962	+
RNF125	18	29598787	29653182	+
RNF126	19	647525	663214	-
RNF126P1	17	55122838	55124156	+
RNF128	X	105937067	106040246	+
RNF13	3	149530474	149679925	+
RNF130	5	179382066	179498759	-
RNF133	7	122337788	122339171	-
RNF135	17	29298056	29326929	+
RNF138	18	29671836	29711524	+
RNF138P1	5	54824669	54830370	-
RNF139	8	125487120	125500859	+
RNF139-AS1	8	125474737	125486804	-
RNF14	5	141346401	141369857	+
RNF141	11	10533219	10562734	-
RNF144A	2	7057542	7216498	+
RNF144B	6	18387580	18469100	+
RNF145	5	158584416	158637061	-
RNF146	6	127587826	127609705	+
RNF148	7	122341721	122342976	-
RNF149	2	101892062	101925163	-
RNF150	4	141780960	142054623	-
RNF151	16	2016856	2018950	+
RNF152	18	59475300	59560240	-
RNF157	17	74138554	74236574	-
RNF157-AS1	17	74136636	74150729	+
RNF165	18	43913980	44043103	+
RNF166	16	88762908	88772816	-
RNF167	17	4843386	4848517	+
RNF168	3	196195656	196230639	-
RNF169	11	74459893	74553458	+
RNF17	13	25338306	25454058	+
RNF170	8	42704779	42751866	-
RNF175	4	154631311	154681176	-
RNF180	5	63461669	63668696	+
RNF181	2	85822867	85824831	+
RNF182	6	13924676	13980540	+
RNF183	9	116059372	116065656	-
RNF185	22	31556167	31603005	+
RNF186	1	20140521	20141776	-
RNF187	1	228675082	228683889	+
RNF19A	8	101269286	101348432	-
RNF19B	1	33402049	33430410	-
RNF2	1	185014689	185071735	+
RNF20	9	104296134	104325626	+
RNF207	1	6266178	6281359	+
RNF207-AS1	1	6264899	6265840	-
RNF208	9	140114698	140115775	-
RNF212	4	1050038	1107352	-
RNF212B	14	23654529	23742686	+
RNF213	17	78234650	78372589	+
RNF213-AS1	17	78325630	78388968	-
RNF214	11	117103386	117157170	+
RNF215	22	30774809	30783400	-
RNF216	7	5659677	5821294	-
RNF216-IT1	7	5702062	5720092	-
RNF216P1	7	5013615	5037800	+
RNF217	6	125283690	125413780	+
RNF217-AS1	6	125229391	125284173	-
RNF220	1	44870831	45117396	+
RNF222	17	8294019	8301145	-
RNF223	1	1006346	1009686	-
RNF224	9	140121953	140124092	+
RNF225	19	58907456	58908446	+
RNF227	17	7816641	7819636	-
RNF24	20	3907960	3996205	-
RNF25	2	219528614	219536725	-
RNF26	11	119205236	119208019	+
RNF31	14	24616083	24629870	+
RNF32	7	156433440	156469820	+
RNF34	12	121837885	121862155	+
RNF38	9	36336398	36401195	-
RNF39	6	30038042	30043628	-
RNF4	4	2470832	2517586	+
RNF40	16	30772932	30787628	+
RNF41	12	56595962	56615753	-
RNF43	17	56429860	56494895	-
RNF44	5	175953712	175964403	-
RNF5	6	32146181	32148570	+
RNF5P1	8	38457692	38458775	-
RNF6	13	26706252	26796508	-
RNF7	3	141457050	141466402	+
RNF8	6	37321758	37362510	+
RNFT1	17	58029601	58042101	-
RNFT1-DT	17	58042456	58074333	+
RNFT2	12	117176095	117291436	+
RNGTT	6	89319615	89673337	-
RNH1	11	494511	507242	-
RNLS	10	90033620	90343082	-
RNMT	18	13726671	13764555	+
RNPC3	1	104068320	104097859	+
RNPEP	1	201951775	201975271	+
RNPEPL1	2	241507900	241520789	+
RNPS1	16	2303116	2318127	-
RNU105B	20	8811831	8812040	+
RNU105C	8	55243245	55243455	+
RNU11	1	28975111	28975246	+
RNU12	22	43011250	43011399	+
RNU2-1	11	62609095	62609281	-
RNU4-1	12	120730896	120731040	-
RNU4-2	12	120729565	120729706	-
RNU4ATAC	2	122288455	122288585	+
RNU5A-1	15	65588388	65588505	+
RNU5B-1	15	65597014	65597131	+
RNU5D-1	1	45196740	45196840	-
RNU5E-1	1	11968210	11968329	+
RNU5F-1	1	45187457	45187573	-
RNU6ATAC	9	137029561	137029686	-
RNU6ATAC35P	1	220997612	220999405	+
RNU7-1	12	7052978	7053041	+
RNVU1-1	1	143647013	147834665	-
RNVU1-14	1	148241464	148241628	+
RNVU1-15	1	148604907	148605072	-
RNVU1-17	1	149194105	149194269	-
RNVU1-19	1	147994145	149514256	+
RNVU1-20	1	149605916	149606079	+
RNVU1-3	1	143687358	147875028	+
RNVU1-4	1	144311212	144491605	-
RNVU1-6	1	145382756	145382920	+
RNVU1-7	1	145969269	147511167	-
RNVU1-8	1	146556162	146556303	-
RNY1	7	148684227	148684340	-
RNY3	7	148680846	148680948	+
RNY4	7	148660406	148660502	+
RNY5	7	148638579	148638663	+
RO60	1	193028741	193060906	+
ROBO1	3	78646387	79817148	-
ROBO2	3	76360030	77699114	+
ROBO3	11	124735327	124751367	+
ROBO4	11	124753586	124767761	-
ROCK1	18	18526866	18691774	-
ROCK1P1	18	109064	122340	+
ROCK2	2	11319884	11485563	-
ROCR	17	70017991	70022120	-
ROGDI	16	4846962	4852951	-
ROM1	11	62380728	62382588	+
ROMO1	20	34287326	34288902	+
ROPN1	3	123687367	123711017	-
ROPN1B	3	125688020	125702296	+
ROPN1L	5	10441990	10465138	+
ROPN1L-AS1	5	10440846	10441963	-
ROR1	1	64239687	64647179	+
ROR1-AS1	1	64560124	64579474	-
ROR2	9	94484882	94712510	-
RORA	15	60780482	61521501	-
RORA-AS1	15	60771376	60922838	+
RORA-AS2	15	60973767	60979448	+
RORB	9	77112250	77308089	+
RORB-AS1	9	77088350	77113469	-
RORC	1	151778546	151804278	-
ROS1	6	117608515	117747105	-
RP1	8	55471744	55783791	+
RP1L1	8	10463859	10512653	-
RP2	X	46696477	46741791	+
RP9	7	33134409	33149016	-
RP9P	7	32956426	32982782	-
RPA1	17	1733298	1803376	+
RPA2	1	28218035	28241308	-
RPA3	7	7676148	7758238	-
RPA4	X	96138906	96140450	+
RPAIN	17	5322960	5336340	+
RPAP1	15	41809374	41836455	-
RPAP2	1	92764615	92867613	+
RPAP3	12	48055031	48099844	-
RPARP-AS1	10	104209573	104216050	+
RPE	2	210867288	210886984	+
RPE65	1	68894504	68915637	-
RPEL1	10	105005643	105007773	+
RPF1	1	84944948	84964035	+
RPF2	6	111303219	111349466	+
RPGR	X	38128415	38186762	-
RPGRIP1	14	21748241	21819460	+
RPGRIP1L	16	53632064	53737850	-
RPH3A	12	113013039	113336684	+
RPH3AL	17	62179	202633	-
RPIA	2	88991190	89050446	+
RPL10	X	153626405	153630680	+
RPL10A	6	35436177	35438557	+
RPL10L	14	47120212	47120984	-
RPL11	1	24018268	24023325	+
RPL12	9	130209952	130213685	-
RPL13	16	89627064	89633237	+
RPL13A	19	49990810	49995564	+
RPL13AP17	7	77976558	77988770	+
RPL13AP20	12	13028410	13029070	+
RPL13AP3	14	56232962	56234435	+
RPL13AP5	10	98510022	98510680	+
RPL13AP6	10	112696360	112697013	-
RPL13P5	12	6993144	6993768	+
RPL14	3	40498829	40510078	+
RPL15	3	23958035	23966122	+
RPL17	18	47014850	47018835	-
RPL17-C18orf32	18	47007547	47017956	-
RPL18	19	49118587	49122435	-
RPL18A	19	17970718	17974128	+
RPL19	17	37356535	37360985	+
RPL19P12	7	102781716	102782850	-
RPL21P28	1	212224827	212225393	-
RPL21P44	4	54851665	54853449	-
RPL22	1	6245079	6259655	-
RPL22L1	3	170582664	170587984	-
RPL23	17	37004112	37009974	-
RPL23A	17	27047002	27051377	+
RPL23AP32	2	54756358	54756978	+
RPL23AP53	8	158344	182318	-
RPL23AP64	11	118873670	118874303	-
RPL23AP7	2	114368815	114384715	-
RPL23AP82	22	51195513	51238065	+
RPL23AP87	17	81174665	81188573	+
RPL23P8	7	20866916	20867439	+
RPL24	3	101399934	101405562	-
RPL26	17	8280833	8286511	-
RPL26L1	5	172385731	172396774	+
RPL27	17	41150289	41154971	+
RPL27A	11	8704338	8711419	+
RPL28	19	55897299	55914710	+
RPL29	3	52027537	52029911	-
RPL29P2	17	7657637	7658286	+
RPL3	22	39708886	39715628	-
RPL30	8	99053951	99057773	-
RPL31	2	101618690	101636155	+
RPL31P11	1	161653494	161655042	-
RPL32	3	12875985	12883081	-
RPL32P3	3	129101676	129118282	-
RPL34	4	109541713	109551639	+
RPL34-DT	4	109459345	109541613	-
RPL35	9	127620161	127624236	-
RPL35A	3	197677060	197683481	+
RPL36	19	5690305	5691886	+
RPL36A	X	100645998	100651143	+
RPL36A-HNRNPH2	X	100645998	100669117	+
RPL36AL	14	50085247	50087344	-
RPL37	5	40825364	40835324	-
RPL37A	2	217363566	217368809	+
RPL38	17	72199816	72206794	+
RPL39	X	118920466	118925593	-
RPL39L	3	186838738	186857284	-
RPL3L	16	1993974	2004690	-
RPL4	15	66790352	66797193	-
RPL41	12	56510416	56511751	+
RPL5	1	93297542	93307481	+
RPL6	12	112842984	112856639	-
RPL7	8	74202476	74206701	-
RPL7A	9	136215072	136218281	+
RPL7L1	6	42847353	42857672	+
RPL8	8	146015153	146017775	-
RPL9	4	39455744	39460568	-
RPLP0	12	120634501	120639014	-
RPLP0P2	11	61382507	61406921	+
RPLP1	15	69745156	69748544	+
RPLP2	11	809966	812876	+
RPN1	3	128338811	128369661	-
RPN2	20	35807448	35870025	+
RPP14	3	58291971	58305920	+
RPP21	6	30312932	30314671	+
RPP25	15	75246758	75249113	-
RPP25L	9	34610491	34612094	-
RPP30	10	92631730	92668313	+
RPP38	10	15139178	15146256	+
RPP38-DT	10	15137383	15139318	-
RPP40	6	4994950	5004297	-
RPPH1	14	20811229	20811570	-
RPRD1A	18	33569786	33647557	-
RPRD1B	20	36662147	36720766	+
RPRD2	1	150336586	150449041	+
RPRM	2	154333851	154335276	-
RPRML	17	45055521	45056619	-
RPS10	6	34385230	34393846	-
RPS10-NUDT3	6	34254972	34393902	-
RPS10P7	1	201489031	201489720	+
RPS11	19	49999690	50002965	+
RPS12	6	133135707	133138703	+
RPS13	11	17095934	17099214	-
RPS14	5	149822197	149829302	-
RPS14P3	1	19934300	19935138	+
RPS15	19	1438394	1440494	+
RPS15A	16	18792616	18801656	-
RPS15AP10	1	46111450	46112357	-
RPS16	19	39923776	39926589	-
RPS16P5	6	53199257	53202415	-
RPS17	15	82821157	83209208	-
RPS18	6	33239851	33244288	+
RPS18P9	6	149914751	149915720	+
RPS19	19	42364324	42376993	+
RPS19BP1	22	39925097	39928753	-
RPS2	16	2012058	2014827	-
RPS20	8	56979853	56987065	-
RPS21	20	60962158	60963576	+
RPS23	5	81569138	81574173	-
RPS24	10	79793517	79816564	+
RPS25	11	118886427	118889053	-
RPS26	12	56435701	56438481	+
RPS26P11	X	71264258	71264811	+
RPS27	1	153963230	153964631	+
RPS27A	2	55459038	55462989	+
RPS27L	15	63440447	63449676	-
RPS28	19	8386379	8388224	+
RPS29	14	50037705	50065428	-
RPS2P32	7	23530006	23531031	+
RPS3	11	75110534	75133345	+
RPS3A	4	152020724	152025794	+
RPS4X	X	71491892	71497098	-
RPS4Y1	Y	2709642	2735308	+
RPS4Y2	Y	22917993	22942918	+
RPS5	19	58898635	58906171	+
RPS6	9	19375715	19380234	-
RPS6KA1	1	26856251	26901516	+
RPS6KA2	6	166822851	167276013	-
RPS6KA2-AS1	6	167317185	167318557	+
RPS6KA2-IT1	6	166874150	166878871	-
RPS6KA3	X	20168028	20285027	-
RPS6KA4	11	64126633	64139687	+
RPS6KA5	14	91314204	91526993	-
RPS6KA6	X	83313353	83443207	-
RPS6KB1	17	57970406	58027933	+
RPS6KB2	11	67195964	67202872	+
RPS6KC1	1	213224574	213448117	+
RPS6KL1	14	75370653	75389963	-
RPS7	2	3622849	3628510	+
RPS7P5	1	240170823	240176560	+
RPS8	1	45241211	45244451	+
RPS9	19	54704725	54711515	+
RPSA	3	39448210	39454032	+
RPSAP52	12	66151799	66220754	-
RPSAP58	19	23945805	24017965	+
RPSAP9	9	79013514	79014954	+
RPTN	1	152126070	152131704	-
RPTOR	17	78518637	78940168	+
RPUSD1	16	834973	838381	-
RPUSD2	15	40861491	40867148	+
RPUSD3	3	9879485	9885743	-
RPUSD4	11	126071988	126081587	-
RRAD	16	66955581	66959439	-
RRAGA	9	19049424	19051021	+
RRAGB	X	55744181	55785207	+
RRAGC	1	39303870	39325444	-
RRAGD	6	90074334	90121992	-
RRAS	19	50138548	50143400	-
RRAS2	11	14299465	14386052	-
RRBP1	20	17594323	17662887	-
RREB1	6	7107975	7252213	+
RRH	4	110749127	110766097	+
RRM1	11	4115914	4160162	+
RRM2	2	10262694	10351136	+
RRM2B	8	103216728	103251189	-
RRN3	16	15153878	15188192	-
RRN3P1	16	21807950	21830495	-
RRN3P2	16	29086162	29128038	+
RRN3P3	16	22430866	22449036	-
RRNAD1	1	156698260	156706752	+
RRP1	21	45209457	45225159	+
RRP12	10	99116113	99161127	-
RRP15	1	218458634	218511325	+
RRP1B	21	45079440	45115960	+
RRP36	6	42989339	42997337	+
RRP7A	22	42904349	42915802	-
RRP7BP	22	42969265	42978017	-
RRP8	11	6616301	6624846	-
RRP9	3	51967444	51975920	-
RRS1	8	67341248	67342968	+
RRS1-AS1	8	67331821	67341212	-
RS1	X	18657807	18690228	-
RSAD1	17	48556160	48563341	+
RSAD2	2	7017907	7038370	+
RSBN1	1	114304453	114355098	-
RSBN1L	7	77325775	77412339	+
RSC1A1	1	15986207	15988525	+
RSF1	11	77377273	77531880	-
RSKR	17	26934980	26941203	-
RSL1D1	16	11927706	11945399	-
RSL24D1	15	55473003	55489139	-
RSPH1	21	43892596	43916334	-
RSPH10B	7	5965776	6838396	+
RSPH10B2	7	5965776	6838396	-
RSPH14	22	23401592	23484177	-
RSPH3	6	159393902	159421234	-
RSPH4A	6	116937641	116954148	+
RSPH6A	19	46298970	46318566	-
RSPH9	6	43612766	43640337	+
RSPO1	1	38076950	38100564	-
RSPO2	8	108911543	109095848	-
RSPO3	6	127439815	127520626	+
RSPO4	20	939095	982954	-
RSPRY1	16	57220195	57274381	+
RSRC1	3	157827840	158263519	+
RSRC2	12	122988000	123011483	-
RSRP1	1	25568727	25664745	-
RSU1	10	16632610	16859453	-
RSU1P2	10	45594923	45650044	-
RTBDN	19	12936290	12946242	-
RTCA	1	100731713	100758326	+
RTCA-AS1	1	100730297	100731730	-
RTCB	22	32783568	32808234	-
RTEL1	20	62289162	62327606	+
RTEL1-TNFRSF6B	20	62289162	62330051	+
RTF1	15	41709301	41775761	+
RTF2	20	55043640	55094505	+
RTKN	2	74652961	74669064	-
RTKN2	10	63952844	64028603	-
RTL1	14	101346089	101370059	-
RTL10	22	19833668	19842397	-
RTL3	X	77911564	77914825	-
RTL4	X	111326252	111700473	+
RTL5	X	71346960	71351765	-
RTL6	22	44888462	44894113	-
RTL8A	X	134184962	134186165	-
RTL8B	X	134154542	134156572	-
RTL8C	X	134166384	134167575	+
RTL9	X	109602075	109699562	+
RTN1	14	60062693	60337494	-
RTN2	19	45988552	46000305	-
RTN3	11	63448921	63527363	+
RTN4	2	55199325	55364967	-
RTN4IP1	6	107018645	107078366	-
RTN4R	22	20228937	20255841	-
RTN4RL1	17	1837970	1928628	-
RTN4RL2	11	57228000	57245007	+
RTP1	3	186915273	186919250	+
RTP2	3	187416046	187420345	-
RTP3	3	46539465	46542440	+
RTP4	3	187086172	187089864	+
RTP5	2	242811880	242815975	+
RTRAF	14	52456263	52477412	+
RTTN	18	67670288	67872923	-
RUBCN	3	197395737	197476570	-
RUBCNL	13	46908815	46964177	-
RUFY1	5	178977554	179037013	+
RUFY1-AS1	5	179022904	179030742	-
RUFY2	10	70100868	70167051	-
RUFY3	4	71570653	71674336	+
RUFY4	2	218899656	218955304	+
RUNDC1	17	41132581	41147159	+
RUNDC3A	17	42385926	42396038	+
RUNDC3A-AS1	17	42376941	42385799	-
RUNDC3B	7	87257713	87461611	+
RUNX1	21	36160097	36421599	-
RUNX1-IT1	21	36410229	36411723	-
RUNX1T1	8	92967194	93115613	-
RUNX2	6	45296053	45518819	+
RUNX3	1	25226001	25291501	-
RUSC1	1	155290684	155300909	+
RUSC1-AS1	1	155286644	155293967	-
RUSC2	9	35490107	35561895	+
RUSF1	16	31500795	31519712	-
RUVBL1	3	127783627	127872757	-
RUVBL1-AS1	3	127794652	127797899	+
RUVBL2	19	49496704	49519252	+
RWDD1	6	116892666	116918838	+
RWDD2A	6	83903075	83908654	+
RWDD2B	21	30376704	30391692	-
RWDD3	1	95699710	95712781	+
RWDD4	4	184560787	184580338	-
RXFP1	4	159442865	159574521	+
RXFP2	13	32313662	32377526	+
RXFP3	5	33936490	33939023	+
RXFP4	1	155911428	155912877	+
RXRA	9	137218300	137332432	+
RXRB	6	33161361	33168630	-
RXRG	1	165370158	165414592	-
RXYLT1	12	64173688	64203341	+
RXYLT1-AS1	12	64202624	64215936	-
RYBP	3	72423743	72495774	-
RYK	3	133875976	133969701	-
RYR1	19	38924330	39078204	+
RYR2	1	237205483	237997288	+
RYR3	15	33603167	34158322	+
RYR3-DT	15	33595857	33602860	-
S100A1	1	153600909	153604515	+
S100A10	1	151955391	151966335	-
S100A11	1	152004981	152009480	-
S100A12	1	153346188	153348097	-
S100A13	1	153591274	153606837	-
S100A14	1	153586731	153588801	-
S100A16	1	153579358	153585613	-
S100A2	1	153533584	153538320	-
S100A3	1	153519804	153521734	-
S100A4	1	153516096	153518282	-
S100A5	1	153509622	153514285	-
S100A6	1	153507074	153508467	-
S100A7	1	153430219	153433127	-
S100A7A	1	153388995	153395698	+
S100A8	1	153362507	153395059	-
S100A9	1	153330329	153333499	+
S100B	21	48018516	48024995	-
S100G	X	16668280	16672793	+
S100P	4	6695604	6698897	+
S100PBP	1	33283042	33324480	+
S100Z	5	76145838	76217475	+
S1PR1	1	101702304	101707076	+
S1PR2	19	10332108	10342007	-
S1PR3	9	91606382	91620069	+
S1PR4	19	3178766	3180330	+
S1PR5	19	10623417	10628641	-
SAA1	11	18287771	18291523	+
SAA2	11	18259785	18270215	-
SAA2-SAA4	11	18252901	18270215	-
SAA3P	11	18134018	18137679	-
SAA4	11	18252901	18258349	-
SAAL1	11	18101838	18127629	-
SAC3D1	11	64808404	64812300	+
SACM1L	3	45730887	45786901	+
SACS	13	23902969	24007841	-
SACS-AS1	13	23993109	24003008	+
SAE1	19	47634091	47713893	+
SAFB	19	5623093	5668489	+
SAFB2	19	5587009	5622787	-
SAG	2	234216461	234255701	+
SAGE1	X	134975866	134995221	+
SAGE2P	X	134812380	134819809	-
SALL1	16	51169885	51185181	-
SALL2	14	21989230	22005255	-
SALL3	18	76740274	76758969	+
SALL4	20	50398869	50419060	-
SALRNA1	14	61105933	61107134	+
SALRNA2	15	70927587	70929653	+
SALRNA3	15	70907885	70908906	+
SAMD1	19	14198665	14201563	-
SAMD10	20	62605468	62610995	-
SAMD11	1	859302	879954	+
SAMD12	8	119144063	119634202	-
SAMD12-AS1	8	119633239	119738306	+
SAMD13	1	84764220	84816481	+
SAMD14	17	48187403	48207524	-
SAMD15	14	77843720	77857643	+
SAMD3	6	130465446	130687013	-
SAMD4A	14	55033845	55260033	+
SAMD4B	19	39833060	39875526	+
SAMD5	6	147829825	147891157	+
SAMD7	3	169629359	169656956	+
SAMD8	10	76871413	76941881	+
SAMD9	7	92728825	92747336	-
SAMD9L	7	92759368	92777698	-
SAMHD1	20	35518177	35580111	-
SAMM50	22	44351321	44392409	+
SAMMSON	3	70048894	70064451	+
SAMSN1	21	15857548	15955723	-
SAMSN1-AS1	21	15954522	15970624	+
SAP130	2	128698790	128785633	-
SAP18	13	21714652	21723236	+
SAP25	7	100169851	100171523	-
SAP30	4	174292104	174298683	+
SAP30BP	17	73663195	73704142	+
SAP30L	5	153825556	153840613	+
SAP30L-AS1	5	153769328	153825382	-
SAPCD1	6	31730772	31732624	+
SAPCD1-AS1	6	31731912	31733365	-
SAPCD2	9	139956578	139965009	-
SAR1A	10	71907044	71930270	-
SAR1B	5	133936838	133968518	-
SARAF	8	29920518	29940724	-
SARDH	9	136528683	136605077	-
SARM1	17	26698714	26731067	+
SARNP	12	56146246	56211540	-
SARS1	1	109756514	109780804	+
SARS2	19	39405906	39421403	-
SART1	11	65729204	65747608	+
SART3	12	108915990	108954949	-
SASH1	6	148593463	148873186	+
SASH3	X	128913924	128929176	+
SASS6	1	100549125	100598486	-
SAT1	X	23801274	23804340	+
SAT2	17	7529551	7531194	-
SATB1	3	18386870	18487084	-
SATB1-AS1	3	18486728	18571606	+
SATB2	2	200134222	200335989	-
SATB2-AS1	2	200332820	200337481	+
SATL1	X	84347289	84498785	-
SAV1	14	51100297	51135024	-
SAXO1	9	18927647	19049352	-
SAXO2	15	82555158	82577267	+
SAYSD1	6	39071838	39082962	-
SBDS	7	66452666	66460573	-
SBDSP1	7	72299951	72307978	+
SBF1	22	50883430	50913464	-
SBF1P1	8	56361756	56367881	-
SBF2	11	9800213	10315754	-
SBF2-AS1	11	9779839	9832866	+
SBK1	16	28303845	28335170	+
SBK2	19	56039977	56048500	-
SBK3	19	56052022	56056909	-
SBNO1	12	123773655	123849394	-
SBNO1-AS1	12	123849494	123850351	+
SBNO2	19	1107636	1174267	-
SBSN	19	36014268	36019213	-
SBSPON	8	73976777	74005407	-
SC5D	11	121163479	121184119	+
SCAANT1	3	63897193	63897448	-
SCAF1	19	50145465	50161899	+
SCAF11	12	46312913	46384357	-
SCAF4	21	33043312	33104431	-
SCAF8	6	155054511	155155378	+
SCAI	9	127704887	127905807	-
SCAMP1	5	77656440	77776562	+
SCAMP1-AS1	5	77654587	77656365	-
SCAMP2	15	75136070	75165706	-
SCAMP3	1	155225771	155232151	-
SCAMP4	19	1905397	1926012	+
SCAMP5	15	75287903	75313836	+
SCAND1	20	34541538	34547394	-
SCAND2P	15	85174690	85185694	+
SCAP	3	47455170	47517431	-
SCAPER	15	76640244	77197681	-
SCARA3	8	27491418	27534286	+
SCARA5	8	27727399	27850190	-
SCARB1	12	125261402	125348410	-
SCARB2	4	77079891	77134977	-
SCARF1	17	1537151	1549026	-
SCARF2	22	20778873	20792112	-
SCARNA1	1	28160911	28161077	+
SCARNA10	12	6619387	6619717	+
SCARNA11	12	6690638	6690775	-
SCARNA12	12	7076499	7076769	-
SCARNA13	14	95999691	95999966	-
SCARNA14	15	66639543	66639680	-
SCARNA15	15	83424696	83424823	+
SCARNA16	17	75085388	75085575	+
SCARNA17	18	47340392	47340813	+
SCARNA18	5	82360022	82360156	-
SCARNA18B	1	193026410	193026545	-
SCARNA2	1	109642814	109643234	+
SCARNA20	17	58308876	58309006	-
SCARNA21	17	7809440	7809578	+
SCARNA21B	1	15868660	15868799	+
SCARNA22	4	1976362	1976487	+
SCARNA23	X	24762557	24762687	+
SCARNA26A	1	155648898	155649046	-
SCARNA26B	1	155753474	155753623	-
SCARNA27	6	8086640	8086766	-
SCARNA28	7	98479319	98479513	+
SCARNA3	1	175937532	175937676	-
SCARNA4	1	155895748	155895877	-
SCARNA5	2	234184371	234184649	+
SCARNA6	2	234197321	234197587	+
SCARNA7	3	160232694	160233024	-
SCARNA8	9	19063653	19063784	-
SCARNA9	11	93454679	93455032	+
SCARNA9L	X	20154183	20154531	-
SCART1	10	135267431	135282687	+
SCAT1	17	76613465	76628139	-
SCAT2	12	54656398	54672846	+
SCAT8	6	64516728	64532535	+
SCCPDH	1	246887710	246931439	+
SCD	10	102106989	102124583	+
SCD5	4	83550691	83720010	-
SCEL	13	78109808	78219398	+
SCEL-AS1	13	78173890	78180686	-
SCFD1	14	31091459	31205056	+
SCFD2	4	53739150	54232228	-
SCG2	2	224461657	224467079	-
SCG3	15	51973549	52013223	+
SCG5	15	32933813	32989299	+
SCG5-AS1	15	32957902	32965266	-
SCGB1A1	11	62186504	62190667	+
SCGB1B2P	19	35067637	35167936	-
SCGB1C1	11	193077	194575	+
SCGB1C2	11	193077	194575	+
SCGB1D1	11	61957687	61961011	+
SCGB1D2	11	62009710	62012284	+
SCGB1D4	11	62063752	62066547	-
SCGB2A1	11	61976144	61981413	+
SCGB2A2	11	62037629	62040629	+
SCGB2B2	19	35081529	35085490	-
SCGB2B3P	19	35136777	35136957	+
SCGB3A1	5	180017104	180018499	-
SCGB3A2	5	147258273	147261754	+
SCGN	6	25652442	25702008	+
SCHIP1	3	158991035	159615155	+
SCHLAP1	2	181556830	181781666	+
SCIMP	17	5112215	5138155	-
SCIN	7	12610345	12699806	+
SCLT1	4	129805147	130014694	-
SCLY	2	238969641	239008054	+
SCMH1	1	41492870	41707978	-
SCML1	X	17755568	17773108	+
SCML2	X	18257432	18372808	-
SCML4	6	108023357	108145517	-
SCN10A	3	38738836	38835501	-
SCN11A	3	38887254	39093435	-
SCN1A	2	166841150	167005671	-
SCN1A-AS1	2	166938040	167158293	+
SCN1B	19	35521373	35531353	+
SCN2A	2	166095923	166248814	+
SCN2B	11	118033520	118047354	-
SCN3A	2	165944035	166060560	-
SCN3B	11	123499895	123525332	-
SCN4A	17	62015913	62050278	-
SCN4B	11	118004091	118023538	-
SCN5A	3	38589552	38691178	-
SCN7A	2	167260082	167350759	-
SCN8A	12	51985016	52206648	+
SCN9A	2	167051696	167232497	-
SCNM1	1	151138619	151142772	+
SCNN1A	12	6456008	6486523	-
SCNN1B	16	23313622	23392615	+
SCNN1D	1	1215815	1227409	+
SCNN1G	16	23194065	23228204	+
SCO1	17	10575790	10600850	-
SCO2	22	50961996	50964868	-
SCOC	4	141178461	141306882	+
SCOC-AS1	4	141204879	141294546	-
SCP2	1	53392900	53517370	+
SCP2D1	20	18794426	18795022	+
SCP2D1-AS1	20	18789994	18810847	-
SCPEP1	17	55055491	55084129	+
SCRG1	4	174305851	174440295	-
SCRIB	8	144873094	144897943	-
SCRN1	7	29959718	30029905	-
SCRN2	17	45915057	45918639	-
SCRN3	2	175260456	175294303	+
SCRT1	8	145554227	145560144	-
SCRT2	20	642239	656446	-
SCT	11	626308	627181	-
SCTR	2	120197418	120282059	-
SCTR-AS1	2	120234029	120244919	+
SCUBE1	22	43593285	43739378	-
SCUBE1-AS1	22	43671947	43679832	+
SCUBE1-AS2	22	43608679	43609667	+
SCUBE2	11	9041022	9113146	-
SCUBE3	6	35181732	35220856	+
SCX	8	145321355	145492469	+
SCYL1	11	65292553	65306175	+
SCYL2	12	100660917	100735502	+
SCYL3	1	169818771	169863100	-
SDAD1	4	76871058	76912115	-
SDAD1-AS1	4	76901942	76927094	+
SDAD1P1	8	26236775	26240469	-
SDC1	2	20400557	20425194	-
SDC2	8	97506040	97624018	+
SDC3	1	31342312	31381605	-
SDC4	20	43953928	43977064	-
SDC4P	22	30877276	30877743	-
SDCBP	8	59465482	59495419	+
SDCBP2	20	1290554	1309783	-
SDCBP2-AS1	20	1305986	1359379	+
SDCCAG8	1	243419306	243663394	+
SDE2	1	226170402	226187044	-
SDF2	17	26975363	26989207	-
SDF2L1	22	21996590	21998588	+
SDF4	1	1152310	1167381	-
SDHA	5	218337	257197	+
SDHAF1	19	36486089	36487214	+
SDHAF2	11	61197595	61214204	+
SDHAF3	7	96747009	96811075	+
SDHAF4	6	71276632	71299268	+
SDHAP1	3	195686791	195717150	-
SDHAP2	3	195384909	195415735	+
SDHAP3	5	1572072	1594646	-
SDHB	1	17345220	17380527	-
SDHC	1	161284170	161345130	+
SDHD	11	111957596	111966518	+
SDK1	7	3340883	4308631	+
SDK2	17	71330522	71640584	-
SDR16C5	8	57212206	57233335	-
SDR16C6P	8	57287276	57303269	-
SDR39U1	14	24908971	24912111	-
SDR42E1	16	82022461	82045075	-
SDR42E2	16	22173851	22201765	+
SDR9C7	12	57316916	57328192	-
SDS	12	113830249	113841692	-
SDSL	12	113860184	113876081	+
SEBOX	17	26691289	26692173	-
SEC11A	15	85212767	85259691	-
SEC11C	18	56807115	56826063	+
SEC13	3	10342612	10362872	-
SEC14L1	17	75084766	75213181	+
SEC14L1P1	11	43918852	43921424	+
SEC14L2	22	30792929	30821291	+
SEC14L3	22	30843648	30868004	-
SEC14L4	22	30884895	30901682	-
SEC14L5	16	5008330	5069158	+
SEC14L6	22	30918774	30942669	-
SEC16A	9	139334547	139378211	-
SEC16B	1	177897923	177953438	-
SEC1P	19	49141295	49185502	+
SEC22A	3	122920789	122992982	+
SEC22B	1	145096407	145122048	+
SEC22B2P	1	145092395	145122189	+
SEC22B3P	1	145092395	145122189	+
SEC22C	3	42589460	42642570	-
SEC23A	14	39501122	39572439	-
SEC23A-AS1	14	39572343	39573016	+
SEC23B	20	18488125	18542059	+
SEC23IP	10	121652241	121704168	+
SEC24A	5	133984474	134063599	+
SEC24B	4	110354870	110462039	+
SEC24B-AS1	4	110351118	110354973	-
SEC24C	10	75504129	75531919	+
SEC24D	4	119643977	119757281	-
SEC31A	4	83739661	83821724	-
SEC31B	10	102246403	102279618	-
SEC61A1	3	127771279	127790526	+
SEC61A2	10	12171639	12211957	+
SEC61B	9	101984563	101992897	+
SEC61G	7	54819939	54826939	-
SEC61G-DT	7	54827005	54872656	+
SEC62	3	169684594	169716161	+
SEC63	6	108188959	108279412	-
SECISBP2	9	91933414	91974578	+
SECISBP2L	15	49280835	49338643	-
SECTM1	17	80278899	80291642	-
SEH1L	18	12947982	12987536	+
SEL1L	14	81937890	82000205	-
SEL1L2	20	13829892	13975979	-
SEL1L3	4	25749054	25865188	-
SELE	1	169691780	169703220	-
SELENBP1	1	151336779	151345181	-
SELENOF	1	87328127	87380260	-
SELENOH	11	57508721	57511026	+
SELENOI	2	26569010	26618753	+
SELENOK	3	53918445	53925886	-
SELENOKP3	6	119103870	119104581	+
SELENOM	22	31500762	31503554	-
SELENON	1	26126683	26144712	+
SELENOO	22	50639439	50656045	+
SELENOP	5	42799981	42812178	-
SELENOS	15	101811013	101817690	-
SELENOT	3	150321107	150348223	+
SELENOV	19	40005752	40011326	+
SELENOW	19	48281959	48287939	+
SELL	1	169659807	169680761	-
SELP	1	169558087	169599362	-
SELPLG	12	109015679	109027670	-
SEM1	7	96110937	96339203	-
SEMA3A	7	83585092	83824105	-
SEMA3B	3	50304989	50314977	+
SEMA3B-AS1	3	50304072	50304803	-
SEMA3C	7	80371851	80551705	-
SEMA3D	7	84624871	84879559	-
SEMA3E	7	82992553	83278455	-
SEMA3F	3	50192490	50226508	+
SEMA3F-AS1	3	50153454	50193518	-
SEMA3G	3	52467050	52479119	-
SEMA4A	1	156119734	156147542	+
SEMA4B	15	90728151	90772911	+
SEMA4C	2	97525454	97535817	-
SEMA4D	9	91975701	92113028	-
SEMA4F	2	74881354	74910981	+
SEMA4G	10	102732285	102745373	+
SEMA5A	5	9035144	9546187	-
SEMA5A-AS1	5	9511444	9518198	+
SEMA5B	3	122627928	122747452	-
SEMA6A	5	115779250	115910519	-
SEMA6A-AS1	5	115783193	115807369	+
SEMA6A-AS2	5	115910113	115946896	+
SEMA6B	19	4542604	4559696	-
SEMA6C	1	151104162	151119107	-
SEMA6D	15	47476285	48066425	+
SEMA7A	15	74701624	74726299	-
SEMG1	20	43835673	43838409	+
SEMG2	20	43850013	43853099	+
SENCR	11	128561566	128565918	-
SENP1	12	48436679	48499862	-
SENP2	3	185304082	185351339	+
SENP3	17	7465235	7475287	+
SENP3-EIF4A1	17	7465308	7482324	+
SENP5	3	196594726	196661584	+
SENP6	6	76311224	76427997	+
SENP7	3	101043048	101232085	-
SENP8	15	72406598	72436033	+
SEPHS1	10	13359428	13390298	-
SEPHS2	16	30454951	30457195	-
SEPSECS	4	25121635	25162071	-
SEPSECS-AS1	4	25162293	25200127	+
SEPT5-GP1BB	22	19704742	19712297	+
SEPTIN1	16	30389455	30394136	-
SEPTIN10	2	110300375	110371543	-
SEPTIN11	4	77870904	77959768	+
SEPTIN12	16	4827606	4838346	-
SEPTIN14	7	55861234	55930445	-
SEPTIN2	2	242254601	242293441	+
SEPTIN3	22	42365446	42394225	+
SEPTIN4	17	56597610	56621689	-
SEPTIN4-AS1	17	56597197	56634286	+
SEPTIN5	22	19702025	19710842	+
SEPTIN6	X	118749687	118827131	-
SEPTIN7	7	35840595	35946720	+
SEPTIN7-DT	7	35794573	35840235	-
SEPTIN7P11	11	50238998	50257633	-
SEPTIN7P13	1	224180431	224221561	+
SEPTIN7P14	4	120375937	120420747	+
SEPTIN7P2	7	45763385	45808617	-
SEPTIN7P9	10	38671950	38691855	-
SEPTIN8	5	132086510	132113561	-
SEPTIN9	17	75277580	75496678	+
SEPTIN9-DT	17	75269865	75277979	-
SERAC1	6	158530550	158589294	-
SERBP1	1	67873492	67896085	-
SERF1A	5	69321077	70214357	+
SERF1B	5	69321077	70214357	+
SERF2	15	44069283	44088287	+
SERF2-C15ORF63	15	44084173	44094769	+
SERGEF	11	17809595	18034594	-
SERHL	22	42896584	42908566	+
SERHL2	22	42949961	42970388	+
SERINC1	6	122764496	122792952	-
SERINC2	1	31882623	31907527	+
SERINC3	20	43124861	43150757	-
SERINC4	15	44086371	44092295	-
SERINC5	5	79407047	79551867	-
SERP1	3	150259784	150264283	-
SERP2	13	44947785	44971850	+
SERPINA1	14	94843083	94856972	-
SERPINA10	14	94746796	94759605	-
SERPINA11	14	94908800	94919137	-
SERPINA12	14	94953615	94984181	-
SERPINA13P	14	95107061	95113331	+
SERPINA2	14	94829974	94833039	-
SERPINA3	14	95078727	95090390	+
SERPINA4	14	95027778	95036243	+
SERPINA5	14	95047762	95059455	+
SERPINA6	14	94770584	94789673	-
SERPINA7	X	105276425	105282718	-
SERPINA9	14	94929057	94942534	-
SERPINB1	6	2832565	2842097	-
SERPINB10	18	61575191	61603345	+
SERPINB11	18	61369540	61391127	+
SERPINB12	18	61209601	61236562	+
SERPINB13	18	61254533	61266433	+
SERPINB2	18	61554938	61571124	+
SERPINB3	18	61322430	61329127	-
SERPINB4	18	61304492	61311490	-
SERPINB5	18	61144190	61172318	+
SERPINB6	6	2948392	2972027	-
SERPINB7	18	61420280	61472610	+
SERPINB8	18	61637262	61687013	+
SERPINB9	6	2887503	2903543	-
SERPINB9P1	6	2854890	2876744	-
SERPINC1	1	173872656	173886465	-
SERPIND1	22	21128400	21142008	+
SERPINE1	7	100770384	100782528	+
SERPINE2	2	224839761	224904036	-
SERPINE3	13	51915167	51936239	+
SERPINF1	17	1665218	1680868	+
SERPINF2	17	1646164	1658559	+
SERPING1	11	57365157	57382321	+
SERPINH1	11	75273297	75283856	+
SERPINI1	3	167453508	167543357	+
SERPINI2	3	167159576	167191920	-
SERTAD1	19	40927496	40931899	-
SERTAD2	2	64858754	64881047	-
SERTAD3	19	40946747	40950242	-
SERTAD4	1	210406140	210419976	+
SERTAD4-AS1	1	210404800	210407230	-
SERTM1	13	37248156	37271975	+
SERTM2	X	110754872	110765627	+
SESN1	6	109305511	109416049	-
SESN2	1	28586028	28609002	+
SESN3	11	94898676	94965639	-
SESTD1	2	179966404	180129559	-
SET	9	131445702	131458675	+
SETBP1	18	42260037	42648475	+
SETD1A	16	30969074	30995983	+
SETD1B	12	122241914	122270562	+
SETD2	3	47057897	47205603	-
SETD3	14	99864084	99947196	-
SETD4	21	37406838	37432824	-
SETD5	3	9439298	9519838	+
SETD6	16	58549382	58557746	+
SETD7	4	140417088	140477923	-
SETD9	5	56205086	56224726	+
SETDB1	1	150898738	150937213	+
SETDB2	13	50018409	50069139	+
SETDB2-PHF11	13	50018409	50103112	+
SETMAR	3	4344987	4358949	+
SETSIP	1	92539992	92541029	-
SETX	9	135136742	135230373	-
SEZ6	17	27281946	27333458	-
SEZ6L	22	26565427	26779563	+
SEZ6L2	16	29882479	29910871	-
SF1	11	64532077	64546014	-
SF3A1	22	30727976	30752883	-
SF3A2	19	2236822	2248654	+
SF3A3	1	38422651	38455694	-
SF3B1	2	198254508	198299817	-
SF3B2	11	65819834	65836779	+
SF3B3	16	70557718	70611571	+
SF3B4	1	149895208	149899695	-
SF3B5	6	144416020	144416710	-
SF3B6	2	24290455	24299196	-
SFI1	22	31892124	32014574	+
SFMBT1	3	52937588	53080089	-
SFMBT2	10	7200585	7453448	-
SFN	1	27189639	27190947	+
SFPQ	1	35641978	35658746	-
SFR1	10	105879923	105886141	+
SFRP1	8	41119480	41166992	-
SFRP2	4	154701742	154710235	-
SFRP4	7	37945534	37956419	-
SFRP5	10	99526507	99531756	-
SFSWAP	12	132195634	132284283	+
SFT2D1	6	166733215	166756033	-
SFT2D2	1	168195241	168222259	+
SFT2D3	2	128459070	128462816	+
SFTA1P	10	10826401	10836877	-
SFTA2	6	30899129	30899947	-
SFTA3	14	36942493	36988761	-
SFTPA1	10	81370694	81375211	+
SFTPA2	10	81315607	81320163	-
SFTPB	2	85884429	85895864	-
SFTPC	8	22014895	22021991	+
SFTPD	10	81697495	81708861	-
SFXN1	5	174905562	174956744	+
SFXN2	10	104474274	104503249	+
SFXN3	10	102790990	102800998	+
SFXN4	10	120900278	120925226	-
SFXN5	2	73169164	73298841	-
SGCA	17	48243365	48253289	+
SGCB	4	52886871	52904465	-
SGCD	5	155754173	156194798	+
SGCE	7	94214291	94285445	-
SGCG	13	23734646	23899301	+
SGCZ	8	13942353	15095940	-
SGF29	16	28565240	28603111	+
SGIP1	1	66999043	67216822	+
SGK1	6	134490383	134639196	-
SGK2	20	42187666	42214273	+
SGK3	8	67625015	67774257	+
SGMS1	10	52065360	52383716	-
SGMS1-AS1	10	52384710	52391396	+
SGMS2	4	108745718	108836203	+
SGO1	3	20202084	20227725	-
SGO1-AS1	3	20215777	20227607	+
SGO2	2	201390864	201448819	+
SGPL1	10	72575703	72640932	+
SGPP1	14	64150934	64194783	-
SGPP2	2	223288706	223427340	+
SGSH	17	78183074	78194132	-
SGSM1	22	25202177	25323545	+
SGSM2	17	2240794	2284348	+
SGSM3	22	40766597	40806293	+
SGTA	19	2754712	2783271	-
SGTB	5	64961754	65017936	-
SH2B1	16	28857920	28885534	+
SH2B2	7	101928431	101962178	+
SH2B3	12	111843726	111889427	+
SH2D1A	X	123480131	123507013	+
SH2D1B	1	162365057	162381926	-
SH2D2A	1	156776034	156786640	-
SH2D3A	19	6752172	6767446	-
SH2D3C	9	130500595	130540945	-
SH2D4A	8	19171080	19253729	+
SH2D4B	10	82297657	82406316	+
SH2D5	1	21046223	21059196	-
SH2D6	2	85646053	85664152	+
SH2D7	15	78384926	78396393	+
SH3BGR	21	40817790	40887433	+
SH3BGRL	X	80457600	80554046	+
SH3BGRL2	6	80341045	80413372	+
SH3BGRL3	1	26606576	26608013	+
SH3BP1	22	38035675	38052124	+
SH3BP2	4	2794811	2842823	+
SH3BP4	2	235860660	235964358	+
SH3BP5	3	15295862	15382887	-
SH3BP5-AS1	3	15295690	15306005	+
SH3BP5L	1	249104644	249120114	-
SH3D19	4	152041432	152246757	-
SH3D21	1	36771968	36786948	+
SH3GL1	19	4360366	4400544	-
SH3GL1P1	17	30367354	30369851	+
SH3GL1P2	17	28951335	28953825	+
SH3GL2	9	17579063	17797122	+
SH3GL3	15	84115979	84287493	+
SH3GLB1	1	87170252	87213867	+
SH3GLB2	9	131769314	131790632	-
SH3KBP1	X	19552082	19905718	-
SH3PXD2A	10	105353783	105615164	-
SH3PXD2A-AS1	10	105506536	105515167	+
SH3PXD2B	5	171752186	171881529	-
SH3RF1	4	170015409	170192107	-
SH3RF2	5	145316140	145442855	+
SH3RF3	2	109745660	110262211	+
SH3RF3-AS1	2	109743783	109746575	-
SH3TC1	4	8201016	8242830	+
SH3TC2	5	148361712	148442625	-
SH3TC2-DT	5	148442879	148489350	+
SH3YL1	2	218135	264866	-
SHANK1	19	51162511	51223059	-
SHANK2	11	70313959	70963623	-
SHANK2-AS1	11	70477198	70481595	+
SHANK2-AS3	11	70708894	70711220	+
SHANK3	22	51111250	51171640	+
SHARPIN	8	145153539	145158676	-
SHB	9	37915894	38069224	-
SHBG	17	7517381	7536701	+
SHC1	1	154934773	154946852	-
SHC2	19	416582	460996	-
SHC3	9	91620685	91793733	-
SHC4	15	49115937	49256116	-
SHCBP1	16	46612504	46655291	-
SHCBP1L	1	182868999	182922301	-
SHD	19	4279065	4290719	+
SHE	1	154451958	154474888	-
SHF	15	45459411	45493314	-
SHFL	19	10196992	10203919	+
SHH	7	155592673	155605157	-
SHISA2	13	26618734	26626154	-
SHISA3	4	42399504	42404504	+
SHISA4	1	201857796	201861715	+
SHISA5	3	48509196	48542259	-
SHISA6	17	11144529	11467380	+
SHISA7	19	55940104	55954230	-
SHISA8	22	42305539	42311099	-
SHISA9	16	12995454	13334273	+
SHISAL1	22	44639544	44708831	-
SHISAL2A	1	53098839	53135339	+
SHISAL2B	5	63986329	64014017	+
SHKBP1	19	41082778	41097303	+
SHLD1	20	5731032	5845053	+
SHLD2	10	88854962	88951222	+
SHLD2P1	10	46897640	46939145	+
SHLD2P3	10	47379719	47421238	+
SHLD3	5	64920853	64926755	+
SHMT1	17	18231173	18266877	-
SHMT2	12	57623493	57628718	+
SHOC1	9	114448450	114557217	-
SHOC2	10	112679127	112773425	+
SHOX2	3	157813693	157824209	-
SHPK	17	3511533	3539544	-
SHPRH	6	146205944	146285494	-
SHQ1	3	72798427	72897596	-
SHROOM1	5	132157832	132166339	-
SHROOM2	X	9754468	9917483	+
SHROOM3	4	77356381	77704405	+
SHROOM4	X	50334644	50557044	-
SHTN1	10	118640987	118886097	-
SI	3	164696685	164796284	-
SIAE	11	124503008	124546199	-
SIAH1	16	48394446	48419324	-
SIAH2	3	150458911	150480956	-
SIAH3	13	46351376	46425888	-
SIDT1	3	113251217	113348422	+
SIDT2	11	117049458	117068158	+
SIGIRR	11	405715	417397	-
SIGLEC1	20	3667616	3693247	-
SIGLEC10	19	51913273	51920896	-
SIGLEC10-AS1	19	51918977	51921450	+
SIGLEC11	19	50452242	50464429	-
SIGLEC12	19	51994480	52005054	-
SIGLEC14	19	52145813	52150072	-
SIGLEC15	18	43405639	43424049	+
SIGLEC16	19	50472920	50479071	+
SIGLEC17P	19	51670584	51676780	+
SIGLEC5	19	52114216	52133654	-
SIGLEC6	19	52021072	52034924	-
SIGLEC7	19	51645557	51656783	+
SIGLEC8	19	51954250	51961708	-
SIGLEC9	19	51628136	51639520	+
SIGLECL1	19	51749586	51772584	+
SIGMAR1	9	34634718	34637823	-
SIK1	21	44834362	44847011	-
SIK1B	21	44834362	44847011	-
SIK2	11	111473172	111601579	+
SIK3	11	116714125	116969144	-
SIKE1	1	115312104	115323306	-
SIL1	5	138282412	138534057	-
SILC1	2	6072818	6120350	+
SIM1	6	100832884	100912797	-
SIM2	21	38071414	38122218	+
SIMC1	5	175665361	175772994	+
SIN3A	15	75661719	75748156	-
SIN3B	19	16940208	16991164	+
SINHCAF	12	31433519	31479121	-
SIPA1	11	65405571	65418391	+
SIPA1L1	14	71787192	72207926	+
SIPA1L2	1	232533711	232766242	-
SIPA1L3	19	38397847	38699008	+
SIRLNT	8	40190691	40200882	-
SIRPA	20	1874812	1921238	+
SIRPB1	20	1542030	1600740	-
SIRPB2	20	1455233	1472066	-
SIRPB3P	20	1674970	1702938	-
SIRPD	20	1514896	1538351	-
SIRPG	20	1609797	1638425	-
SIRPG-AS1	20	1614153	1629119	+
SIRT1	10	69644413	69678147	+
SIRT2	19	39369194	39390502	-
SIRT3	11	215029	236931	-
SIRT4	12	120729582	120751051	+
SIRT5	6	13574505	13615390	+
SIRT6	19	4174105	4182560	-
SIRT7	17	79869814	79876052	-
SIT1	9	35649291	35650928	-
SIVA1	14	105219483	105225991	+
SIX1	14	61110150	61116195	-
SIX2	2	45232320	45236591	-
SIX3	2	45168840	45173210	+
SIX3-AS1	2	45167292	45169017	-
SIX4	14	61176256	61191069	-
SIX5	19	46268042	46272510	-
SIX6	14	60975863	60979567	+
SKA1	18	47901415	47920538	+
SKA2	17	57187217	57232547	-
SKA3	13	21727733	21750691	-
SKAP1	17	46210803	46507576	-
SKAP2	7	26706680	26904209	-
SKI	1	2159757	2241652	+
SKIDA1	10	21802403	21814611	-
SKIL	3	170075502	170114637	+
SKINT1L	1	48567386	48648100	-
SKIV2L	6	31926951	31937527	+
SKOR1	15	68117846	68126920	+
SKOR2	18	44732539	44778031	-
SKP1	5	133484625	133512724	-
SKP1P2	12	17141680	17143562	+
SKP2	5	36152144	36184421	+
SLA	8	134048972	134114846	-
SLA2	20	35240721	35274599	-
SLAIN1	13	78271821	78338377	+
SLAIN2	4	48343545	48428215	+
SLAMF1	1	160577889	160617101	-
SLAMF6	1	160454825	160493045	-
SLAMF7	1	160708846	160724608	+
SLAMF8	1	159796662	159807282	+
SLAMF9	1	159921281	159924027	-
SLBP	4	1694457	1714046	-
SLC10A1	14	70242132	70263958	-
SLC10A2	13	103696347	103718767	-
SLC10A3	X	153715649	153718968	-
SLC10A4	4	48485359	48491543	+
SLC10A5	8	82605865	82607293	-
SLC10A6	4	87744620	87770537	-
SLC10A7	4	147175132	147443123	-
SLC11A1	2	219246995	219261617	+
SLC11A2	12	51373189	51422669	-
SLC12A1	15	48498498	48596275	+
SLC12A2	5	127419457	127525369	+
SLC12A3	16	56899118	56949762	+
SLC12A4	16	67977376	68002597	-
SLC12A5	20	44650324	44688789	+
SLC12A5-AS1	20	44642140	44650712	-
SLC12A6	15	34521984	34630258	-
SLC12A7	5	1050498	1112178	-
SLC12A8	3	124801487	124931592	-
SLC12A9	7	100424490	100464634	+
SLC12A9-AS1	7	100434935	100450236	-
SLC13A1	7	122753584	122840025	-
SLC13A2	17	26800661	26824798	+
SLC13A3	20	45186466	45313124	-
SLC13A4	7	135365979	135412934	-
SLC13A5	17	6588038	6616688	-
SLC14A1	18	43304145	43332485	+
SLC14A2	18	42747927	43263653	+
SLC14A2-AS1	18	43018148	43087001	-
SLC15A1	13	99336054	99404926	-
SLC15A2	3	121613247	121663035	+
SLC15A3	11	60704555	60719648	-
SLC15A4	12	129277738	129308503	-
SLC15A5	12	16341418	16430619	-
SLC16A1	1	113454469	113498818	-
SLC16A1-AS1	1	113499036	113506690	+
SLC16A10	6	111408705	111552397	+
SLC16A11	17	6944940	6947411	-
SLC16A12	10	91190055	91295351	-
SLC16A12-AS1	10	91215747	91227908	+
SLC16A13	17	6939333	6943436	+
SLC16A14	2	230899697	230933640	-
SLC16A2	X	73641327	73753751	+
SLC16A3	17	80186281	80197962	+
SLC16A4	1	110905472	110933704	-
SLC16A5	17	73083859	73102255	+
SLC16A6	17	66263166	66287268	-
SLC16A7	12	59989809	60183621	+
SLC16A8	22	38474143	38480191	-
SLC16A9	10	61410521	61469837	-
SLC17A1	6	25783142	25832280	-
SLC17A2	6	25912983	25930919	-
SLC17A3	6	25845083	25874471	-
SLC17A4	6	25754926	25781426	+
SLC17A5	6	74303101	74363715	-
SLC17A6	11	22359926	22401046	+
SLC17A7	19	49932657	49944784	-
SLC17A8	12	100750851	100815833	+
SLC17A9	20	61584060	61600937	+
SLC18A1	8	20002365	20040717	-
SLC18A2	10	119000624	119038941	+
SLC18A3	10	50818355	50820766	+
SLC18B1	6	133090508	133119776	-
SLC19A1	21	46932478	46982939	-
SLC19A2	1	169433148	169455208	-
SLC19A3	2	228548478	228582744	-
SLC1A1	9	4490467	4587469	+
SLC1A2	11	35272751	35441605	-
SLC1A3	5	36606456	36688436	+
SLC1A4	2	65215612	65250999	+
SLC1A5	19	47278139	47291851	-
SLC1A6	19	15060844	15121455	-
SLC1A7	1	53552854	53608310	-
SLC20A1	2	113403515	113421400	+
SLC20A2	8	42273979	42397097	-
SLC22A1	6	160542846	160579750	+
SLC22A10	11	63057374	63079254	+
SLC22A11	11	64323412	64340347	+
SLC22A12	11	64358281	64369825	+
SLC22A13	3	38307302	38320248	+
SLC22A14	3	38323784	38360066	+
SLC22A15	1	116519133	116612675	+
SLC22A16	6	110745891	110797816	-
SLC22A17	14	23815519	23822121	-
SLC22A18	11	2920920	2946476	+
SLC22A18AS	11	2908574	2924805	-
SLC22A2	6	160637786	160679853	-
SLC22A20P	11	64981310	65010228	+
SLC22A23	6	3269207	3457284	-
SLC22A24	11	62847411	62911693	-
SLC22A25	11	62930641	62997124	-
SLC22A3	6	160769409	160873605	+
SLC22A31	16	89262168	89268086	-
SLC22A4	5	131630086	131679882	+
SLC22A5	5	131705400	131731306	+
SLC22A6	11	62744068	62752439	-
SLC22A7	6	43265997	43273276	+
SLC22A8	11	62760295	62783317	-
SLC22A9	11	63137256	63177765	+
SLC23A1	5	138702884	138719039	-
SLC23A2	20	4833003	4990959	-
SLC23A3	2	220026186	220034751	-
SLC24A1	15	65903687	65953340	+
SLC24A2	9	19507452	19789035	-
SLC24A3	20	19193285	19703570	+
SLC24A3-AS1	20	19222945	19265240	-
SLC24A4	14	92788924	92967825	+
SLC24A5	15	48413186	48434868	+
SLC25A1	22	19163087	19166376	-
SLC25A10	17	79679265	79688046	+
SLC25A11	17	4840425	4843462	-
SLC25A12	2	172639914	172750816	-
SLC25A13	7	95749531	95951459	-
SLC25A14	X	129473861	129507335	+
SLC25A15	13	41363746	41386596	+
SLC25A16	10	70237754	70287280	-
SLC25A17	22	41165633	41215403	-
SLC25A18	22	18043138	18073761	+
SLC25A19	17	73269060	73285530	-
SLC25A2	5	140682201	140683616	-
SLC25A20	3	48894358	48936315	-
SLC25A21	14	37147125	37641811	-
SLC25A21-AS1	14	37641230	37642998	+
SLC25A22	11	790474	798281	-
SLC25A23	19	6440074	6459803	-
SLC25A24	1	108676664	108742965	-
SLC25A25	9	130830478	130871537	+
SLC25A25-AS1	9	130873449	130881013	-
SLC25A26	3	66119284	66429351	+
SLC25A27	6	46620651	46645927	+
SLC25A28	10	101370279	101380196	-
SLC25A29	14	100757452	100772781	-
SLC25A3	12	98987402	99000144	+
SLC25A30	13	45967453	45992590	-
SLC25A30-AS1	13	45992296	45994506	+
SLC25A31	4	128651554	128695447	+
SLC25A32	8	104410865	104427563	-
SLC25A33	1	9599523	9645231	+
SLC25A34	1	16062752	16067887	+
SLC25A34-AS1	1	16066545	16076385	-
SLC25A35	17	8191080	8198718	-
SLC25A36	3	140660677	140699837	+
SLC25A37	8	23386468	23432976	+
SLC25A38	3	39424860	39438842	+
SLC25A39	17	42396992	42402238	-
SLC25A3P1	1	53904042	53905693	-
SLC25A4	4	186064419	186071536	+
SLC25A40	7	87462882	87505675	-
SLC25A41	19	6426047	6433774	-
SLC25A42	19	19174802	19223839	+
SLC25A43	X	118533298	118588437	+
SLC25A44	1	156163894	156182587	+
SLC25A45	11	65142662	65151172	-
SLC25A46	5	110073845	110100856	+
SLC25A47	14	100789675	100796758	+
SLC25A48	5	134914854	135224326	+
SLC25A48-AS1	5	134984371	134989624	-
SLC25A5	X	118602406	118605359	+
SLC25A5-AS1	X	118599995	118603083	-
SLC25A51	9	37877571	37904350	-
SLC25A51P1	6	66497771	66499376	+
SLC25A51P4	11	18230684	18235111	+
SLC25A52	18	29339548	29340843	-
SLC25A53	X	103343897	103401690	-
SLC26A1	4	972860	987192	-
SLC26A10	12	58013309	58019934	+
SLC26A11	17	78194225	78227299	+
SLC26A2	5	149340320	149366963	+
SLC26A3	7	107405913	107443668	-
SLC26A4	7	107301272	107358252	+
SLC26A4-AS1	7	107296960	107302243	-
SLC26A5	7	102993176	103086654	-
SLC26A6	3	48663155	48672894	-
SLC26A7	8	92221723	92410382	+
SLC26A8	6	35911290	35992418	-
SLC26A9	1	205882176	205912588	-
SLC27A1	19	17581332	17616977	+
SLC27A2	15	50474392	50528589	+
SLC27A3	1	153747882	153752636	+
SLC27A4	9	131102805	131123749	+
SLC27A5	19	59009699	59023432	-
SLC27A6	5	128300819	128369335	+
SLC28A1	15	85427891	85518878	+
SLC28A2	15	45544431	45570044	+
SLC28A3	9	86890371	86983642	-
SLC29A1	6	44187351	44201879	+
SLC29A2	11	66129991	66139947	-
SLC29A3	10	73079009	73123147	+
SLC29A4	7	5322573	5346491	+
SLC2A1	1	43391025	43424539	-
SLC2A1-AS1	1	43424719	43449029	+
SLC2A10	20	45338287	45364985	+
SLC2A11	22	24198889	24228499	+
SLC2A12	6	134308718	134373762	-
SLC2A13	12	40148826	40499883	-
SLC2A14	12	7965109	8043792	-
SLC2A2	3	170714135	170744509	-
SLC2A3	12	8071825	8088783	-
SLC2A4	17	7185036	7191576	+
SLC2A4RG	20	62371128	62375403	+
SLC2A5	1	9095164	9132318	-
SLC2A6	9	136336215	136344221	-
SLC2A7	1	9063358	9086404	-
SLC2A8	9	130159416	130170170	+
SLC2A9	4	9827847	10041872	-
SLC30A1	1	211744909	211752503	-
SLC30A10	1	220083786	220132440	-
SLC30A2	1	26363742	26372609	-
SLC30A3	2	27476551	27498685	-
SLC30A4	15	45771803	45814953	-
SLC30A5	5	68389840	68426894	+
SLC30A6	2	32390909	32449448	+
SLC30A7	1	101361645	101447313	+
SLC30A8	8	117962455	118188953	+
SLC30A9	4	41992546	42092478	+
SLC31A1	9	115983823	116026772	+
SLC31A2	9	115913286	115926420	+
SLC32A1	20	37353128	37358015	+
SLC33A1	3	155538813	155572248	-
SLC34A1	5	176811434	176825849	+
SLC34A2	4	25657472	25680368	+
SLC34A3	9	140125208	140131007	+
SLC35A1	6	88182642	88222057	+
SLC35A2	X	48760459	48769235	-
SLC35A3	1	100435551	100501190	+
SLC35A4	5	139944149	139948689	+
SLC35A5	3	112280166	112304426	+
SLC35B1	17	47778304	47785326	-
SLC35B2	6	44221837	44225627	-
SLC35B3	6	8411667	8435800	-
SLC35B4	7	133974083	134001682	-
SLC35C1	11	45825622	45834567	+
SLC35C2	20	44974622	44993097	-
SLC35D1	1	67465032	67519831	-
SLC35D2	9	99075718	99145993	-
SLC35D3	6	137243438	137246798	+
SLC35E1	19	16660647	16683226	-
SLC35E2A	1	1656276	1677438	-
SLC35E2B	1	1592938	1624234	-
SLC35E3	12	69139955	69175248	+
SLC35E4	22	31031767	31065006	+
SLC35F1	6	118228426	118638834	+
SLC35F2	11	107661716	107729513	-
SLC35F3	1	234040421	234460264	+
SLC35F4	14	58030637	58332810	-
SLC35F5	2	114464285	114514219	-
SLC35F6	2	26987151	27004099	+
SLC35G1	10	95653734	95669586	+
SLC35G2	3	136537860	136574735	+
SLC35G3	17	33519538	33521412	-
SLC35G4	18	11609556	11610611	+
SLC35G5	8	11188520	11189869	+
SLC35G6	17	7384720	7386383	+
SLC36A1	5	150816606	150871940	+
SLC36A2	5	150694533	150727120	-
SLC36A3	5	150655921	150683327	-
SLC36A4	11	92877339	92931157	-
SLC37A1	21	43919731	44001532	+
SLC37A2	11	124933200	124960412	+
SLC37A3	7	140033551	140098350	-
SLC37A4	11	118894821	118901616	-
SLC38A1	12	46576845	46662826	-
SLC38A10	17	79218610	79269107	-
SLC38A11	2	165754708	165812035	-
SLC38A2	12	46751970	46766556	-
SLC38A3	3	50242703	50258917	+
SLC38A4	12	47158543	47219780	-
SLC38A5	X	48316926	48328648	-
SLC38A6	14	61447831	61550451	+
SLC38A7	16	58699012	58718674	-
SLC38A8	16	84043271	84076400	-
SLC38A9	5	54921672	55008163	-
SLC39A1	1	153931574	153940660	-
SLC39A10	2	196521681	196602423	+
SLC39A11	17	70642087	71088827	-
SLC39A12	10	18240767	18332221	+
SLC39A12-AS1	10	18290714	18299491	-
SLC39A13	11	47428826	47438052	+
SLC39A14	8	22224790	22291640	+
SLC39A2	14	21467451	21470030	+
SLC39A3	19	2732522	2740074	-
SLC39A4	8	145637797	145642228	-
SLC39A5	12	56623834	56631629	+
SLC39A6	18	33688493	33709357	-
SLC39A7	6	33168643	33172214	+
SLC39A8	4	103172197	103266639	-
SLC39A9	14	69865100	69929107	+
SLC3A1	2	44502618	44548631	+
SLC3A2	11	62623580	62656332	+
SLC40A1	2	190425315	190445512	-
SLC41A1	1	205758222	205782326	-
SLC41A2	12	105196330	105352522	-
SLC41A3	3	125725199	125820363	-
SLC43A1	11	57252006	57283175	-
SLC43A2	17	1472547	1532128	-
SLC43A3	11	57174426	57195053	-
SLC44A1	9	108006885	108200796	+
SLC44A2	19	10713130	10755233	+
SLC44A3	1	95285912	95360803	+
SLC44A3-AS1	1	95081910	95285788	-
SLC44A4	6	31830969	31846823	-
SLC44A5	1	75667813	76081848	-
SLC45A1	1	8378173	8404225	+
SLC45A2	5	33944727	33984798	-
SLC45A3	1	205626978	205649637	-
SLC45A4	8	142217264	142318387	-
SLC46A1	17	26721660	26733230	-
SLC46A2	9	115641199	115653156	-
SLC46A3	13	29274217	29293150	-
SLC47A1	17	19437166	19482347	+
SLC47A2	17	19581604	19622292	-
SLC48A1	12	48167020	48176534	+
SLC49A3	4	675617	682940	-
SLC49A4	3	122513915	122599986	+
SLC4A1	17	42325757	42345503	-
SLC4A10	2	162480844	162841786	+
SLC4A11	20	3208062	3219836	-
SLC4A1AP	2	27886337	27917847	+
SLC4A2	7	150755286	150773614	+
SLC4A3	2	220492291	220506702	+
SLC4A4	4	72052481	72437800	+
SLC4A5	2	74443368	74570543	-
SLC4A7	3	27414213	27525875	-
SLC4A8	12	51785100	51909547	+
SLC4A9	5	139739778	139754725	+
SLC50A1	1	155107850	155111334	+
SLC51A	3	195943404	195960298	+
SLC51B	15	65337724	65345735	+
SLC52A1	17	4935896	4938727	-
SLC52A2	8	145582211	145584932	+
SLC52A3	20	740723	756628	-
SLC5A1	22	32439247	32509011	+
SLC5A10	17	18853988	18925908	+
SLC5A11	16	24857183	24922949	+
SLC5A12	11	26688567	26743607	-
SLC5A2	16	31494443	31502090	+
SLC5A3	21	35445877	35478559	+
SLC5A4	22	32614450	32651334	-
SLC5A4-AS1	22	32601101	32669602	+
SLC5A5	19	17982753	18005983	+
SLC5A6	2	27422454	27435175	-
SLC5A7	2	108602979	108630449	+
SLC5A8	12	101549274	101604016	-
SLC5A9	1	48688387	48714310	+
SLC66A1	1	19638819	19658922	+
SLC66A1L	3	157261100	157318883	+
SLC66A2	18	77662419	77711653	-
SLC66A3	2	11295497	11318998	+
SLC6A1	3	11034419	11080935	+
SLC6A1-AS1	3	11047783	11060910	-
SLC6A10P	16	32888796	32896463	-
SLC6A11	3	10857912	10982400	+
SLC6A12	12	299246	323323	-
SLC6A12-AS1	12	312810	314259	+
SLC6A13	12	329786	372039	-
SLC6A14	X	115567773	115592625	+
SLC6A15	12	85253269	85306608	-
SLC6A16	19	49792894	49828448	-
SLC6A17	1	110693115	110744823	+
SLC6A18	5	1225495	1246304	+
SLC6A19	5	1201709	1225226	+
SLC6A2	16	55689975	55740104	+
SLC6A20	3	45796940	45838028	-
SLC6A3	5	1392910	1445555	-
SLC6A4	17	28521336	28562715	-
SLC6A5	11	20621153	20680831	+
SLC6A6	3	14444075	14530857	+
SLC6A7	5	149569624	149590626	+
SLC6A8	X	152953380	152962048	+
SLC6A9	1	44462154	44497134	-
SLC7A1	13	30083550	30169825	-
SLC7A10	19	33699569	33716756	-
SLC7A11	4	139085250	139163503	-
SLC7A11-AS1	4	139010167	139099331	+
SLC7A13	8	87226292	87242610	-
SLC7A14	3	170177336	170303864	-
SLC7A14-AS1	3	170185072	170472994	+
SLC7A2	8	17354596	17428075	+
SLC7A3	X	70145429	70150946	-
SLC7A4	22	21383006	21386850	-
SLC7A5	16	87863628	87903113	-
SLC7A5P2	16	21529229	21531765	-
SLC7A6	16	68298428	68335722	+
SLC7A6OS	16	68331936	68344849	-
SLC7A7	14	23242430	23289000	-
SLC7A8	14	23594503	23652869	-
SLC7A9	19	33321417	33360673	-
SLC8A1	2	40321663	40739575	-
SLC8A1-AS1	2	40144773	40482349	+
SLC8A2	19	47931273	47975150	-
SLC8A3	14	70510931	70655787	-
SLC8B1	12	113736570	113772973	-
SLC9A1	1	27425299	27481616	-
SLC9A2	2	103236011	103327814	+
SLC9A3	5	470570	524564	-
SLC9A3-AS1	5	473350	481006	+
SLC9A3R1	17	72744766	72765491	+
SLC9A3R2	16	2076902	2089027	+
SLC9A4	2	103089684	103150431	+
SLC9A5	16	67282881	67306094	+
SLC9A6	X	135067585	135129428	+
SLC9A7	X	46458685	46618553	-
SLC9A7P1	12	98847618	98850923	-
SLC9A8	20	48429249	48508779	+
SLC9A9	3	142984063	143567310	-
SLC9A9-AS1	3	143061087	143065913	+
SLC9B1	4	103806206	103940862	-
SLC9B2	4	103939185	103998476	-
SLC9C1	3	111859744	112013063	-
SLC9C2	1	173469598	173572211	-
SLCO1A2	12	21417533	21548371	-
SLCO1B1	12	21284127	21392730	+
SLCO1B3	12	20963638	21069843	+
SLCO1B3-SLCO1B7	12	20968607	21244156	+
SLCO1B7	12	21168629	21243040	+
SLCO1C1	12	20848265	20906321	+
SLCO2A1	3	133651544	133748769	-
SLCO2B1	11	74862151	74917594	+
SLCO3A1	15	92396937	92715665	+
SLCO4A1	20	61273854	61303645	+
SLCO4A1-AS1	20	61294378	61297973	-
SLCO4C1	5	101569691	101631988	-
SLCO5A1	8	70579281	70747213	-
SLCO6A1	5	101707477	101834705	-
SLED1	4	185719452	185720200	-
SLF1	5	93954373	94033326	+
SLF2	10	102672719	102724891	+
SLFN11	17	33677326	33700640	-
SLFN12	17	33737940	33760193	-
SLFN12L	17	33801941	33864880	-
SLFN13	17	33762114	33775785	-
SLFN14	17	33871003	33887838	-
SLFN5	17	33570090	33600673	+
SLFNL1	1	41481268	41487427	-
SLFNL1-AS1	1	41480261	41509562	+
SLIRP	14	78174413	78183941	+
SLIT1	10	98757794	98945716	-
SLIT1-AS1	10	98862512	98863504	+
SLIT2	4	20253527	20622184	+
SLIT2-IT1	4	20393811	20396479	+
SLIT3	5	168088744	168728143	-
SLIT3-AS1	5	168440231	168465003	+
SLIT3-AS2	5	168133931	168147889	+
SLITRK1	13	84451339	84456609	-
SLITRK2	X	144899346	144911370	+
SLITRK3	3	164904507	164914897	-
SLITRK4	X	142710594	142723920	-
SLITRK5	13	88323625	88331870	+
SLITRK6	13	86366925	86373554	-
SLK	10	105726897	105788991	+
SLMAP	3	57742035	57915741	+
SLMO2-ATP5E	20	57603732	57617901	-
SLN	11	107578105	107582782	-
SLPI	20	43880879	43883205	-
SLTM	15	59171248	59225878	-
SLU7	5	159828647	159846088	-
SLURP1	8	143822366	143823824	-
SLURP2	8	143845755	143851246	-
SLX1A	16	29465821	30208887	+
SLX1A-SULT1A3	16	29466411	30215650	+
SLX1B	16	29465821	30208887	+
SLX1B-SULT1A4	16	29466411	30215650	+
SLX4	16	3631183	3661607	-
SLX4IP	20	10415952	10608674	+
SMAD1	4	146402457	146480325	+
SMAD1-AS1	4	146435729	146438346	-
SMAD1-AS2	4	146418200	146424132	-
SMAD2	18	45335327	45457517	-
SMAD3	15	67357939	67487533	+
SMAD4	18	48556582	48611411	+
SMAD5	5	135468533	135518422	+
SMAD5-AS1	5	135465201	135470579	-
SMAD6	15	66994573	67075187	+
SMAD7	18	46446222	46477081	-
SMAD9	13	37418967	37494375	-
SMAGP	12	51638341	51664199	-
SMAP1	6	71377585	71571716	+
SMAP2	1	40839398	40888998	+
SMARCA1	X	128580482	128657467	-
SMARCA2	9	2015346	2193623	+
SMARCA4	19	11071705	11172947	+
SMARCA5	4	144434854	144478639	+
SMARCA5-AS1	4	144434624	144435990	-
SMARCAD1	4	95128758	95212443	+
SMARCAL1	2	217277206	217347774	+
SMARCB1	22	24129152	24180196	+
SMARCC1	3	47626759	47823383	-
SMARCC2	12	56556142	56583267	-
SMARCD1	12	50479124	50494490	+
SMARCD2	17	61909440	61920045	-
SMARCD3	7	150935869	150974235	-
SMARCE1	17	38781213	38804070	-
SMC1A	X	53401069	53449677	-
SMC1B	22	45739944	45809480	-
SMC2	9	106856540	106903700	+
SMC2-AS1	9	106842304	106854755	-
SMC3	10	112327452	112365804	+
SMC4	3	160117437	160152741	+
SMC5	9	72873893	72969789	+
SMC5-AS1	9	72830974	72873790	-
SMC6	2	17845078	17935096	-
SMCHD1	18	2655724	2805015	+
SMCO1	3	196233749	196242217	-
SMCO2	12	27619742	27655118	+
SMCO3	12	14957583	14967116	-
SMCO4	11	93211638	93276557	-
SMCP	1	152850797	152857523	+
SMCR2	17	17577340	17581002	-
SMCR5	17	17679999	17682843	-
SMCR8	17	18218606	18231370	+
SMDT1	22	42475694	42480288	+
SMG1	16	18816181	18937730	-
SMG1P1	16	22448328	22503541	+
SMG1P2	16	29556331	29625038	-
SMG1P3	16	21458003	21513602	-
SMG1P5	16	30296338	30346695	-
SMG1P6	16	29436731	29458347	-
SMG1P7	16	70253483	70259936	-
SMG5	1	156219014	156261289	-
SMG6	17	1963132	2207079	-
SMG7	1	183441633	183523326	+
SMG7-AS1	1	183430009	183441117	-
SMG8	17	57287370	57292611	+
SMG9	19	44232134	44259114	-
SMILR	8	123426565	123580883	-
SMIM1	1	3689312	3692520	+
SMIM10	X	134125020	134126503	+
SMIM10L1	12	11323792	11328615	+
SMIM10L2A	X	134555868	134562000	+
SMIM10L2B	X	134229014	134232742	-
SMIM10L2B-AS1	X	134254548	134257529	+
SMIM11A	21	35747805	35761444	+
SMIM11B	21	35747778	35761452	+
SMIM12	1	35315962	35325350	-
SMIM13	6	11094066	11138966	+
SMIM14	4	39547955	39640485	-
SMIM15	5	60453530	60458295	-
SMIM15-AS1	5	60458142	60527907	+
SMIM17	19	57154526	57168615	+
SMIM18	8	30496096	30503581	+
SMIM19	8	42396290	42410338	+
SMIM2	13	44717285	44735393	-
SMIM2-AS1	13	44684684	44728211	+
SMIM2-IT1	13	44720605	44732358	-
SMIM20	4	25915813	25931501	+
SMIM21	18	73121430	73139658	-
SMIM22	16	4838397	4846492	+
SMIM23	5	171212820	171218140	+
SMIM24	19	3473983	3480523	-
SMIM26	20	18548063	18550255	+
SMIM27	9	32551141	32566858	+
SMIM28	6	138699041	138704622	+
SMIM29	6	34214156	34216885	-
SMIM3	5	150157507	150176298	+
SMIM30	7	112756772	112758637	-
SMIM31	4	165675282	165724947	+
SMIM32	5	135527155	135528850	-
SMIM33	5	138850588	138853285	+
SMIM34A	21	35791012	35796249	-
SMIM35	11	117884462	117957678	-
SMIM38	11	68923402	68929908	+
SMIM4	3	52570620	52575906	+
SMIM40	6	33291404	33297056	-
SMIM41	12	52473487	52502039	+
SMIM43	4	122680084	122686555	-
SMIM5	17	73629513	73637486	+
SMIM6	17	73642330	73644054	+
SMIM7	19	16756958	16770955	-
SMIM8	6	88032305	88052046	+
SMIM9	X	154051622	154062937	-
SMKR1	7	129142371	129152759	+
SMLR1	6	131148545	131158275	+
SMN1	5	69345349	70248842	+
SMN2	5	69345349	70248842	+
SMNDC1	10	112050488	112064678	-
SMO	7	128828473	128853385	+
SMOC1	14	70346132	70499083	+
SMOC2	6	168841863	169068672	+
SMOX	20	4129425	4168394	+
SMPD1	11	6411703	6416226	+
SMPD2	6	109761926	109765122	+
SMPD3	16	68392229	68482411	-
SMPD4	2	130908964	130939330	-
SMPD4BP	2	132250385	132279149	+
SMPD5	8	145104298	145104960	+
SMPDL3A	6	123110193	123130864	+
SMPDL3B	1	28261465	28285663	+
SMPX	X	21724097	21776234	-
SMR3A	4	71226476	71232875	+
SMR3B	4	71248847	71255961	+
SMS	X	21958690	22012955	+
SMTN	22	31460103	31500610	+
SMTNL1	11	57305067	57317745	+
SMTNL2	17	4487301	4511614	+
SMU1	9	33041765	33076672	-
SMUG1	12	54574141	54582778	-
SMURF1	7	98625062	98741731	-
SMURF2	17	62538399	62658425	-
SMURF2P1-LRRC37BP1	17	28903482	28964484	+
SMYD1	2	88367343	88412902	+
SMYD2	1	214454501	214510474	+
SMYD3	1	245912641	246670581	-
SMYD4	17	1682778	1733196	-
SMYD5	2	73441372	73454349	+
SNAI1	20	48599516	48605420	+
SNAI2	8	49830156	49833988	-
SNAI3	16	88744095	88752915	-
SNAI3-AS1	16	88729780	88753594	+
SNAP23	15	42787503	42825259	+
SNAP25	20	10199477	10288066	+
SNAP25-AS1	20	10004459	10200154	-
SNAP29	22	21213294	21245501	+
SNAP47	1	227915868	227968932	+
SNAP91	6	84262604	84419127	-
SNAPC1	14	62229137	62263146	+
SNAPC2	19	7985222	7988135	+
SNAPC3	9	15422781	15466731	+
SNAPC4	9	139270020	139292889	-
SNAPC5	15	66782085	66790153	-
SNAPIN	1	153631129	153634328	+
SNAR-A1	19	48421685	48437559	+
SNAR-A10	19	48427035	50631779	+
SNAR-A11	19	48427035	50631779	+
SNAR-A12	19	48410934	48448300	+
SNAR-A13	19	48410934	48448300	+
SNAR-A14	19	48427035	50631779	+
SNAR-A2	19	48421685	48437559	+
SNAR-A3	19	48427035	50631779	+
SNAR-A4	19	48427035	50631779	+
SNAR-A5	19	48427035	50631779	+
SNAR-A6	19	48427035	50631779	+
SNAR-A7	19	48427035	50631779	+
SNAR-A8	19	48427035	50631779	+
SNAR-A9	19	48427035	50631779	+
SNAR-B1	19	50637001	50642494	-
SNAR-B2	19	50637001	50642494	-
SNAR-C1	19	48416307	48459058	+
SNAR-C2	19	48416307	48459058	+
SNAR-C3	19	48453552	48453671	+
SNAR-C4	19	48442797	48442917	+
SNAR-C5	19	48416307	48459058	+
SNAR-D	19	50643458	50643577	-
SNAR-E	19	47333841	47333961	-
SNAR-F	19	51108219	51108342	+
SNAR-G1	19	49540276	49540404	+
SNAR-G2	19	49534925	49535044	-
SNAR-H	2	78182032	78182152	-
SNAR-I	3	190595718	190595839	+
SNCA	4	90645249	90759455	-
SNCA-AS1	4	90757551	90763142	+
SNCAIP	5	121647385	121799914	+
SNCB	5	176047082	176057562	-
SNCG	10	88715515	88723015	+
SND1	7	127292247	127732645	+
SND1-IT1	7	127637561	127640130	+
SNED1	2	241938034	242034983	+
SNF8	17	47006677	47022204	-
SNHG1	11	62619449	62623357	-
SNHG10	14	95999248	96001209	-
SNHG11	20	37075296	37079564	+
SNHG12	1	28905049	28909495	-
SNHG14	15	25068754	25664608	+
SNHG15	7	45022621	45026295	-
SNHG16	17	74553845	74561430	+
SNHG17	20	37049234	37064020	-
SNHG18	5	9546311	9550409	+
SNHG19	16	2204782	2205359	-
SNHG20	17	75084724	75091068	+
SNHG21	15	83419315	83425958	+
SNHG22	18	47340392	47377429	+
SNHG25	17	62223329	62223669	+
SNHG26	7	22893858	22901055	+
SNHG27	4	132685992	132712637	+
SNHG28	1	159804267	159824827	-
SNHG29	17	16342300	16373962	+
SNHG3	1	28832454	28837404	+
SNHG30	17	33895132	33901332	+
SNHG31	2	215674952	215828329	+
SNHG32	6	31802692	31807537	+
SNHG4	5	138609440	138618873	+
SNHG5	6	86386724	86388451	-
SNHG6	8	67833924	67837776	-
SNHG7	9	139619045	139622636	-
SNHG8	4	119199916	119200978	+
SNHG9	16	2014996	2015505	+
SNIP1	1	38000049	38019894	-
SNN	16	11762310	11773008	+
SNORA1	11	93465169	93465299	-
SNORA10	16	2012334	2012467	-
SNORA100	1	245017388	245017519	-
SNORA101A	4	101316283	101316404	-
SNORA101B	14	36232005	36232137	-
SNORA103	1	173835342	173835428	-
SNORA104	19	14733024	14733163	+
SNORA105C	12	56906648	56906764	+
SNORA107	13	85357788	85357913	+
SNORA108	18	56267851	56267982	+
SNORA109	X	55209914	55210040	-
SNORA10B	2	30410299	30410432	+
SNORA11	X	54840802	54840933	+
SNORA110	1	44718015	44718231	-
SNORA111	18	35046301	35046467	-
SNORA112	2	96880376	96880500	+
SNORA113	12	69909219	69909373	+
SNORA114	7	2128546	2128687	-
SNORA115	2	218698312	218698456	-
SNORA116	6	158744013	158744160	+
SNORA117	20	61514157	61514255	-
SNORA118	19	17203044	17203175	+
SNORA119	16	90019784	90019928	+
SNORA11B	14	91592769	91592896	+
SNORA11C	X	47248048	47248175	+
SNORA11D	X	51806442	51933844	-
SNORA11E	X	51806442	51933844	-
SNORA11F	10	74885837	74885965	-
SNORA11G	X	54953737	54953868	+
SNORA12	10	101996912	101997059	-
SNORA120	12	6149202	6149349	-
SNORA13	5	111497181	111497314	+
SNORA14A	7	75573100	75573234	+
SNORA14B	1	235291117	235291252	-
SNORA15	7	56128162	56128295	+
SNORA15B-1	7	64530915	65225173	+
SNORA15B-2	7	64530915	65225173	+
SNORA16A	1	28907431	28907565	-
SNORA16B	1	212526159	212526292	+
SNORA17A	9	139621198	139621331	-
SNORA17B	9	139620555	139620689	-
SNORA18	11	93466631	93466763	-
SNORA19	10	120819524	120819650	-
SNORA1B	8	56815281	56815414	-
SNORA20	6	160201281	160201413	-
SNORA20B	7	39368601	39368733	-
SNORA21	17	37009115	37009248	-
SNORA21B	17	37007776	37007911	-
SNORA22	7	65220512	65220646	+
SNORA22B	7	56123057	56123195	+
SNORA22C	7	64526376	64526510	+
SNORA23	11	9450312	9450501	+
SNORA24	4	119200344	119200475	+
SNORA24B	15	65577798	65577929	-
SNORA25	11	93463680	93463812	-
SNORA25B	7	115221368	115221495	-
SNORA26	4	53579415	53579537	+
SNORA27	13	27829537	27829663	+
SNORA28	14	103804185	103804311	+
SNORA29	6	160206625	160206765	-
SNORA2A	12	49050430	49050565	-
SNORA2B	12	49061239	49061376	-
SNORA2C	12	49048164	49048301	-
SNORA30	16	30721857	30721986	+
SNORA30B	9	20786925	20787054	+
SNORA31	13	45911614	45911744	-
SNORA31B	13	45910448	45910582	-
SNORA32	11	93464144	93464265	-
SNORA33	6	133138357	133138490	+
SNORA35	X	113865258	113865386	+
SNORA35B	X	114360878	114361005	-
SNORA36A	X	153996802	153996932	+
SNORA36B	1	220373889	220374018	-
SNORA36C	2	69747175	69747303	-
SNORA37	18	51748653	51748782	-
SNORA38	6	31590855	31590987	+
SNORA38B	17	65736785	65736917	+
SNORA3A	11	8705773	8705903	+
SNORA3B	11	8706985	8707116	+
SNORA3C	16	2846408	2846533	-
SNORA4	3	186505401	186505538	+
SNORA40	11	93468275	93468402	-
SNORA40B	2	135894197	135894325	+
SNORA40C	6	111169748	111169876	+
SNORA41	2	207026951	207027083	+
SNORA41B	15	45829448	45829577	+
SNORA44	1	28906892	28907024	-
SNORA46	16	58582402	58582537	-
SNORA47	5	76376258	76376396	-
SNORA48	17	7478030	7478165	+
SNORA48B	X	3450157	3450292	-
SNORA49	12	132515768	132515905	+
SNORA50A	16	58593699	58593835	-
SNORA50B	22	34100771	34100906	-
SNORA50C	17	62223698	62223831	+
SNORA50D	5	68456634	68456766	+
SNORA51	20	2635712	2635844	+
SNORA52	11	811680	811814	+
SNORA53	12	98993412	98993662	+
SNORA54	11	2985000	2985123	-
SNORA55	1	40033045	40033182	-
SNORA56	X	154003272	154003401	+
SNORA57	11	62432893	62433042	+
SNORA58	3	131197841	131198077	-
SNORA58B	1	154232202	154232338	+
SNORA5A	7	45143947	45144081	-
SNORA5B	7	45145566	45145698	-
SNORA5C	7	45144504	45144641	-
SNORA6	3	39449881	39450030	+
SNORA60	20	37078011	37078147	+
SNORA61	1	28906275	28906405	-
SNORA62	3	39452544	39452698	+
SNORA63	3	186505087	186505222	+
SNORA63B	3	186504111	186504236	+
SNORA63C	1	36884048	36884179	-
SNORA63D	3	183169646	183169778	+
SNORA63E	3	183171601	183171734	+
SNORA64	16	2012973	2013107	-
SNORA65	9	130210780	130210916	-
SNORA66	1	93306275	93306408	+
SNORA67	17	7481272	7481409	+
SNORA68	19	17973396	17973529	+
SNORA68B	19	33099242	33099375	-
SNORA69	X	118921315	118921447	-
SNORA70	X	153628621	153628756	+
SNORA70B	2	61644378	61644512	-
SNORA70C	9	119943344	119943480	-
SNORA70D	16	71732469	71732604	-
SNORA70E	11	82752505	82752640	-
SNORA70F	2	165544152	165544287	-
SNORA70G	12	69021013	69021155	-
SNORA70H	1	201947588	201947723	+
SNORA70I	2	215711670	215711805	+
SNORA70J	5	170793121	170793256	+
SNORA71A	20	37055948	37056086	-
SNORA71B	20	37053842	37053978	-
SNORA71C	20	37058309	37058447	-
SNORA71D	20	37062504	37062642	-
SNORA71E	20	37076725	37076861	+
SNORA72	8	99054313	99054445	-
SNORA73A	1	28833876	28834083	+
SNORA73B	1	28835069	28835274	+
SNORA74A	5	138614468	138614668	+
SNORA74B	5	172447728	172447932	+
SNORA74C-1	10	51383523	51611226	+
SNORA74C-2	10	51383523	51611226	+
SNORA74D	5	138611868	138612012	+
SNORA75	2	232320510	232320647	-
SNORA75B	4	17322368	17322505	-
SNORA77	1	203698708	203698833	+
SNORA77B	22	20113924	20114049	+
SNORA78	16	2015184	2015311	+
SNORA79	14	81669038	81669178	-
SNORA79B	14	20791337	20791485	-
SNORA7A	3	12881810	12881949	-
SNORA7B	3	129116052	129116191	-
SNORA8	11	93465526	93465665	-
SNORA80A	21	33749495	33749631	-
SNORA80B	2	10586839	10586975	-
SNORA80C	16	30430945	30431080	-
SNORA80D	7	6056507	6056642	+
SNORA80E	1	155889699	155889833	-
SNORA81	3	186504463	186504641	+
SNORA84	9	95054742	95054875	-
SNORA86	10	33190261	33190400	-
SNORA87	10	114805113	114805335	+
SNORA88	11	32165287	32165458	-
SNORA89	14	34178142	34178319	+
SNORA9	7	45024976	45025109	-
SNORA90	17	35601716	35601891	+
SNORA91	21	43368213	43368391	-
SNORA92	22	38620485	38620727	-
SNORA93	3	13659880	13660048	+
SNORA94	3	48642352	48642583	-
SNORA95	3	85111303	85111415	-
SNORA98	6	144726790	144726903	+
SNORA99	8	11562870	11563067	+
SNORA9B	12	124101256	124101387	+
SNORC	2	233733723	233743414	+
SNORD10	17	7480128	7480276	+
SNORD100	6	133137940	133138016	+
SNORD101	6	133136445	133136518	+
SNORD102	13	27829200	27829272	+
SNORD103A	1	31408535	31422052	-
SNORD103B	1	31408535	31422052	-
SNORD103C	1	31441009	31441084	-
SNORD104	17	62223437	62223517	+
SNORD105	19	10218326	10218411	+
SNORD105B	19	10220424	10220516	+
SNORD107	15	25227140	25227215	+
SNORD108	15	25232071	25232140	+
SNORD109A	15	25287120	25523556	+
SNORD109B	15	25287120	25523556	+
SNORD11	2	203157773	203157857	+
SNORD110	20	2634857	2634932	+
SNORD111	16	70571907	70572001	+
SNORD111B	16	70563401	70563502	+
SNORD112	14	101364256	101364333	+
SNORD113-1	14	101391157	101391227	+
SNORD113-2	14	101393678	101393749	+
SNORD113-3	14	101396255	101396326	+
SNORD113-4	14	101402827	101402901	+
SNORD113-5	14	101404523	101404600	+
SNORD113-6	14	101405892	101405966	+
SNORD113-7	14	101407462	101407538	+
SNORD113-8	14	101409787	101409860	+
SNORD113-9	14	101411985	101412056	+
SNORD114-1	14	101416169	101416240	+
SNORD114-10	14	101433388	101433459	+
SNORD114-11	14	101434447	101434521	+
SNORD114-12	14	101435284	101435358	+
SNORD114-13	14	101436215	101436288	+
SNORD114-14	14	101438439	101438513	+
SNORD114-15	14	101439006	101439077	+
SNORD114-16	14	101439931	101440000	+
SNORD114-17	14	101441142	101441216	+
SNORD114-18	14	101442161	101442232	+
SNORD114-19	14	101442813	101442887	+
SNORD114-2	14	101418192	101418269	+
SNORD114-20	14	101447340	101447411	+
SNORD114-21	14	101448311	101448382	+
SNORD114-22	14	101449262	101449333	+
SNORD114-23	14	101450212	101450283	+
SNORD114-24	14	101451113	101451184	+
SNORD114-25	14	101452393	101452464	+
SNORD114-26	14	101453382	101453453	+
SNORD114-27	14	101454497	101454566	+
SNORD114-28	14	101455466	101455537	+
SNORD114-29	14	101456427	101456496	+
SNORD114-3	14	101419685	101419759	+
SNORD114-30	14	101458255	101458326	+
SNORD114-31	14	101459572	101459646	+
SNORD114-4	14	101420680	101420784	+
SNORD114-5	14	101421706	101421775	+
SNORD114-6	14	101423502	101423573	+
SNORD114-7	14	101429390	101429466	+
SNORD114-8	14	101431117	101431188	+
SNORD114-9	14	101432365	101432436	+
SNORD115-1	15	25415869	25415951	+
SNORD115-10	15	25423887	25492573	+
SNORD115-11	15	25434560	25494426	+
SNORD115-12	15	25423887	25436644	+
SNORD115-13	15	25438467	25438549	+
SNORD115-14	15	25440067	25440148	+
SNORD115-15	15	25442722	25492573	+
SNORD115-16	15	25444594	25444676	+
SNORD115-17	15	25446469	25449585	+
SNORD115-18	15	25446469	25449585	+
SNORD115-19	15	25446469	25449585	+
SNORD115-2	15	25417781	25417863	+
SNORD115-20	15	25451408	25451490	+
SNORD115-21	15	25451408	25492573	+
SNORD115-22	15	25455064	25455146	+
SNORD115-23	15	25456942	25457024	+
SNORD115-24	15	25458805	25458876	+
SNORD115-25	15	25460687	25460769	+
SNORD115-26	15	25463763	25463845	+
SNORD115-27	15	25465649	25465725	+
SNORD115-28	15	25467500	25467574	+
SNORD115-29	15	25434560	25494426	+
SNORD115-3	15	25420073	25420155	+
SNORD115-30	15	25470349	25470431	+
SNORD115-31	15	25472255	25472337	+
SNORD115-32	15	25474113	25474195	+
SNORD115-33	15	25475984	25476066	+
SNORD115-34	15	25477533	25477615	+
SNORD115-35	15	25479393	25479475	+
SNORD115-36	15	25434560	25494426	+
SNORD115-37	15	25483132	25483214	+
SNORD115-38	15	25484984	25485066	+
SNORD115-39	15	25486892	25486974	+
SNORD115-4	15	25421978	25422060	+
SNORD115-40	15	25488760	25488842	+
SNORD115-41	15	25490624	25490706	+
SNORD115-42	15	25492491	25492573	+
SNORD115-43	15	25434560	25494426	+
SNORD115-44	15	25496005	25496087	+
SNORD115-45	15	25509673	25509726	+
SNORD115-46	15	25511737	25511808	+
SNORD115-47	15	25513663	25513696	+
SNORD115-48	15	25514929	25515005	+
SNORD115-5	15	25423884	25436644	+
SNORD115-6	15	25425643	25425725	+
SNORD115-7	15	25427531	25427613	+
SNORD115-8	15	25429452	25429534	+
SNORD115-9	15	25423887	25436644	+
SNORD116-1	15	25296622	25296719	+
SNORD116-10	15	25319259	25319363	+
SNORD116-11	15	25321074	25321168	+
SNORD116-12	15	25322196	25322290	+
SNORD116-13	15	25324203	25324297	+
SNORD116-14	15	25325287	25325381	+
SNORD116-15	15	25326432	25326526	+
SNORD116-16	15	25327913	25328007	+
SNORD116-17	15	25328733	25331766	+
SNORD116-18	15	25330530	25330624	+
SNORD116-19	15	25328733	25331766	+
SNORD116-2	15	25299355	25310269	+
SNORD116-20	15	25332807	25332901	+
SNORD116-21	15	25333949	25334043	+
SNORD116-22	15	25335068	25335162	+
SNORD116-23	15	25336931	25337025	+
SNORD116-24	15	25339182	25339276	+
SNORD116-25	15	25342808	25342902	+
SNORD116-26	15	25344644	25344742	+
SNORD116-27	15	25346720	25346814	+
SNORD116-28	15	25349787	25349880	+
SNORD116-29	15	25351666	25351751	+
SNORD116-3	15	25302005	25318349	+
SNORD116-30	15	25353414	25353499	+
SNORD116-4	15	25304683	25304781	+
SNORD116-5	15	25307478	25313030	+
SNORD116-6	15	25310171	25310269	+
SNORD116-7	15	25307478	25313030	+
SNORD116-8	15	25315577	25315674	+
SNORD116-9	15	25302005	25318349	+
SNORD117	6	31504150	31504226	-
SNORD118	17	8076770	8076906	-
SNORD119	20	2443597	2443693	-
SNORD11B	2	203156039	203156151	+
SNORD12	20	47897219	47897309	+
SNORD121A	9	33952761	33952852	-
SNORD121B	9	33934294	33934373	-
SNORD123	5	9548938	9549026	+
SNORD124	17	38183795	38183898	-
SNORD125	22	29729151	29729247	-
SNORD126	14	20794599	20794698	-
SNORD127	14	45580077	45580176	+
SNORD128	1	8554859	8554973	-
SNORD129	10	7228641	7228746	-
SNORD12B	20	47896849	47896952	+
SNORD12C	20	47895481	47895560	+
SNORD13	8	33370992	33371096	+
SNORD130	10	28362165	28362307	-
SNORD131	11	1970560	1970706	+
SNORD132	2	111415726	111415826	-
SNORD133	12	50850353	50850569	+
SNORD134	17	80047835	80048016	-
SNORD135	19	12814410	12814485	-
SNORD136	3	52722902	52723049	+
SNORD137	9	12972555	12972632	-
SNORD138	5	85916322	85916385	+
SNORD139	22	39712846	39712901	-
SNORD13B-1	5	68834987	70384562	-
SNORD13B-2	5	68834987	70384562	-
SNORD13C	1	150234092	150234196	+
SNORD13D	15	57570764	57570855	-
SNORD13E	15	65989170	65989274	-
SNORD13F	11	65820614	65820699	+
SNORD13G	13	95862597	95862702	+
SNORD13H	16	69742474	69742578	-
SNORD13I	11	100805004	100805109	+
SNORD13J	3	47292008	47292099	-
SNORD140	22	41469605	41469725	-
SNORD142	10	3176295	3176490	+
SNORD143	4	83817005	83817081	-
SNORD144	4	83819292	83819378	-
SNORD145	1	45136628	45136728	-
SNORD146	3	47703054	47703184	-
SNORD147	11	16947484	16947569	-
SNORD148	16	46920332	46920386	-
SNORD149	8	144588354	144588418	-
SNORD14A	11	17096199	17096291	-
SNORD14B	11	17097324	17097415	-
SNORD14C	11	122930042	122930130	-
SNORD14D	11	122929616	122929703	-
SNORD14E	11	122928784	122928864	-
SNORD150	11	119061275	119061350	-
SNORD151	7	47504317	47504401	-
SNORD152	19	38653735	38653789	+
SNORD153	11	134021182	134021258	-
SNORD154	20	39343211	39343263	-
SNORD155	3	115623912	115623973	-
SNORD156	6	75838424	75838498	-
SNORD157	19	55913957	55914025	-
SNORD158	10	117954243	117954301	-
SNORD159	21	47614003	47614073	-
SNORD15A	11	75111434	75111582	+
SNORD15B	11	75115464	75115610	+
SNORD16	15	66795148	66795248	-
SNORD160	1	45227706	45227779	+
SNORD161	4	79210138	79210204	+
SNORD162	4	4666052	4666150	+
SNORD163	17	16056446	16056510	-
SNORD164	11	35184496	35184557	+
SNORD165	7	4877018	4877081	-
SNORD166	6	111435036	111435142	+
SNORD167	1	1240108	1240192	-
SNORD168	8	118933094	118933152	-
SNORD169	14	70444849	70444913	+
SNORD17	20	17943352	17943589	-
SNORD170	5	14464091	14464176	+
SNORD172	10	76781490	76781549	+
SNORD173	8	104321205	104321309	+
SNORD175	19	39958861	39958933	+
SNORD18A	15	66795582	66795652	-
SNORD18B	15	66794359	66794429	-
SNORD18C	15	66793589	66793656	-
SNORD19	3	52723255	52723331	+
SNORD19B	3	52724753	52724846	+
SNORD19C	3	52725393	52725460	+
SNORD1A	17	74557714	74557788	+
SNORD1B	17	74557189	74557275	+
SNORD1C	17	74554871	74554951	+
SNORD2	3	186502584	186502654	+
SNORD20	2	232321154	232321234	-
SNORD21	1	93302845	93302940	+
SNORD22	11	62620381	62620507	-
SNORD23	19	48259109	48259219	+
SNORD24	9	136216250	136216325	+
SNORD25	11	62623036	62623103	-
SNORD26	11	62622763	62622838	-
SNORD27	11	62622483	62622555	-
SNORD28	11	62622092	62622167	-
SNORD28B	6	156699883	156699957	+
SNORD29	11	62621375	62621440	-
SNORD30	11	62621134	62621204	-
SNORD31	11	62620797	62620865	-
SNORD31B	13	107973242	107973311	-
SNORD32A	19	49993222	49993304	+
SNORD32B	6	29550028	29550105	+
SNORD33	19	49993873	49993956	+
SNORD34	19	49994163	49994229	+
SNORD35A	19	49994431	49994517	+
SNORD35B	19	50000975	50001062	+
SNORD36A	9	136217310	136217382	+
SNORD36B	9	136216948	136217019	+
SNORD36C	9	136217700	136217767	+
SNORD37	19	3982504	3982570	-
SNORD38A	1	45243513	45243584	+
SNORD38B	1	45244061	45244130	+
SNORD38C	3	53367087	53367154	-
SNORD38D	8	38876134	38876204	-
SNORD3A	17	19091328	19091545	+
SNORD3B-1	17	18965224	18967449	+
SNORD3B-2	17	18965224	18967449	+
SNORD3C	17	19093341	19093558	-
SNORD3D	17	19015732	19015949	-
SNORD3E	X	70065930	70066145	-
SNORD3F	8	20472339	20472437	-
SNORD3G	1	91123306	91123520	+
SNORD3H	8	98370492	98370702	+
SNORD3I	8	8916048	8916140	-
SNORD3J	10	43912697	43912888	-
SNORD3K	2	170672788	170672888	+
SNORD3P3	14	85738275	85738405	+
SNORD41	19	12817262	12817332	-
SNORD42A	17	27050446	27050509	+
SNORD42B	17	27047567	27047634	+
SNORD43	22	39715056	39715118	-
SNORD44	1	173835105	173835166	-
SNORD45A	1	76253573	76253657	+
SNORD45B	1	76255161	76255232	+
SNORD45C	1	76252756	76252834	+
SNORD46	1	45242163	45242261	+
SNORD47	1	173833506	173833583	-
SNORD48	6	31803039	31803103	+
SNORD49A	17	16343349	16343420	+
SNORD49B	17	16342822	16342870	+
SNORD4A	17	27049599	27049671	+
SNORD4B	17	27050698	27050772	+
SNORD5	11	93466393	93466466	-
SNORD50A	6	86387011	86387086	-
SNORD50B	6	86387306	86387377	-
SNORD51	2	207026604	207026674	+
SNORD52	6	31804852	31804916	+
SNORD53	2	29149932	29150010	+
SNORD53B	2	29150848	29150926	+
SNORD54	8	56986397	56986460	-
SNORD55	1	45241536	45241610	+
SNORD56	20	2637269	2637340	+
SNORD56B	14	71865053	71865124	+
SNORD57	20	2637584	2637656	+
SNORD58A	18	47017652	47017717	-
SNORD58B	18	47018033	47018099	-
SNORD58C	18	47015604	47015694	-
SNORD59A	12	57038810	57038885	-
SNORD59B	12	57037463	57037538	-
SNORD6	11	93464668	93464739	-
SNORD60	16	2205023	2205106	-
SNORD61	X	135961357	135961430	-
SNORD62A	9	134361051	134365958	+
SNORD62B	9	134361051	134365958	+
SNORD63	5	137896731	137896799	-
SNORD63B	5	137894657	137894730	-
SNORD64	15	25230246	25230313	+
SNORD65	17	16344539	16344612	+
SNORD65B	8	41284173	41284246	+
SNORD65C	7	23436064	23436135	+
SNORD66	3	184043483	184043559	+
SNORD67	11	46783938	46784049	-
SNORD68	16	89627837	89627909	+
SNORD69	3	52726751	52726828	+
SNORD7	17	33900675	33900772	+
SNORD70	2	203141153	203141241	+
SNORD70B	2	203142835	203142910	+
SNORD71	16	71792304	71792390	-
SNORD72	5	40832757	40832837	-
SNORD73A	4	152024978	152025043	+
SNORD73B	4	152023208	152023283	+
SNORD74	1	173836811	173836883	-
SNORD74B	21	17657016	17657089	-
SNORD75	1	173836016	173836076	-
SNORD76	1	173835772	173835853	-
SNORD77	1	173835438	173835508	-
SNORD77B	8	101016809	101016879	+
SNORD78	1	173834759	173834824	-
SNORD79	1	173834487	173834568	-
SNORD8	14	21865451	21865560	-
SNORD80	1	173833970	173834041	-
SNORD81	1	173833283	173833360	-
SNORD82	2	232325078	232325153	-
SNORD83A	22	39711217	39711312	-
SNORD83B	22	39709823	39709916	-
SNORD84	6	31508877	31508955	-
SNORD86	20	2636742	2636828	+
SNORD87	8	67834708	67834784	-
SNORD88A	19	51302695	51302792	-
SNORD88B	19	51302285	51302382	-
SNORD88C	19	51305581	51305678	-
SNORD89	2	101889397	101889511	-
SNORD9	14	21860309	21860412	-
SNORD90	9	125642491	125642598	-
SNORD91A	17	2233572	2233664	-
SNORD91B	17	2232418	2232504	-
SNORD92	2	29136527	29136616	+
SNORD93	7	22896231	22896305	+
SNORD94	2	86362992	86363129	+
SNORD95	5	180670313	180670376	-
SNORD96A	5	180668817	180668889	-
SNORD96B	X	109468216	109468288	-
SNORD97	11	10823013	10823155	-
SNORD98	10	70514928	70514995	+
SNORD99	1	28905254	28905334	-
SNPH	20	1246937	1289971	+
SNRK	3	43328003	43392634	+
SNRK-AS1	3	43388410	43393454	-
SNRNP200	2	96940075	96971284	-
SNRNP25	16	103827	107669	+
SNRNP27	2	70121087	70132368	+
SNRNP35	12	123942685	123957701	+
SNRNP40	1	31732414	31769635	-
SNRNP48	6	7590430	7612200	+
SNRNP70	19	49588707	49611861	+
SNRPA	19	41257107	41271294	+
SNRPA1	15	101821714	101835453	-
SNRPB	20	2442287	2451435	-
SNRPB2	20	16710670	16723209	+
SNRPC	6	34724870	34741634	+
SNRPD1	18	19192274	19213481	+
SNRPD2	19	46190711	46195574	-
SNRPD2P2	1	231611509	231612271	-
SNRPD3	22	24951617	24970939	+
SNRPE	1	203830726	203840280	+
SNRPF	12	96252729	96260831	+
SNRPG	2	70508493	70520903	-
SNRPN	15	25068783	25223870	+
SNTA1	20	31995762	32031569	-
SNTB1	8	121547995	121824286	-
SNTB2	16	69221049	69342955	+
SNTG1	8	50822355	51709252	+
SNTG2	2	946534	1371384	+
SNTG2-AS1	2	945320	947078	-
SNTN	3	63638350	63650883	+
SNU13	22	42069936	42084871	-
SNUPN	15	75890423	75918719	-
SNURF	15	25200039	25223870	+
SNW1	14	78183943	78227499	-
SNX1	15	64388180	64436428	+
SNX10	7	26331481	26414002	+
SNX11	17	46184894	46200963	+
SNX12	X	70279096	70293276	-
SNX13	7	17830384	17980131	-
SNX14	6	86215214	86303874	-
SNX15	11	64794910	64808044	+
SNX16	8	82711817	82754521	-
SNX17	2	27593362	27600402	+
SNX18	5	53813588	53842416	+
SNX19	11	130736144	130786374	-
SNX2	5	122110690	122170236	+
SNX20	16	50700210	50715223	-
SNX21	20	44462437	44471915	+
SNX22	15	64443929	64449680	+
SNX24	5	122181143	122344907	+
SNX25	4	186125390	186285125	+
SNX27	1	151584525	151671556	+
SNX29	16	12070590	12668144	+
SNX29P1	16	21360683	21397254	+
SNX29P2	16	29313607	29376380	+
SNX3	6	108532426	108582244	-
SNX30	9	115513039	115637267	+
SNX31	8	101585101	101661893	-
SNX32	11	65601433	65621172	+
SNX33	15	75940252	75954642	+
SNX4	3	125165493	125239046	-
SNX5	20	17922243	17949437	-
SNX6	14	35030298	35099354	-
SNX7	1	99127276	99226056	+
SNX8	7	2291404	2354076	-
SNX9	6	158244277	158366109	+
SOAT1	1	179262848	179327814	+
SOAT2	12	53497269	53518319	+
SOBP	6	107811320	107982510	+
SOCS1	16	11348273	11350039	-
SOCS2	12	93963744	93970521	+
SOCS2-AS1	12	93959403	93965174	-
SOCS3	17	76352861	76357006	-
SOCS4	14	55493953	55516206	+
SOCS5	2	46926098	46990267	+
SOCS6	18	67956280	67997435	+
SOCS7	17	36507726	36561846	+
SOD1	21	33032005	33041243	+
SOD2	6	160090100	160183313	-
SOD2-OT1	6	160181290	160183364	-
SOD3	4	24797194	24802464	+
SOGA1	20	35405844	35491941	-
SOGA3	6	127759550	127840169	-
SOHLH1	9	138585254	138591327	-
SOHLH2	13	36742353	36788752	-
SON	21	34915343	34949820	+
SORBS1	10	97071529	97321128	-
SORBS2	4	186506597	186877526	-
SORBS3	8	22409439	22433301	+
SORCS1	10	108333420	108924464	-
SORCS2	4	7194264	7744554	+
SORCS3	10	106401047	107025000	+
SORCS3-AS1	10	106424365	106425974	-
SORD	15	45315392	45369383	+
SORD2P	15	45117944	45176892	-
SORL1	11	121323022	121504472	+
SORT1	1	109852187	109940540	-
SOS1	2	39208689	39352009	-
SOS2	14	50583849	50698296	-
SOST	17	41831105	41836159	-
SOSTDC1	7	16501105	16505363	-
SOWAHA	5	132148993	132152478	+
SOWAHB	4	77815304	77819297	-
SOWAHC	2	110371940	110376567	+
SOWAHD	X	118892550	118894165	+
SOX1	13	112721462	112726020	+
SOX1-OT	13	112626623	112762329	+
SOX10	22	38368318	38380562	-
SOX11	2	5832515	5841517	+
SOX12	20	306214	310872	+
SOX13	1	204042242	204096871	+
SOX14	3	137483156	137485172	+
SOX15	17	7491495	7493412	-
SOX17	8	55370494	55373452	+
SOX18	20	62678934	62680992	-
SOX2	3	181429712	181432223	+
SOX2-OT	3	180774467	181460013	+
SOX21	13	95361878	95364799	-
SOX21-AS1	13	95364969	95368199	+
SOX3	X	139585149	139587234	-
SOX30	5	157052686	157098488	-
SOX4	6	21593981	21598849	+
SOX5	12	23682437	24715425	-
SOX5-AS1	12	24376204	24390899	+
SOX6	11	15987994	16760024	-
SOX7	8	10581277	10588021	-
SOX8	16	1031769	1036979	+
SOX9	17	70117160	70122554	+
SOX9-AS1	17	70067182	70116934	-
SP1	12	53773959	53810226	+
SP100	2	231280870	231410319	+
SP110	2	231029901	231090351	-
SP140	2	231090444	231177930	+
SP140L	2	231191885	231268447	+
SP2	17	45973601	46006323	+
SP2-AS1	17	45975751	46018770	-
SP3	2	174765504	174830430	-
SP4	7	21467700	21554440	+
SP5	2	171571846	171574588	+
SP6	17	45922273	45933063	-
SP7	12	53720359	53738577	-
SP8	7	20821898	20826505	-
SP9	2	175199681	175203228	+
SPA17	11	124543799	124567414	+
SPAAR	9	35909486	35911683	+
SPACA1	6	88757558	88776556	+
SPACA3	17	31318864	31324895	+
SPACA4	19	49109998	49110971	+
SPACA5	X	47863733	47991995	+
SPACA5B	X	47867138	47992002	+
SPACA6	19	52192634	52208443	+
SPACA6P-AS	19	52188615	52196709	-
SPACA7	13	113030668	113089003	+
SPACA9	9	135753730	135765588	+
SPAG1	8	101170265	101254132	+
SPAG11A	8	7705529	7721319	+
SPAG11B	8	7305275	7707807	-
SPAG16	2	214149102	215275225	+
SPAG16-DT	2	214140509	214148933	-
SPAG17	1	118496215	118727851	-
SPAG4	20	34203750	34209016	+
SPAG5	17	26904591	26926043	-
SPAG5-AS1	17	26926150	26944395	+
SPAG6	10	22634373	22706539	+
SPAG7	17	4862520	4871112	-
SPAG8	9	35807781	35812259	-
SPAG9	17	49039534	49198229	-
SPAM1	7	123565294	123611467	+
SPANXA1	X	140671795	140678899	+
SPANXA2	X	140671805	140678889	-
SPANXA2-OT1	X	140590842	140738069	+
SPANXB1	X	140084758	140097876	+
SPANXC	X	140785567	140786622	-
SPANXD	X	140785567	140786896	-
SPANXN1	X	144329022	144337728	+
SPANXN2	X	142795134	142803762	-
SPANXN3	X	142596563	142605303	-
SPANXN4	X	142113713	142122066	+
SPANXN5	X	52825183	52826467	-
SPARC	5	151040656	151066476	-
SPARCL1	4	88394481	88450655	-
SPART	13	36875774	36944317	-
SPART-AS1	13	36920567	36943872	+
SPAST	2	32288624	32382706	+
SPATA1	1	84972068	85022178	+
SPATA12	3	57094691	57109460	+
SPATA13	13	24553940	24881212	+
SPATA13-AS1	13	24826886	24828577	-
SPATA16	3	172607146	172859025	-
SPATA17	1	217804685	218045038	+
SPATA17-AS1	1	217954539	217958462	-
SPATA18	4	52917469	52963465	+
SPATA19	11	133710525	133715408	-
SPATA2	20	48519928	48532066	-
SPATA20	17	48624449	48633213	+
SPATA21	1	16722175	16763919	-
SPATA22	17	3343305	3417146	-
SPATA24	5	138732455	138739778	-
SPATA25	20	44515129	44516261	-
SPATA2L	16	89762764	89768113	-
SPATA3	2	231860838	231871999	+
SPATA3-AS1	2	231849082	231860747	-
SPATA31A1	9	39355665	39891210	+
SPATA31A3	9	40700290	40706537	+
SPATA31A5	9	41321106	65509610	+
SPATA31A6	9	43624501	43630730	-
SPATA31A7	9	41321109	65509610	-
SPATA31C1	9	90532876	90538572	+
SPATA31C2	9	90744219	90753396	-
SPATA31D1	9	84603686	84610168	+
SPATA31D3	9	84558414	84565009	+
SPATA31D4	9	84543342	84549913	+
SPATA31D5P	9	84528351	84534842	+
SPATA31E1	9	90497791	90503817	+
SPATA32	17	43331759	43339461	-
SPATA33	16	89724151	89737680	+
SPATA4	4	177105730	177116736	-
SPATA41	15	100884661	100890923	-
SPATA42	1	109399838	109401146	+
SPATA45	1	213003484	213020991	-
SPATA46	1	162342992	162346644	-
SPATA48	7	50135478	50198852	+
SPATA5	4	123844232	124240587	+
SPATA5L1	15	45694518	45713613	+
SPATA6	1	48761043	48937880	-
SPATA6L	9	4588820	4666480	-
SPATA7	14	88851987	88904804	+
SPATA8	15	97326664	97328845	+
SPATA8-AS1	15	97315234	97326567	-
SPATA9	5	94987884	95067806	-
SPATC1	8	145086447	145102015	+
SPATC1L	21	47581073	47604373	-
SPATS1	6	44310386	44347916	+
SPATS2	12	49761244	49921208	+
SPATS2L	2	201170601	201346987	+
SPC24	19	11256168	11266488	-
SPC25	2	169727400	169746940	-
SPCS1	3	52740121	52745164	+
SPCS2	11	74660310	74690078	+
SPCS3	4	177241116	177253396	+
SPDEF	6	34505578	34524110	-
SPDL1	5	169010776	169031781	+
SPDYA	2	29033699	29073475	+
SPDYC	11	64937624	64940715	+
SPDYE1	7	44037466	44049723	+
SPDYE10P	7	72518322	74918563	-
SPDYE11	7	72490260	74974605	-
SPDYE12P	7	74320406	74331167	-
SPDYE13	7	72490440	74974425	-
SPDYE14	7	72518322	74918563	-
SPDYE15	7	72490260	74974605	-
SPDYE16	7	76163010	76169703	-
SPDYE17	7	76651635	76661678	-
SPDYE18	7	76682049	76690198	-
SPDYE2	7	102191678	102301847	+
SPDYE21	7	66743278	66753973	+
SPDYE2B	7	102191678	102301847	+
SPDYE3	7	99905324	99919819	+
SPDYE4	17	8650849	8661864	-
SPDYE5	7	75122946	75133628	+
SPDYE6	7	101986185	101996889	-
SPDYE7P	7	72333320	72342072	-
SPDYE8	7	72490259	74974606	-
SPDYE9	7	72490260	74974605	-
SPECC1	17	19912671	20222339	+
SPECC1L	22	24666798	24813708	+
SPECC1L-ADORA2A	22	24666784	24838328	+
SPEF1	20	3758150	3762095	-
SPEF2	5	35617964	35814713	+
SPEG	2	220299564	220358351	+
SPEGNB	2	220361076	220363009	+
SPEM1	17	7323642	7324951	+
SPEM2	17	7328934	7330886	+
SPEM3	17	7332175	7336138	+
SPEN	1	16174201	16266951	+
SPESP1	15	69222863	69239150	+
SPG11	15	44854893	44955860	-
SPG21	15	65255362	65282252	-
SPG7	16	89574795	89624176	+
SPHK1	17	74379284	74383936	+
SPHK2	19	49122547	49133663	+
SPHKAP	2	228844669	229046403	-
SPI1	11	47376410	47400098	-
SPIB	19	50922194	50934571	+
SPIC	12	101869113	101880775	+
SPICE1	3	113161564	113234003	-
SPIDR	8	48173469	48648868	+
SPIN1	9	91003358	91093609	+
SPIN2A	X	57162082	57164058	-
SPIN2B	X	57146114	57147981	-
SPIN3	X	57001552	57021974	-
SPIN4	X	62567106	62571211	-
SPINDOC	11	63580927	63595188	+
SPINK1	5	147204144	147218759	-
SPINK13	5	147648356	147665818	+
SPINK14	5	147548108	147555182	+
SPINK2	4	57676025	57688035	-
SPINK4	9	33240164	33248565	+
SPINK5	5	147443542	147516944	+
SPINK6	5	147582356	147594700	+
SPINK7	5	147691985	147695481	+
SPINK8	3	48348333	48369831	-
SPINK9	5	147715121	147719414	+
SPINT1	15	41136245	41150405	+
SPINT1-AS1	15	41128190	41136722	-
SPINT2	19	38755212	38783255	+
SPINT3	20	44141100	44144262	-
SPINT4	20	44350985	44354469	+
SPIRE1	18	12446510	12658106	-
SPIRE2	16	89894882	89937727	+
SPN	16	29674270	29682193	+
SPNS1	16	28986098	28995864	+
SPNS2	17	4402175	4442330	+
SPNS3	17	4337234	4391499	+
SPO11	20	55904858	55919049	+
SPOCD1	1	32256022	32281652	-
SPOCK1	5	136310986	136835015	-
SPOCK2	10	73818791	73848790	-
SPOCK3	4	167654535	168155741	-
SPON1	11	13984269	14289679	+
SPON2	4	1160720	1202750	-
SPOP	17	47676245	47755525	-
SPOPL	2	139259339	139331117	+
SPOUT1	9	131581929	131592073	-
SPP1	4	88896801	88904563	+
SPP2	2	234959345	234985778	+
SPPL2A	15	50994464	51057903	-
SPPL2B	19	2328682	2355093	+
SPPL2C	17	43922246	43924433	+
SPPL3	12	121200312	121342161	-
SPR	2	73114536	73119287	+
SPRED1	15	38545036	38649450	+
SPRED2	2	65537984	65659733	-
SPRED3	19	38880839	38890523	+
SPRING1	12	117147975	117175874	-
SPRN	10	135234169	135238121	-
SPRNP1	10	135380437	135383462	-
SPRR1A	1	152956556	152958290	+
SPRR1B	1	153003678	153005376	+
SPRR2A	1	153028595	153029988	-
SPRR2B	1	153042703	153044087	-
SPRR2C	1	153112593	153113969	-
SPRR2D	1	153012207	153013596	-
SPRR2E	1	153065610	153067002	-
SPRR2F	1	153084596	153091944	-
SPRR2G	1	153122057	153123366	-
SPRR3	1	152974222	152976332	+
SPRR4	1	152943123	152945049	+
SPRTN	1	231474038	231490769	+
SPRY1	4	124317949	124324915	+
SPRY2	13	80910110	80915261	-
SPRY4	5	141689994	141704586	-
SPRY4-AS1	5	141704857	141843619	+
SPRY4-IT1	5	141697198	141697887	-
SPRYD3	12	53458099	53473174	-
SPRYD4	12	56862361	56873492	+
SPRYD7	13	50486837	50510637	-
SPSB1	1	9352952	9429590	+
SPSB2	12	6980099	6982467	-
SPSB3	16	1826712	1832572	-
SPSB4	3	140770188	140867453	+
SPTA1	1	158580493	158656505	-
SPTAN1	9	131314865	131395940	+
SPTB	14	65213000	65346625	-
SPTBN1	2	54683463	54898583	+
SPTBN2	11	66449967	66496687	-
SPTBN4	19	40972907	41082370	+
SPTBN5	15	42140343	42186251	-
SPTLC1	9	94793428	94877695	-
SPTLC2	14	77972339	78082980	-
SPTLC3	20	12989619	13149750	+
SPTSSA	14	34901995	34931446	-
SPTSSB	3	161062579	161090738	-
SPTY2D1	11	18627949	18655889	-
SPTY2D1OS	11	18621335	18631802	+
SPX	12	21679229	21685881	+
SPZ1	5	79615820	79617660	+
SQLE	8	126010746	126034525	+
SQOR	15	45923345	45983492	+
SQSTM1	5	179233392	179265077	+
SRA1	5	139929651	139937678	-
SRARP	1	16330730	16335302	+
SRBD1	2	45615818	45838406	-
SRC	20	35973087	36034453	+
SRCAP	16	30710491	30752730	+
SRCIN1	17	36686265	36762205	-
SRD5A1	5	6633552	6674496	+
SRD5A1P1	X	138528977	138531132	+
SRD5A2	2	31747549	31806007	-
SRD5A3	4	56212408	56239266	+
SRD5A3-AS1	4	56232767	56251747	-
SREBF1	17	17714647	17740325	-
SREBF2	22	42229108	42303309	+
SREBF2-AS1	22	42223484	42230669	-
SREK1	5	65440127	65479444	+
SREK1IP1	5	64013976	64064518	-
SRF	6	43139006	43149244	+
SRFBP1	5	121297669	121364328	+
SRGAP1	12	64238479	64555997	+
SRGAP2	1	206516199	206637776	+
SRGAP2-AS1	1	121102016	121139765	-
SRGAP2B	1	121107151	121134588	+
SRGAP2C	1	121107151	121134735	+
SRGAP2D	1	121107151	206581301	+
SRGAP3	3	9022275	9291330	-
SRGAP3-AS2	3	9234176	9236137	+
SRGAP3-AS3	3	9258578	9261192	+
SRGAP3-AS4	3	9291439	9299191	+
SRGN	10	70847358	70864567	+
SRI	7	87834429	87856308	-
SRI-AS1	7	87845974	87848539	+
SRL	16	4239374	4292081	-
SRM	1	11114645	11120075	-
SRMS	20	62171276	62178857	-
SRP14	15	40327890	40331403	-
SRP14-AS1	15	40331511	40359710	+
SRP19	5	112196884	112234068	+
SRP54	14	35452103	35498773	+
SRP54-AS1	14	35385685	35451772	-
SRP68	17	74034855	74068607	-
SRP72	4	57333782	57369847	+
SRP9	1	225965514	225978168	+
SRPK1	6	35800742	35888957	-
SRPK2	7	104756820	105029837	-
SRPK3	X	153046455	153051187	+
SRPRA	11	126132813	126138877	-
SRPRB	3	133502866	133547417	+
SRPX	X	38008587	38080177	-
SRPX2	X	99899195	99930784	+
SRR	17	2207236	2228558	+
SRRD	22	26879842	26890624	+
SRRM1	1	24969792	24999772	+
SRRM2	16	2802638	2821413	+
SRRM2-AS1	16	2787076	2802601	-
SRRM3	7	75831213	75916604	+
SRRM4	12	119419345	119600856	+
SRRM5	19	44116239	44118650	+
SRRT	7	100472724	100486285	+
SRSF1	17	56078279	56084707	-
SRSF10	1	24290836	24306817	-
SRSF11	1	70671378	70718732	+
SRSF12	6	89805677	89827790	-
SRSF2	17	74730196	74733493	-
SRSF3	6	36562089	36573377	+
SRSF3P2	8	96959212	96960576	-
SRSF4	1	29474255	29508412	-
SRSF5	14	70233858	70238722	+
SRSF6	20	42086535	42092883	+
SRSF7	2	38970740	38978636	-
SRSF8	11	94800040	94804387	+
SRSF9	12	120899474	120907551	-
SRXN1	20	627267	633844	-
SRY	Y	2654895	2655723	-
SS18	18	23596216	23671181	-
SS18L1	20	60718824	60757570	+
SS18L2	3	42623331	42638424	+
SSB	2	170655380	170668571	+
SSBP1	7	141438120	141450288	+
SSBP2	5	80708625	81047072	-
SSBP3	1	54691104	54872067	-
SSBP3-AS1	1	54702115	54704736	+
SSBP4	19	18530207	18545372	+
SSC4D	7	76018653	76039014	-
SSC5D	19	55999802	56030466	+
SSH1	12	109171966	109251359	-
SSH2	17	27952956	28257246	-
SSH3	11	67071000	67080063	+
SSMEM1	7	129847699	129856684	+
SSNA1	9	140083127	140084817	+
SSPN	12	26348268	26387708	+
SSPOP	7	149473130	149531053	+
SSR1	6	7281375	7313432	-
SSR2	1	155978838	155990742	-
SSR3	3	156257341	156272989	-
SSR4	X	153059613	153063967	+
SSR4P1	21	46490869	46493126	-
SSRP1	11	57093462	57103366	-
SST	3	187386699	187388182	-
SSTR1	14	38677108	38682272	+
SSTR2	17	71161148	71172772	+
SSTR3	22	37600276	37608517	-
SSTR4	20	23015948	23019874	+
SSTR5	16	1122755	1131454	+
SSTR5-AS1	16	1114080	1128731	-
SSU72	1	1477052	1510243	-
SSUH2	3	8661088	8693770	-
SSX1	X	48114826	48126879	+
SSX2	X	52725945	52790617	-
SSX2B	X	52725945	52790617	-
SSX2IP	1	85109388	85156151	-
SSX3	X	48205861	48216138	-
SSX4	X	48242967	48271344	+
SSX4B	X	48242956	48271355	+
SSX5	X	48045655	48056231	-
SSX6P	X	47967366	47980068	+
SSX7	X	52673110	52683950	-
SSX8P	X	52651984	52662998	+
SSX9P	X	48160984	48165614	-
ST13	22	41220538	41253012	-
ST13P4	13	50746153	50747751	+
ST14	11	130029676	130080257	+
ST18	8	53023391	53322439	-
ST20	15	80191183	80216094	-
ST20-AS1	15	80215112	80217196	+
ST20-MTHFS	15	80135888	80215448	-
ST3GAL1	8	134467090	134584130	-
ST3GAL2	16	70409879	70473003	-
ST3GAL3	1	44173167	44396837	+
ST3GAL3-AS1	1	44175075	44193014	-
ST3GAL4	11	126225580	126284536	+
ST3GAL5	2	86064242	86116157	-
ST3GAL5-AS1	2	86116402	86119375	+
ST3GAL6	3	98451079	98514689	+
ST3GAL6-AS1	3	98433176	98451495	-
ST6GAL1	3	186648314	186796341	+
ST6GAL2	2	107418055	107503565	-
ST6GALNAC1	17	74620844	74639839	-
ST6GALNAC2	17	74561458	74581942	-
ST6GALNAC3	1	76540430	77103001	+
ST6GALNAC4	9	130670164	130679320	-
ST6GALNAC5	1	77333164	77533231	+
ST6GALNAC6	9	130647599	130667627	-
ST7	7	116593554	116870230	+
ST7-AS1	7	116592500	116594388	-
ST7-AS2	7	116712125	116785646	-
ST7-OT3	7	116822734	116849991	+
ST7-OT4	7	116593901	116599871	+
ST7L	1	113066135	113162040	-
ST8SIA1	12	22346324	22487648	-
ST8SIA2	15	92937110	93011958	+
ST8SIA3	18	55019787	55036161	+
ST8SIA4	5	100142636	100238986	-
ST8SIA5	18	44247783	44337016	-
ST8SIA6	10	17357419	17496594	-
ST8SIA6-AS1	10	17428934	17450285	+
STAB1	3	52529353	52558511	+
STAB2	12	103981050	104160496	+
STAC	3	36421978	36589498	+
STAC2	17	37366793	37382198	-
STAC3	12	57637240	57644970	-
STAG1	3	136055077	136471220	-
STAG2	X	123094409	123236505	+
STAG3	7	99775346	99812010	+
STAG3L1	7	72467817	74997085	-
STAG3L2	7	74298091	74306731	-
STAG3L3	7	72467817	72476466	-
STAG3L4	7	66767624	66786513	+
STAG3L5P	7	99933701	99938951	+
STAG3L5P-PVRIG2P-PILRB	7	99933687	99965454	+
STAM	10	17686149	17758821	+
STAM-AS1	10	17683282	17685917	-
STAM2	2	152973314	153032277	-
STAMBP	2	74056037	74100782	+
STAMBPL1	10	90640001	90683244	+
STAP1	4	68424444	68473055	+
STAP2	19	4324039	4338824	-
STAR	8	38000217	38008470	-
STARD10	11	72465773	72504750	-
STARD13	13	33677275	34250931	-
STARD13-AS	13	33851690	33855471	+
STARD3	17	37793332	37820454	+
STARD3NL	7	38217846	38270270	+
STARD4	5	110831731	110848295	-
STARD4-AS1	5	110847923	111075423	+
STARD5	15	81601393	81616482	-
STARD6	18	51850861	51884228	-
STARD7	2	96850601	96874565	-
STARD7-AS1	2	96874153	96908362	+
STARD8	X	67867510	67945684	+
STARD9	15	42867803	43013196	+
STAT1	2	191833874	191878976	-
STAT2	12	56735381	56753891	-
STAT3	17	40465341	40540460	-
STAT4	2	191894301	192016322	-
STAT5A	17	40439564	40463960	+
STAT5B	17	40351194	40428409	-
STAT6	12	57489192	57505145	-
STATH	4	70861682	70868287	+
STAU1	20	47729875	47835832	-
STAU2	8	74332603	74659943	-
STAU2-AS1	8	74332308	74353753	+
STBD1	4	77227178	77232283	+
STC1	8	23699441	23712319	-
STC2	5	172741725	172756506	-
STEAP1	7	89783782	89794141	+
STEAP1B	7	22459062	22539901	-
STEAP2	7	89841053	89866997	+
STEAP2-AS1	7	89511666	89840949	-
STEAP3	2	119981409	120023227	+
STEAP3-AS1	2	120001997	120006647	-
STEAP4	7	87900210	87936209	-
STH	17	44076615	44077060	+
STIL	1	47715810	47780568	-
STIM1	11	3875833	4114440	+
STIM2	4	26862462	27027003	+
STIM2-AS1	4	26861245	26862221	-
STIMATE	3	52870749	52931564	-
STIMATE-MUSTN1	3	52867136	52931564	-
STING1	5	138855117	138862343	-
STIP1	11	63952743	63972020	+
STK10	5	171469082	171615228	-
STK11	19	1205776	1228430	+
STK11IP	2	220462578	220481173	+
STK16	2	220110200	220115059	+
STK17A	7	43622706	43666978	+
STK17B	2	196998306	197036302	-
STK19	6	31938951	31981961	+
STK24	13	99097438	99229405	-
STK24-AS1	13	99229508	99231095	+
STK25	2	242432084	242448987	-
STK26	X	131157329	131209971	+
STK3	8	99466858	99954838	-
STK31	7	23749837	23872130	+
STK32A	5	146614588	146767418	+
STK32A-AS1	5	146556597	146614494	-
STK32B	4	5053206	5502716	+
STK32C	10	134020985	134145384	-
STK33	11	8413416	8615775	-
STK35	20	2082472	2129198	+
STK36	2	219536808	219567440	+
STK38	6	36461668	36515256	-
STK38L	12	27397218	27478890	+
STK39	2	168810531	169104105	-
STK4	20	43595152	43708662	+
STK4-AS1	20	43592439	43595099	-
STK40	1	36805228	36851525	-
STKLD1	9	136243236	136271220	+
STMN1	1	26210669	26233368	-
STMN2	8	80523351	80578393	+
STMN3	20	62271057	62284963	-
STMN4	8	27092824	27115921	-
STMND1	6	17102280	17131609	+
STMP1	7	135347261	135361163	+
STN1	10	105637326	105677942	-
STOM	9	124101264	124132582	-
STOML1	15	74271266	74286963	-
STOML2	9	35099772	35103192	-
STOML3	13	39540061	39564996	-
STON1	2	48757292	48825654	+
STON1-GTF2A1L	2	48757063	49003656	+
STON2	14	81726993	81902809	-
STOX1	10	70587287	70655211	+
STOX2	4	184719174	184944683	+
STPG1	1	24683488	24741587	-
STPG2	4	98480022	99064627	-
STPG2-AS1	4	98288076	98411315	+
STPG3	9	140145712	140147935	+
STPG3-AS1	9	140144670	140147949	-
STPG4	2	47314129	47382447	-
STRA6	15	74471807	74502046	-
STRA8	7	134916730	134943415	+
STRADA	17	61780191	61819346	-
STRADB	2	202316462	202345569	+
STRAP	12	16035320	16056410	+
STRBP	9	125883547	126030865	-
STRC	15	43891760	43910998	-
STRCP1	15	43991615	44010458	-
STRIP1	1	110574198	110597263	+
STRIP2	7	129074272	129128239	+
STRIT1	3	155008015	155011472	-
STRN	2	37064840	37193679	-
STRN3	14	31363009	31495585	-
STRN4	19	47222767	47249707	-
STS	X	7065330	7272682	+
STT3A	11	125462746	125492965	+
STT3A-AS1	11	125440185	125462463	-
STT3B	3	31574416	31679108	+
STUB1	16	730409	732801	+
STUM	1	226736464	226796930	+
STX10	19	13254871	13261189	-
STX11	6	144471653	144513076	+
STX12	1	28099729	28150954	+
STX16	20	57226338	57254582	+
STX16-NPEPL1	20	57226308	57290900	+
STX17	9	102668935	102736816	+
STX17-AS1	9	102648599	102668883	-
STX18	4	4420695	4544070	-
STX18-AS1	4	4543857	4712664	+
STX18-IT1	4	4477847	4483427	-
STX19	3	93733208	93747441	-
STX1A	7	73113539	73133999	-
STX1B	16	31000576	31021959	-
STX2	12	131274144	131323795	-
STX3	11	59522848	59573351	+
STX4	16	31044415	31051488	+
STX5	11	62574331	62599523	-
STX6	1	180941849	180992257	-
STX7	6	132767006	132834611	-
STX8	17	9153787	9479275	-
STXBP1	9	130374190	130458308	+
STXBP2	19	7701995	7712759	+
STXBP3	1	109289295	109352141	+
STXBP4	17	53046125	53250993	+
STXBP5	6	147525493	147711612	+
STXBP5-AS1	6	147162524	147525750	-
STXBP5L	3	120627051	121143608	+
STXBP6	14	25278860	25519503	-
STYK1	12	10771521	10826651	-
STYX	14	53196883	53241705	+
STYXL1	7	75625654	75677321	-
STYXL2	1	167063311	167098402	+
SUB1	5	32585662	32604185	+
SUCLA2	13	48516790	48575409	-
SUCLG1	2	84650651	84686404	-
SUCLG2	3	67410883	67705038	-
SUCLG2-AS1	3	67705120	67998136	+
SUCNR1	3	151591430	151602407	+
SUCO	1	172501488	172580975	+
SUDS3	12	118814359	118855838	+
SUFU	10	104263728	104393292	+
SUGCT	7	40174603	40900359	+
SUGP1	19	19386841	19431318	-
SUGP2	19	19101695	19144653	-
SUGT1	13	53226970	53275043	+
SUGT1P1	9	33500753	33511164	-
SUGT1P3	13	41486024	41495910	-
SUGT1P4-STRA6LP	9	100000707	100059596	+
SUGT1P4-STRA6LP-CCDC180	9	100000707	100139577	+
SULF1	8	70378858	70573147	+
SULF2	20	46286149	46415360	-
SULT1A1	16	28616907	28634907	-
SULT1A2	16	28603263	28608391	-
SULT1A3	16	29471233	30215629	+
SULT1A4	16	29471233	30215636	+
SULT1B1	4	70586884	70626338	-
SULT1C2	2	108905350	108926371	+
SULT1C2P1	2	108938693	108970254	+
SULT1C3	2	108856423	108881807	+
SULT1C4	2	108994409	109005445	+
SULT1E1	4	70706929	70725863	-
SULT2A1	19	48373723	48389572	-
SULT2B1	19	49055428	49102684	+
SULT4A1	22	44220388	44258393	-
SULT6B1	2	37394962	37423230	-
SUMF1	3	4402828	4508966	-
SUMF2	7	56131978	56148365	+
SUMO1	2	203070893	203103320	-
SUMO1P1	20	52491039	52492248	-
SUMO1P3	1	160287054	160288260	+
SUMO2	17	73161680	73179054	-
SUMO3	21	46225531	46238044	-
SUMO4	6	149721397	149722413	+
SUN1	7	855193	914571	+
SUN2	22	39130738	39152003	-
SUN3	7	48026745	48068704	-
SUN5	20	31571580	31592239	-
SUOX	12	56391059	56399309	+
SUPT16H	14	21819635	21852178	-
SUPT20H	13	37583450	37633850	-
SUPT20HL1	X	24380799	24385959	+
SUPT20HL2	X	24326331	24331510	-
SUPT3H	6	44776793	45345671	-
SUPT4H1	17	56422538	56429562	-
SUPT5H	19	39936185	39967308	+
SUPT6H	17	26989222	27029697	+
SUPT7L	2	27873675	27886707	-
SUPV3L1	10	70939989	70968849	+
SURF1	9	136218613	136223363	-
SURF2	9	136223425	136228034	+
SURF4	9	136228324	136244820	-
SURF6	9	136195611	136203025	-
SUSD1	9	114803062	114937577	-
SUSD2	22	24577454	24585074	+
SUSD3	9	95820969	95847418	+
SUSD4	1	223394174	223537518	-
SUSD5	3	33191534	33260302	-
SUSD6	14	70078312	70181861	+
SUV39H1	X	48553944	48567406	+
SUV39H2	10	14920781	14946304	+
SUZ12	17	30264025	30328057	+
SUZ12P1	17	29036625	29119848	+
SV2A	1	149874871	149889396	-
SV2B	15	91642817	91845795	+
SV2C	5	75379207	75649764	+
SVBP	1	43272722	43283068	-
SVEP1	9	113127528	113342021	-
SVIL	10	29746266	30025865	-
SVIL-AS1	10	29698462	29776785	+
SVIL2P	10	30981202	31005942	+
SVIP	11	22840472	22851347	-
SVOP	12	109301516	109458873	-
SVOPL	7	138279029	138386107	-
SWAP70	11	9685623	9774539	+
SWI5	9	131037634	131051268	+
SWSAP1	19	11485341	11486845	+
SWT1	1	185126191	185260913	+
SYAP1	X	16737734	16783463	+
SYBU	8	110586207	110704020	-
SYCE1	10	135367403	135381779	-
SYCE1L	16	77233304	77247112	+
SYCE2	19	13009599	13030107	-
SYCE3	22	50989540	51001348	-
SYCN	19	39693464	39694903	-
SYCP1	1	115397423	115537990	+
SYCP2	20	58438626	58508692	-
SYCP2L	6	10887284	10974541	+
SYCP3	12	102122425	102133250	-
SYDE1	19	15218211	15225785	+
SYDE2	1	85622574	85666699	-
SYF2	1	25548766	25558993	-
SYK	9	93563881	93660831	+
SYMPK	19	46318667	46366405	-
SYN1	X	47431299	47479256	-
SYN2	3	12045833	12233532	+
SYN3	22	32903806	33454367	-
SYNC	1	33145506	33168371	-
SYNCRIP	6	86317501	86352640	-
SYNDIG1	20	24449834	24647253	+
SYNDIG1L	14	74872601	74892913	-
SYNE1	6	152442818	152958497	-
SYNE1-AS1	6	152701664	152702847	+
SYNE2	14	64319721	64693167	+
SYNE3	14	95873603	95982987	-
SYNE4	19	36494208	36499715	-
SYNGAP1	6	33387841	33421466	+
SYNGR1	22	39745953	39781580	+
SYNGR2	17	76164625	76169045	+
SYNGR3	16	2039970	2044276	+
SYNGR4	19	48867623	48879634	+
SYNJ1	21	34001068	34100351	-
SYNJ2	6	158402894	158520207	+
SYNJ2-IT1	6	158422138	158423415	+
SYNJ2BP	14	70833215	70883807	-
SYNJ2BP-COX16	14	70791797	70883807	-
SYNM	15	99645285	99675798	+
SYNPO	5	149980637	150038769	+
SYNPO2	4	119771835	119982402	+
SYNPO2L	10	75404643	75415787	-
SYNPR	3	63263983	63602600	+
SYNPR-AS1	3	63409271	63535727	-
SYNRG	17	35874909	35969466	-
SYP	X	49044267	49056652	-
SYP-AS1	X	49055297	49058913	+
SYPL1	7	105730951	105753022	-
SYPL2	1	110009167	110024756	+
SYS1	20	43990588	44005437	+
SYS1-DBNDD2	20	43991808	44039250	+
SYT1	12	79257761	79845788	+
SYT10	12	33527172	33592754	-
SYT11	1	155829357	155854990	+
SYT12	11	66790263	66818334	+
SYT13	11	45261852	45307892	-
SYT14	1	210111518	210344734	+
SYT14P1	4	68926327	68929015	-
SYT15	10	46955444	46970489	-
SYT16	14	62278879	62579268	+
SYT17	16	19179155	19279656	+
SYT2	1	202559724	202679582	-
SYT3	19	51125233	51143138	-
SYT4	18	40847856	40857455	-
SYT5	19	55682563	55691657	-
SYT6	1	114631913	114696491	-
SYT7	11	61281185	61348548	-
SYT8	11	1855656	1858751	+
SYT9	11	7273134	7490274	+
SYTL1	1	27668512	27680423	+
SYTL2	11	85405264	85522202	-
SYTL3	6	159071045	159185908	+
SYTL4	X	99929487	99987108	-
SYTL5	X	37865805	37988073	+
SYVN1	11	64894750	64901990	-
SZRD1	1	16693736	16724640	+
SZT2	1	43855569	43919918	+
SZT2-AS1	1	43913448	43914315	-
TAAR1	6	132964450	132980321	-
TAAR2	6	132938288	132945414	-
TAAR3P	6	132929363	132930441	-
TAAR5	6	132909730	132910877	-
TAAR6	6	132891460	132892498	+
TAAR8	6	132873822	132874870	+
TAAR9	6	132859426	132860475	+
TAB1	22	39795784	39833135	+
TAB2	6	149539059	149732749	+
TAB2-AS1	6	149564418	149578687	-
TAB3	X	30845558	30907371	-
TAB3-AS1	X	30852739	30857190	+
TAC1	7	97361397	97369784	+
TAC3	12	57403783	57410313	-
TAC4	17	47915670	47925379	-
TACC1	8	38586099	38710546	+
TACC2	10	123748677	124014057	+
TACC3	4	1723247	1746897	+
TACO1	17	61678253	61685725	+
TACR1	2	75273589	75426646	-
TACR2	10	71163658	71176674	-
TACR3	4	104507189	104641142	-
TACSTD2	1	59041104	59042924	-
TADA1	1	166825748	166845501	-
TADA2A	17	35766976	35839830	+
TADA2B	4	7045098	7059677	+
TADA3	3	9821647	9834695	-
TAF1	X	70586206	70750375	+
TAF10	11	6627523	6633447	-
TAF11	6	34845238	34855848	-
TAF12	1	28929361	28969579	-
TAF13	1	109606761	109618625	-
TAF15	17	34136487	34174246	+
TAF1A	1	222731243	222763275	-
TAF1A-AS1	1	222763261	222765975	+
TAF1B	2	9983570	10074546	+
TAF1C	16	84211452	84220676	-
TAF1D	11	93463359	93474703	-
TAF1L	9	32629451	32635667	-
TAF2	8	120743013	120845081	-
TAF3	10	7860467	8058594	+
TAF4	20	60549853	60640866	-
TAF4B	18	23806408	23971649	+
TAF5	10	105127732	105148822	+
TAF5L	1	229728864	229761869	-
TAF6	7	99704692	99717481	-
TAF6L	11	62538867	62554813	+
TAF7	5	140698056	140700351	-
TAF7L	X	100523245	100548071	-
TAF8	6	42018261	42051010	+
TAF9	5	68660569	68665840	-
TAF9B	X	77385244	77395147	-
TAFA1	3	68040733	68594771	+
TAFA2	12	62102028	62586620	-
TAFA3	1	113261526	113269856	+
TAFA4	3	68780914	68981761	-
TAFA5	22	48885364	49147744	+
TAGAP	6	159455500	159466184	-
TAGLN	11	117070009	117078181	+
TAGLN2	1	159887900	159895297	-
TAGLN3	3	111717585	111732735	+
TAL1	1	47681961	47698007	-
TAL2	9	108424737	108425403	+
TALAM1	11	65266782	65274903	-
TALDO1	11	747463	765012	+
TAMALIN	12	52400729	52409673	+
TAMALIN-AS1	12	52400033	52401439	-
TAMM41	3	11831915	11888359	-
TANC1	2	159825145	160089170	+
TANC2	17	61043595	61505062	+
TANGO2	22	20004522	20054687	+
TANGO6	16	68877433	69119085	+
TANK	2	161993465	162092724	+
TAOK1	17	27717380	27878921	+
TAOK2	16	29985188	30003582	+
TAOK3	12	118587605	118810712	-
TAP1	6	32812985	32821481	-
TAP2	6	32789609	32806547	-
TAPBP	6	33267470	33282164	-
TAPBPL	12	6560839	6571488	+
TAPT1	4	16162127	16228094	-
TAPT1-AS1	4	16228285	16259810	+
TARBP1	1	234527058	234614925	-
TARBP2	12	53894704	53900215	+
TARDBP	1	11072710	11085549	+
TARDBPP3	2	239140326	239142985	+
TARID	6	133823389	134210144	-
TARM1	19	54573148	54584634	-
TARP	7	38299243	38313248	-
TARS1	5	33440801	33468196	+
TARS2	1	150459894	150480078	+
TARS3	15	102193798	102264676	-
TAS1R1	1	6615366	6639815	+
TAS1R2	1	19166092	19186154	-
TAS1R3	1	1266659	1270694	+
TAS2R1	5	9627458	9630463	-
TAS2R10	12	10977944	10978868	-
TAS2R13	12	11060524	11062161	-
TAS2R14	12	11090852	11091806	-
TAS2R16	7	122634757	122635754	-
TAS2R19	12	11174217	11175219	-
TAS2R20	12	11148560	11150903	-
TAS2R3	7	141463896	141464997	+
TAS2R30	12	11285883	11286843	-
TAS2R31	12	11182985	11184006	-
TAS2R38	7	141672430	141673573	-
TAS2R39	7	142880511	142881528	+
TAS2R4	7	141476473	141481491	+
TAS2R40	7	142919129	142920172	+
TAS2R41	7	143174965	143175889	+
TAS2R42	12	11338598	11339543	-
TAS2R43	12	11243885	11244912	-
TAS2R46	12	11213963	11214893	-
TAS2R5	7	141490016	141491167	+
TAS2R50	12	11138511	11139511	-
TAS2R60	7	143140545	143141502	+
TAS2R7	12	10954130	10955226	-
TAS2R8	12	10958649	10959885	-
TAS2R9	12	10961692	10962767	-
TASL	X	30576938	30595883	-
TASOR	3	56654159	56717293	-
TASOR2	10	5726800	5805703	+
TASP1	20	13370035	13619583	-
TAT	16	71599562	71610995	-
TAT-AS1	16	71598918	71606341	+
TATDN1	8	125500735	125551329	-
TATDN2	3	10290142	10322902	+
TATDN3	1	212965169	212990172	+
TAX1BP1	7	27778991	27869386	+
TAX1BP3	17	3566186	3571973	-
TAZ	X	153639874	153650063	+
TBATA	10	72530993	72545133	-
TBC1D1	4	37892704	38140796	+
TBC1D10A	22	30687978	30722930	-
TBC1D10B	16	30368422	30381815	-
TBC1D10C	11	67171383	67177561	+
TBC1D12	10	96162297	96296089	+
TBC1D13	9	131549485	131572711	+
TBC1D14	4	6911170	7034845	+
TBC1D15	12	72233538	72321030	+
TBC1D16	17	77906141	78009671	-
TBC1D17	19	50380958	50392007	+
TBC1D19	4	26585545	26757845	+
TBC1D2	9	100961279	101017931	-
TBC1D20	20	416123	443177	-
TBC1D21	15	74165904	74181555	+
TBC1D22A	22	47158513	47571342	+
TBC1D22A-AS1	22	47309987	47311938	-
TBC1D22B	6	37225547	37300746	+
TBC1D23	3	99979835	100044080	+
TBC1D24	16	2525127	2555729	+
TBC1D25	X	48398006	48420997	+
TBC1D26	17	15635590	15648098	+
TBC1D27P	17	16826089	16836490	-
TBC1D28	17	18538841	18547740	-
TBC1D2B	15	78287326	78370053	-
TBC1D3	17	36284004	36348621	+
TBC1D30	12	65153276	65274813	+
TBC1D31	8	124084946	124177413	+
TBC1D32	6	121400639	121655875	-
TBC1D3B	17	34797171	34808092	-
TBC1D3C	17	36283976	36348649	-
TBC1D3D	17	36284016	36348609	+
TBC1D3E	17	36284018	36348607	-
TBC1D3F	17	34581084	36348621	-
TBC1D3G	17	34581084	36348609	-
TBC1D3H	17	34581028	36348623	-
TBC1D3I	17	36284016	36348609	-
TBC1D3J	17	36337714	36345483	-
TBC1D3K	17	36284016	36348609	+
TBC1D3L	17	34581084	36348621	-
TBC1D3P1-DHX40P1	17	58039723	58096413	-
TBC1D3P2	17	60342066	60353016	-
TBC1D3P5	17	25745030	25758649	+
TBC1D4	13	75857638	76056305	-
TBC1D5	3	17198653	17784231	-
TBC1D7	6	13305183	13328815	-
TBC1D7-LOC100130357	6	13266773	13328815	-
TBC1D8	2	101623689	101767909	-
TBC1D8-AS1	2	101768121	101771874	+
TBC1D8B	X	106045902	106119377	+
TBC1D9	4	141541935	141677539	-
TBC1D9B	5	179289070	179334897	-
TBCA	5	76986990	77072185	-
TBCB	19	36605887	36616850	+
TBCC	6	42712235	42713841	-
TBCCD1	3	186263855	186288332	-
TBCD	17	80709940	80903790	+
TBCE	1	235530674	235615756	+
TBCEL	11	120894810	120961485	+
TBCEL-TECTA	11	120894810	121062199	+
TBCK	4	106962755	107237840	-
TBILA	3	111852269	111854206	+
TBK1	12	64845899	64895893	+
TBKBP1	17	45772629	45789429	+
TBL1X	X	9431334	9687780	+
TBL1XR1	3	176737131	176915270	-
TBL1Y	Y	6778726	6959724	+
TBL2	7	72981867	72992909	-
TBL3	16	2022053	2032920	+
TBP	6	170863420	170881958	+
TBPL1	6	134273307	134311568	+
TBPL2	14	55880929	55907263	-
TBR1	2	162272807	162282381	+
TBRG1	11	124492759	124505822	+
TBRG4	7	45139698	45151346	-
TBX1	22	19744225	19771112	+
TBX10	11	67398773	67407031	-
TBX15	1	119425669	119532133	-
TBX18	6	85442215	85474316	-
TBX18-AS1	6	85399175	85419252	+
TBX19	1	168250114	168283664	+
TBX2	17	59477203	59486827	+
TBX2-AS1	17	59470816	59476967	-
TBX20	7	35242041	35293711	-
TBX21	17	45810601	45823488	+
TBX22	X	79270251	79287273	+
TBX3	12	115108059	115121980	-
TBX4	17	59529782	59562471	+
TBX5	12	114791715	114846247	-
TBX5-AS1	12	114845999	114850637	+
TBX6	16	30097114	30103245	-
TBXA2R	19	3594504	3606873	-
TBXAS1	7	139478040	139720120	+
TBXT	6	166571145	166582143	-
TC2N	14	92246089	92333880	-
TCAF1	7	143548467	143599269	-
TCAF2	7	143318066	143427503	+
TCAF2P1	7	143339346	143512482	-
TCAIM	3	44379610	44450940	+
TCAM1P	17	61934375	61941739	+
TCAP	17	37821601	37822807	+
TCEA1	8	54879115	54935008	-
TCEA2	20	62688324	62703700	+
TCEA3	1	23707401	23751241	-
TCEAL1	X	102883643	102885876	+
TCEAL2	X	101380650	101382684	+
TCEAL3	X	102862833	102864855	+
TCEAL4	X	102831158	102842664	+
TCEAL5	X	102528618	102531678	-
TCEAL6	X	101393473	101397453	-
TCEAL7	X	102585113	102587254	+
TCEAL8	X	102507922	102510121	-
TCEAL9	X	102611433	102613390	+
TCEANC	X	13671259	13683527	+
TCEANC2	1	54519280	54578193	+
TCERG1	5	145826895	145891522	+
TCERG1L	10	132890653	133109984	-
TCERG1L-AS1	10	132893480	132894040	+
TCF12	15	57210287	57583459	+
TCF15	20	584636	590910	-
TCF19	6	31126365	31131992	+
TCF20	22	42556018	42679933	-
TCF21	6	134210250	134216675	+
TCF23	2	27371871	27379842	+
TCF24	8	67858735	67874826	-
TCF25	16	89939999	89977787	+
TCF3	19	1609290	1652614	-
TCF4	18	52889415	53303188	-
TCF4-AS1	18	53119763	53150171	+
TCF7	5	133450371	133483920	+
TCF7L1	2	85360514	85537510	+
TCF7L1-IT1	2	85413531	85414376	+
TCF7L2	10	114710005	114927436	+
TCFL5	20	61472356	61493174	-
TCHH	1	152078792	152087930	-
TCHHL1	1	152056616	152061540	-
TCHP	12	110338078	110355874	+
TCIM	8	40011000	40012829	+
TCIRG1	11	67806491	67818366	+
TCL1A	14	96176283	96180462	-
TCL1B	14	96152762	96158965	+
TCL6	14	96118433	96139789	+
TCN1	11	59620280	59633960	-
TCN2	22	31003069	31023258	+
TCOF1	5	149737201	149779871	+
TCP1	6	160199529	160210735	-
TCP10L	21	33946031	33957833	-
TCP10L3	6	167786577	167797998	-
TCP11	6	35085840	35109187	-
TCP11L1	11	33061117	33095109	+
TCP11L2	12	106696510	106740781	+
TCP11X1	X	101470279	101726732	-
TCP11X2	X	101470279	101726732	-
TCTA	3	49449638	49453909	+
TCTE1	6	44246470	44265435	-
TCTE3	6	170140204	170151668	-
TCTEX1D1	1	67218141	67244730	+
TCTEX1D2	3	196018089	196045111	-
TCTEX1D4	1	45271564	45273023	-
TCTN1	12	111051933	111087235	+
TCTN2	12	124155659	124192944	+
TCTN3	10	97423152	97453900	-
TDG	12	104359581	104382656	+
TDGF1	3	46616024	46623947	+
TDGF1P3	X	109763539	109766249	+
TDH	8	11197145	11225961	+
TDO2	4	156824847	156841558	+
TDP1	14	90422270	90511108	+
TDP2	6	24650206	24667127	-
TDRD1	10	115939045	115992425	+
TDRD10	1	154474694	154520623	+
TDRD12	19	33210672	33320485	+
TDRD15	2	21346839	21367240	+
TDRD3	13	60970590	61148013	+
TDRD5	1	179560747	179660407	+
TDRD6	6	46648004	46672056	+
TDRD7	9	100174377	100258405	+
TDRD9	14	104394792	104519004	+
TDRG1	6	40346075	40347632	+
TDRKH	1	151744043	151763010	-
TDRKH-AS1	1	151763224	151766878	+
TDRP	8	439945	495780	-
TEAD1	11	12695967	12966284	+
TEAD2	19	49843852	49865673	-
TEAD3	6	35441373	35464856	-
TEAD4	12	3068562	3149842	+
TEC	4	48137799	48271855	-
TECPR1	7	97843935	97881544	-
TECPR2	14	102829277	102968811	+
TECR	19	14640371	14676792	+
TECRL	4	65142017	65275178	-
TECTA	11	120971951	121062199	+
TECTB	10	114043157	114064796	+
TEDC1	14	105956191	105965585	+
TEDC2	16	2510109	2514964	+
TEDDM1	1	182367251	182369802	-
TEF	22	41763336	41795332	+
TEFM	17	29226003	29233256	-
TEK	9	27109138	27230176	+
TEKT1	17	6701312	6735048	-
TEKT2	1	36549694	36553876	+
TEKT3	17	15207128	15244914	-
TEKT4	2	95537174	95542568	+
TEKT4P2	21	9907188	9968594	-
TEKT5	16	10721358	10788787	-
TELO2	16	1543360	1560455	+
TEMN3-AS1	4	182741157	182751126	-
TEN1	17	73975320	73996667	+
TEN1-CDK3	17	73975297	74002080	+
TENM1	X	123509752	124097666	-
TENM2	5	166500246	167691162	+
TENM3	4	183164554	183724177	+
TENM3-AS1	4	183059812	183065668	-
TENM4	11	78363873	79152074	-
TENT2	5	78908239	78984068	+
TENT4A	5	6713544	6757157	+
TENT4B	16	50186821	50269219	+
TENT5A	6	82455446	82462398	-
TENT5B	1	27331510	27339341	-
TENT5C	1	118148669	118171011	+
TENT5D	X	79591002	79700810	+
TEP1	14	20833825	20881660	-
TEPP	16	58010447	58022017	+
TEPSIN	17	79202076	79212855	-
TERB1	16	66788542	66835487	-
TERB2	15	45248884	45271426	+
TERC	3	169482397	169482848	-
TERF1	8	73921098	73960358	+
TERF2	16	69389469	69419910	-
TERF2IP	16	75681634	75691340	+
TERT	5	1253262	1295183	-
TES	7	115850592	115898837	+
TESC	12	117476727	117537251	-
TESC-AS1	12	117537271	117579294	+
TESK1	9	35605258	35610030	+
TESK2	1	45809554	45956835	-
TESMIN	11	68474907	68518988	-
TESPA1	12	55341799	55378546	-
TET1	10	70320093	70454242	+
TET2	4	106067031	106200960	+
TET2-AS1	4	106092510	106274038	-
TET3	2	74212036	74335302	+
TEX10	9	103064356	103115224	-
TEX101	19	43892762	43922767	+
TEX11	X	69748789	70128561	-
TEX12	11	112038094	112043279	+
TEX13A	X	104463610	104465378	-
TEX13B	X	107224093	107225600	-
TEX13C	X	124453719	124459063	+
TEX13D	X	123466509	123470713	+
TEX14	17	56634038	56769406	-
TEX15	8	30689059	30770524	-
TEX19	17	80317122	80321651	+
TEX2	17	62224586	62340620	-
TEX21P	14	64812190	64814329	-
TEX22	14	105864874	105880196	+
TEX26	13	31506792	31549637	+
TEX26-AS1	13	31456971	31506745	-
TEX261	2	71213071	71222003	-
TEX264	3	51705190	51738339	+
TEX28	X	153498929	153523564	-
TEX29	13	111968531	111996595	+
TEX30	13	103418237	103426136	-
TEX33	22	37387165	37403892	-
TEX35	1	178482243	178492641	+
TEX36	10	127265090	127371732	-
TEX36-AS1	10	127262939	127267014	+
TEX37	2	88824166	88829103	+
TEX38	1	47137525	47139256	+
TEX41	2	145425533	145834291	+
TEX43	5	125967396	125971976	+
TEX44	2	232457574	232458987	+
TEX45	19	7562433	7573336	+
TEX46	1	23337326	23342345	-
TEX47	7	88423419	88425051	-
TEX48	9	117428713	117444472	-
TEX49	12	49121217	49159571	+
TEX50	1	173604476	173606269	+
TEX51	2	127656465	127659673	+
TEX52	12	2958212	2966205	-
TEX53	9	117418583	117420085	-
TEX55	3	118865011	118870303	+
TEX9	15	56536170	56738081	+
TF	3	133380841	133515485	+
TFAM	10	60144902	60158990	+
TFAMP1	7	1654105	1656328	+
TFAP2A	6	10396909	10420293	-
TFAP2A-AS1	6	10412550	10416402	+
TFAP2A-AS2	6	10404734	10408160	+
TFAP2B	6	50786583	50815332	+
TFAP2C	20	55204361	55214338	+
TFAP2D	6	50681238	50740746	+
TFAP2E	1	36038914	36060927	+
TFAP4	16	4307186	4323024	-
TFB1M	6	155551004	155635618	-
TFB2M	1	246703862	246729563	-
TFCP2	12	51487439	51566918	-
TFCP2L1	2	121974163	122042778	-
TFDP1	13	114239002	114295788	+
TFDP2	3	141663269	141868386	-
TFDP3	X	132350689	132352382	-
TFE3	X	48886237	48900883	-
TFEB	6	41651715	41703961	-
TFEC	7	115575201	115670817	-
TFF1	21	43782390	43786644	-
TFF2	21	43766466	43771103	-
TFF3	21	43731776	43735519	-
TFG	3	100428133	100467811	+
TFIP11	22	26887205	26908472	-
TFPI	2	188328956	188419232	-
TFPI2	7	93514707	93520065	-
TFPI2-DT	7	93520205	93522897	+
TFPT	19	54610319	54619055	-
TFR2	7	100218038	100239175	-
TFRC	3	195776154	195808961	-
TG	8	133879202	134147143	+
TGDS	13	95226307	95248406	-
TGFA	2	70674415	70780958	-
TGFA-IT1	2	70694516	70708772	-
TGFB1	19	41836227	41859827	-
TGFB1I1	16	31483472	31489281	+
TGFB2	1	218518625	218617961	+
TGFB2-AS1	1	218517537	218519020	-
TGFB2-OT1	1	218615967	218617337	+
TGFB3	14	76424403	76449354	-
TGFBI	5	135364676	135399507	+
TGFBR1	9	101867394	101916473	+
TGFBR2	3	30647993	30735633	+
TGFBR3	1	92145899	92371559	-
TGFBR3L	19	7979714	7983982	+
TGFBRAP1	2	105865864	105946192	-
TGIF1	18	3412006	3459976	+
TGIF2	20	35201875	35222355	+
TGIF2-RAB5IF	20	35202917	35240960	+
TGIF2LX	X	89176906	89177882	+
TGIF2LY	Y	3447107	3448082	+
TGM1	14	24718319	24732383	-
TGM2	20	36755786	36794910	-
TGM3	20	2276646	2321725	+
TGM4	3	44916099	44956481	+
TGM5	15	43524787	43559126	-
TGM6	20	2361546	2413399	+
TGM7	15	43568468	43594453	-
TGOLN2	2	85545149	85555112	-
TGS1	8	56686004	56739004	+
TH	11	2185158	2193045	-
TH2LCRR	5	131966280	131991846	-
THADA	2	43457974	43823185	-
THAP1	8	42691816	42698474	-
THAP10	15	71173680	71184772	-
THAP11	16	67876222	67878098	+
THAP12	11	76061000	76092176	-
THAP2	12	72058080	72074423	+
THAP3	1	6684924	6695646	+
THAP4	2	242523819	242576573	-
THAP5	7	108202575	108210212	-
THAP6	4	76439682	76472532	+
THAP7	22	21353392	21356407	-
THAP7-AS1	22	21356210	21364663	+
THAP8	19	36525885	36545664	-
THAP9	4	83821802	83841122	+
THAP9-AS1	4	83814604	83822069	-
THBD	20	23026269	23030309	-
THBS1	15	39873279	39891667	+
THBS2	6	169615879	169653941	-
THBS3	1	155165378	155177772	-
THBS4	5	79287118	79379107	+
THBS4-AS1	5	79362171	79379488	-
THCAT155	12	3592877	3601985	-
THCAT158	17	45380811	45401267	-
THEG	19	361746	376026	-
THEG5	19	32079094	32084687	+
THEGL	4	57396771	57469673	+
THEM4	1	151843342	151881987	-
THEM5	1	151819576	151826188	-
THEM6	8	143808640	143818345	+
THEMIS	6	128029338	128239776	-
THEMIS2	1	28199053	28213196	+
THG1L	5	157158427	157168457	+
THNSL1	10	25305540	25315593	+
THNSL2	2	88469813	88486156	+
THOC1	18	214519	268047	-
THOC2	X	122734420	122866902	-
THOC3	5	175386533	175395318	-
THOC5	22	29901867	29949746	-
THOC6	16	3074035	3077751	+
THOC7	3	63819545	63849599	-
THOC7-AS1	3	63846320	63847495	+
THOP1	19	2785500	2815805	+
THORLNC	2	118940497	118943962	-
THPO	3	184089722	184097476	-
THRA	17	38218445	38250120	+
THRA1/BTR	17	46371708	46385191	+
THRAP3	1	36690043	36770957	+
THRB	3	24158644	24537199	-
THRB-AS1	3	24535577	24541502	+
THRB-AS2	3	24192814	24231447	+
THRIL	12	125509988	125511969	-
THRSP	11	77774906	77779397	+
THSD1	13	52951302	52980307	-
THSD4	15	71433787	72075722	+
THSD4-AS1	15	71459150	71481398	-
THSD4-AS2	15	71981039	71983878	-
THSD7A	7	11409991	11871824	-
THSD7B	2	137523114	138435288	+
THTPA	14	23980968	24029480	+
THUMPD1	16	20744985	20753140	-
THUMPD2	2	39963199	40006416	-
THUMPD3	3	9404737	9428475	+
THUMPD3-AS1	3	9426947	9439178	-
THY1	11	119286185	119295695	-
THYN1	11	134118175	134123246	-
TIA1	2	70436575	70475925	-
TIAF1	17	27400538	27402627	-
TIAL1	10	121332977	121356541	-
TIAM1	21	32490735	32931400	-
TIAM2	6	155316448	155578857	+
TICAM1	19	4815943	4831724	-
TICAM2	5	114914192	114938176	-
TICRR	15	90118699	90171253	+
TIE1	1	43766652	43788779	+
TIFA	4	113195692	113207060	-
TIFAB	5	134779915	134788041	-
TIGAR	12	4430378	4469190	+
TIGD1	2	233408592	233415267	-
TIGD2	4	90032319	90036052	+
TIGD3	11	65122221	65125082	+
TIGD4	4	153690505	153700882	-
TIGD5	8	144680000	144685394	+
TIGD6	5	149372681	149380217	-
TIGD7	16	3348807	3355430	-
TIGIT	3	114012874	114029135	+
TIMD4	5	156346302	156390237	-
TIMELESS	12	56810146	56843210	-
TIMM10	11	57295936	57298227	-
TIMM10B	11	6502730	6505911	+
TIMM13	19	2425622	2427584	-
TIMM17A	1	201924630	201939792	+
TIMM17B	X	48750729	48755426	-
TIMM21	18	71815757	71827766	+
TIMM22	17	900368	906911	+
TIMM23	10	51592080	51623386	-
TIMM23B	10	51371378	51734610	+
TIMM23B-AGAP6	10	51371398	51770276	+
TIMM29	19	11039486	11040930	+
TIMM44	19	7991602	8008551	-
TIMM50	19	39971477	39984419	+
TIMM8A	X	100600648	100603730	-
TIMM8B	11	111955535	111957480	-
TIMM9	14	58875211	58894332	-
TIMMDC1	3	119217393	119243937	+
TIMP1	X	47441834	47446188	+
TIMP2	17	76849058	76921469	-
TIMP3	22	33197690	33259028	+
TIMP4	3	12194567	12200412	-
TINAG	6	54173238	54254940	+
TINAGL1	1	32042085	32053287	+
TINCR	19	5558177	5568045	-
TINF2	14	24708845	24711880	-
TIPARP	3	156392378	156424557	+
TIPARP-AS1	3	156390959	156393502	-
TIPIN	15	66628528	66649054	-
TIPRL	1	168148199	168171347	+
TIRAP	11	126152981	126164828	+
TJAP1	6	43445260	43474294	+
TJP1	15	29991570	30261252	-
TJP2	9	71736179	71870124	+
TJP3	19	3708381	3750811	+
TK1	17	76170159	76183285	-
TK2	16	66541905	66584315	-
TKFC	11	61100653	61120898	+
TKT	3	53258722	53290130	-
TKTL1	X	153524147	153558700	+
TKTL2	4	164392246	164394906	-
TLCD1	17	27051365	27053949	-
TLCD2	17	1606109	1613671	-
TLCD3A	17	635785	646208	+
TLCD3B	16	30035743	30047851	-
TLCD4	1	95558072	95663161	+
TLCD4-RWDD3	1	95583478	95710509	+
TLCD5	11	120196007	120204395	+
TLDC2	20	35504523	35522634	+
TLE1	9	84198597	84304462	-
TLE2	19	2997635	3047633	-
TLE3	15	70340129	70390256	-
TLE4	9	82186687	82341796	+
TLE5	19	3052907	3062964	-
TLE6	19	2977561	2995177	+
TLE7	16	71463883	71475957	-
TLK1	2	171847332	172087803	-
TLK2	17	60555171	60692841	+
TLL1	4	166794388	167025609	+
TLL2	10	98124364	98273683	-
TLN1	9	35696944	35732192	-
TLN2	15	62939509	63136829	+
TLNRD1	15	81293263	81298129	+
TLR1	4	38797875	38806412	-
TLR10	4	38773858	38784611	-
TLR2	4	154605431	154627412	+
TLR3	4	186990309	187009227	+
TLR4	9	120466680	120487013	+
TLR5	1	223282745	223316590	-
TLR6	4	38825328	38858438	-
TLR7	X	12885190	12908480	+
TLR8	X	12924738	12941288	+
TLR8-AS1	X	12920935	12961419	-
TLR9	3	52255095	52260179	-
TLX1	10	102891056	102897546	+
TLX1NB	10	102849077	102901023	-
TLX2	2	74741576	74744275	+
TLX3	5	170736251	170739143	+
TM2D1	1	62146717	62191095	-
TM2D2	8	38846326	38854028	-
TM2D3	15	102173179	102192594	-
TM4SF1	3	149086808	149095436	-
TM4SF1-AS1	3	149095564	149104370	+
TM4SF18	3	149036284	149051423	-
TM4SF19	3	196050417	196065259	-
TM4SF19-AS1	3	196045202	196052441	+
TM4SF19-TCTEX1D2	3	196042955	196065291	-
TM4SF20	2	228226753	228244022	-
TM4SF4	3	149192483	149221181	+
TM4SF5	17	4675180	4686506	+
TM6SF1	15	83776396	83806158	+
TM6SF2	19	19375175	19384110	-
TM7SF2	11	64879325	64883707	+
TM7SF3	12	27124515	27167317	-
TM9SF1	14	24658348	24664942	-
TM9SF2	13	100153725	100216302	+
TM9SF3	10	98277866	98346769	-
TM9SF4	20	30697516	30755061	+
TMA16	4	164415841	164441691	+
TMA7	3	48481666	48485616	+
TMBIM1	2	219138914	219157300	-
TMBIM4	12	66529625	66563852	-
TMBIM6	12	50135339	50158717	+
TMBIM7P	7	92041863	92066628	-
TMC1	9	75136523	75453213	+
TMC2	20	2517218	2624226	+
TMC3	15	81623428	81666554	-
TMC3-AS1	15	81616673	81735417	+
TMC4	19	54663845	54676854	-
TMC5	16	19421860	19510434	+
TMC6	17	76103477	76128508	-
TMC7	16	18995255	19075262	+
TMC8	17	76126851	76139049	+
TMCC1	3	129366634	129612554	-
TMCC1-AS1	3	129612713	129627755	+
TMCC2	1	205197073	205242471	+
TMCC3	12	94960897	95044333	-
TMCO1	1	165693527	165738159	-
TMCO1-AS1	1	165738165	165744685	+
TMCO2	1	40713608	40717355	+
TMCO3	13	114145335	114204544	+
TMCO4	1	20008705	20126409	-
TMCO5A	15	38226807	38287237	+
TMCO5B	15	33528676	33539756	-
TMCO6	5	140019011	140024993	+
TMED1	19	10942742	10946888	-
TMED10	14	75598171	75643315	-
TMED10P1	8	146220250	146224283	+
TMED11P	4	1108984	1116952	-
TMED2	12	124069098	124083129	+
TMED2-DT	12	124065612	124068874	-
TMED3	15	79603403	79706228	+
TMED4	7	44617493	44621894	-
TMED5	1	93615298	93645970	-
TMED6	16	69377155	69385689	-
TMED7	5	114948906	114961733	-
TMED7-TICAM2	5	114914192	114961876	-
TMED8	14	77801363	77843437	-
TMED9	5	177019203	177024243	+
TMEFF1	9	103235430	103339918	+
TMEFF2	2	192813771	193059659	-
TMEM100	17	53796987	53809442	-
TMEM101	17	42088555	42100519	-
TMEM102	17	7338753	7340998	+
TMEM104	17	72772637	72835922	+
TMEM105	17	79285064	79304474	-
TMEM106A	17	41363893	41372057	+
TMEM106B	7	12250919	12282993	+
TMEM106C	12	48357329	48362661	+
TMEM107	17	8075774	8079698	-
TMEM108	3	132757131	133116619	+
TMEM108-AS1	3	132965291	132975965	-
TMEM109	11	60681629	60690915	+
TMEM11	17	21101266	21117474	-
TMEM114	16	8576550	8622226	-
TMEM115	3	50392180	50396952	-
TMEM116	12	112369086	112451023	-
TMEM117	12	44229663	44783545	+
TMEM119	12	108983626	108991860	-
TMEM120A	7	75616148	75623913	-
TMEM120B	12	122150657	122219974	+
TMEM121	14	105992919	105996539	+
TMEM121B	22	17597186	17602250	-
TMEM123	11	102267064	102323496	-
TMEM125	1	43735653	43739673	+
TMEM126A	11	85358962	85367597	+
TMEM126B	11	85339616	85347584	+
TMEM127	2	96914251	96931735	-
TMEM128	4	4237268	4249969	-
TMEM129	4	1717678	1723084	-
TMEM130	7	98444112	98467637	-
TMEM131	2	98372800	98612411	-
TMEM131L	4	154387497	154557862	+
TMEM132A	11	60691931	60704631	+
TMEM132B	12	125670931	126146923	+
TMEM132C	12	128751947	129192460	+
TMEM132D	12	129556270	130388570	-
TMEM132D-AS1	12	129594234	129597843	+
TMEM132D-AS2	12	129693145	129697205	+
TMEM132E	17	32906600	32966337	+
TMEM134	11	67229180	67236722	-
TMEM135	11	86748975	87039866	+
TMEM138	11	61129845	61136980	+
TMEM139	7	142981991	142985142	+
TMEM139-AS1	7	142952391	142983427	-
TMEM140	7	134832823	134850967	+
TMEM141	9	139685795	139687769	+
TMEM143	19	48835612	48867197	-
TMEM144	4	159131637	159176565	+
TMEM145	19	42817460	42829216	+
TMEM147	19	36036527	36038428	+
TMEM147-AS1	19	36031639	36036931	-
TMEM14A	6	52535910	52551385	+
TMEM14B	6	10747991	10760006	+
TMEM14C	6	10723147	10731362	+
TMEM14EP	3	152057486	152058779	-
TMEM150A	2	85825669	85829822	-
TMEM150B	19	55824168	55836709	-
TMEM150C	4	83404328	83483406	-
TMEM151A	11	66059364	66064135	+
TMEM151B	6	44238186	44247181	+
TMEM154	4	153539779	153601149	-
TMEM156	4	38968365	39034029	-
TMEM158	3	45265957	45267779	-
TMEM159	16	21169994	21191937	+
TMEM160	19	47549166	47551882	-
TMEM161A	19	19229977	19249287	-
TMEM161B	5	87484132	87564696	-
TMEM161B-AS1	5	87564698	87732491	+
TMEM163	2	135213329	135476570	-
TMEM164	X	109245862	109427477	+
TMEM165	4	56262123	56292342	+
TMEM167A	5	82348664	82373213	-
TMEM167B	1	109633385	109639556	+
TMEM168	7	112402431	112430448	-
TMEM169	2	216946588	216967506	+
TMEM17	2	62727353	62733330	-
TMEM170A	16	75476951	75498635	-
TMEM170B	6	11537981	11583757	+
TMEM171	5	72416401	72427636	+
TMEM174	5	72469019	72470970	+
TMEM175	4	926174	952443	+
TMEM176A	7	150497856	150502206	+
TMEM176B	7	150488375	150498448	-
TMEM177	2	120436742	120481193	+
TMEM178A	2	39892637	39945103	+
TMEM178B	7	140773863	141180179	+
TMEM179	14	105057200	105071109	-
TMEM179B	11	62554873	62557872	+
TMEM18	2	663877	677406	-
TMEM181	6	158957671	159056461	+
TMEM182	2	103353393	103434138	+
TMEM183A	1	202976494	202993976	+
TMEM183B	3	149699463	149701153	-
TMEM184A	7	1581870	1595841	-
TMEM184B	22	38615297	38669016	-
TMEM184C	4	148538547	148557872	+
TMEM185A	X	148678215	148713568	-
TMEM185B	2	120975054	120980976	-
TMEM186	16	8889036	8891496	-
TMEM187	X	153238204	153248645	+
TMEM19	12	72079861	72098827	+
TMEM190	19	55888193	55889614	+
TMEM191A	22	21055401	21058891	+
TMEM191B	22	20377668	20380440	+
TMEM191C	22	21821458	21824224	+
TMEM192	4	165991759	166034012	-
TMEM196	7	19758937	19813240	-
TMEM198	2	220408384	220415317	+
TMEM198B	12	56223391	56230030	+
TMEM199	17	26684669	26690705	+
TMEM200A	6	130687161	130764210	+
TMEM200B	1	29445936	29450415	-
TMEM200C	18	5889410	5895953	-
TMEM201	1	9648968	9674935	+
TMEM202	15	72690645	72700708	+
TMEM202-AS1	15	72700119	72766580	-
TMEM203	9	140098534	140100100	-
TMEM204	16	1578678	1605569	+
TMEM205	19	11453451	11456981	-
TMEM207	3	190146444	190167665	-
TMEM208	16	67261032	67263181	+
TMEM209	7	129804552	129845246	-
TMEM210	9	140065309	140066508	-
TMEM211	22	25330920	25342662	-
TMEM212	3	171561138	171577108	+
TMEM212-AS1	3	171594141	171618530	-
TMEM213	7	138482738	138491504	+
TMEM214	2	27255832	27264562	+
TMEM215	9	32783537	32789199	+
TMEM216	11	61159831	61166335	+
TMEM217	6	37179953	37225931	-
TMEM218	11	124964284	124981522	-
TMEM219	16	29973399	29984369	+
TMEM220	17	10614452	10633646	-
TMEM220-AS1	17	10633093	10718481	+
TMEM221	19	17546317	17559477	-
TMEM222	1	27648635	27662891	+
TMEM223	11	62557442	62559478	-
TMEM225	11	123753626	123756377	-
TMEM225B	7	99195889	99208668	+
TMEM229A	7	123670974	123673121	-
TMEM229B	14	67936982	68000567	-
TMEM230	20	5049027	5093733	-
TMEM231	16	75570638	75590184	-
TMEM232	5	109755196	110062372	-
TMEM233	12	120031578	120080880	+
TMEM234	1	32680077	32687972	-
TMEM235	17	76227373	76237068	+
TMEM236	10	17794199	18089854	+
TMEM237	2	202484908	202508226	-
TMEM238	19	55890611	55895660	-
TMEM238L	17	10698229	10707416	-
TMEM239	20	2796947	2800930	+
TMEM240	1	1470157	1476004	-
TMEM241	18	20875978	21017933	-
TMEM242	6	157710056	157744551	-
TMEM243	7	86825475	86849903	-
TMEM244	6	130152388	130182460	-
TMEM245	9	111777414	111882227	-
TMEM246-AS1	9	104230720	104243788	+
TMEM247	2	46706703	46711564	+
TMEM248	7	66386211	66423538	+
TMEM249	8	145576885	145579269	-
TMEM25	11	118401906	118418001	+
TMEM250	9	139006426	139010721	-
TMEM251	14	93651318	93654808	+
TMEM252	9	71151497	71155799	-
TMEM253	14	21567095	21571883	+
TMEM254	10	81838401	81852307	+
TMEM254-AS1	10	81805988	81838949	-
TMEM255A	X	119392504	119445391	-
TMEM255B	13	114462198	114519968	+
TMEM256	17	7306294	7307416	-
TMEM256-PLSCR3	17	7293045	7307450	-
TMEM258	11	61556420	61560071	-
TMEM259	19	1009651	1021122	-
TMEM26	10	63166399	63213139	-
TMEM26-AS1	10	63212396	63253189	+
TMEM260	14	57046515	57116232	+
TMEM262	11	64855847	64856582	-
TMEM263	12	107349499	107367815	+
TMEM265	16	30751962	30756517	+
TMEM266	15	76352325	76497304	+
TMEM267	5	43444353	43484489	-
TMEM268	9	117373570	117408698	+
TMEM269	1	43250702	43266489	+
TMEM269-DT	1	43242336	43250566	-
TMEM270	7	73275488	73280220	+
TMEM271	4	567668	570084	-
TMEM272	13	52387482	52419313	-
TMEM273	10	50362780	50396436	-
TMEM274P	1	10010629	10020845	-
TMEM275	1	46997837	47001187	-
TMEM30A	6	75962640	75994508	-
TMEM30A-DT	6	75994729	76001580	+
TMEM30B	14	61744088	61748056	-
TMEM30CP	3	99904667	99913030	+
TMEM31	X	102965836	102968960	+
TMEM33	4	41937445	41962820	+
TMEM35A	X	100333867	100351355	+
TMEM35B	1	35447126	35450948	-
TMEM37	2	120189429	120196080	+
TMEM38A	19	16771949	16800834	+
TMEM38B	9	108456821	108538910	+
TMEM39A	3	119147795	119182462	-
TMEM39B	1	32537631	32568467	+
TMEM40	3	12775026	12810956	-
TMEM41A	3	185207388	185216823	-
TMEM41B	11	9302200	9336140	-
TMEM42	3	44903403	44907154	+
TMEM43	3	14166551	14185180	+
TMEM44	3	194308406	194354148	-
TMEM44-AS1	3	194304996	194311561	+
TMEM45A	3	100211462	100296288	+
TMEM45B	11	129685675	129729898	+
TMEM47	X	34645191	34675402	-
TMEM50A	1	25664824	25688852	+
TMEM50B	21	34804792	34852316	-
TMEM51	1	15479027	15546974	+
TMEM51-AS1	1	15438310	15478960	-
TMEM52	1	1849029	1850718	-
TMEM52B	12	10323111	10344403	+
TMEM53	1	45118918	45140280	-
TMEM54	1	33360195	33366990	-
TMEM59	1	54492353	54519246	-
TMEM59L	19	18723679	18731849	+
TMEM60	7	77423044	77427751	-
TMEM61	1	55446300	55457961	+
TMEM62	15	43425312	43477341	+
TMEM63A	1	226033237	226070080	-
TMEM63B	6	44094650	44123256	+
TMEM63C	14	77648140	77725838	+
TMEM64	8	91634222	91658311	-
TMEM65	8	125323158	125384940	-
TMEM67	8	94767071	94831466	+
TMEM68	8	56651317	56685937	-
TMEM69	1	46153852	46160108	+
TMEM70	8	74888376	74895018	+
TMEM71	8	133718084	133788245	-
TMEM72	10	45406763	45432458	+
TMEM72-AS1	10	45306471	45455137	-
TMEM74	8	109619078	109799823	-
TMEM74B	20	1161204	1166564	-
TMEM75	8	128958804	128960969	-
TMEM79	1	156252703	156262234	+
TMEM80	11	695638	705028	+
TMEM81	1	205052256	205053588	-
TMEM82	1	16068993	16074477	+
TMEM86A	11	18720325	18726332	+
TMEM86B	19	55738005	55740131	-
TMEM87A	15	42502644	42565782	-
TMEM87B	2	112812845	112876891	+
TMEM88	17	7758383	7759417	+
TMEM88B	1	1361507	1363167	+
TMEM89	3	48658191	48659202	-
TMEM8B	9	35829221	35865512	+
TMEM9	1	201103898	201140710	-
TMEM91	19	41869851	41889987	+
TMEM92	17	48348766	48358846	+
TMEM92-AS1	17	48358941	48365216	-
TMEM94	17	73452715	73496533	+
TMEM95	17	7258474	7260538	+
TMEM97	17	26646225	26655711	+
TMEM98	17	31254927	31271333	+
TMEM99	17	38975396	38992526	+
TMEM9B	11	8968747	8986558	-
TMEM9B-AS1	11	8986221	8997830	+
TMF1	3	69068977	69101484	-
TMIE	3	46735267	46752376	+
TMIGD1	17	28643361	28661075	-
TMIGD2	19	4292224	4302428	-
TMIGD3	1	112025969	112106625	-
TMLHE	X	154718672	154842613	-
TMLHE-AS1	X	154576449	154723771	-
TMOD1	9	100263461	100364025	+
TMOD2	15	52043793	52108558	+
TMOD3	15	52121849	52207921	+
TMOD4	1	151142462	151148457	-
TMPO	12	98909350	98944128	+
TMPO-AS1	12	98906750	98910004	-
TMPPE	3	33131914	33138638	-
TMPRSS11A	4	68775112	68829211	-
TMPRSS11B	4	69092370	69111412	-
TMPRSS11BNL	4	69049846	69083798	-
TMPRSS11D	4	68686593	68749720	-
TMPRSS11E	4	69313180	69363322	+
TMPRSS11F	4	68918915	68995587	-
TMPRSS11GP	4	68857529	68863157	-
TMPRSS12	12	51236708	51281663	+
TMPRSS13	11	117771355	117800168	-
TMPRSS15	21	19641432	19776102	-
TMPRSS2	21	42836231	42880085	-
TMPRSS3	21	43791945	43816161	-
TMPRSS4	11	117947726	117992605	+
TMPRSS5	11	113558267	113577095	-
TMPRSS6	22	37461475	37505753	-
TMPRSS7	3	111758464	111800116	+
TMPRSS9	19	2385262	2426259	+
TMSB10	2	85132779	85133795	+
TMSB15A	X	101768609	101771667	-
TMSB15B	X	103173478	103229008	+
TMSB15B-AS1	X	103136650	103174131	-
TMSB4X	X	12993228	12995339	+
TMSB4Y	Y	15815778	15817902	+
TMTC1	12	29653745	29937692	-
TMTC2	12	83080684	83528644	+
TMTC3	12	88536083	88593664	+
TMTC4	13	101255880	101327049	-
TMUB1	7	150778171	150780580	-
TMUB2	17	42264318	42269297	+
TMX1	14	51706964	51724372	+
TMX2	11	57479994	57508445	+
TMX2-CTNND1	11	57479994	57586652	+
TMX3	18	66340924	66382410	-
TMX4	20	7957992	8000408	-
TNC	9	117781854	117880436	-
TNF	6	31543341	31546112	+
TNFAIP1	17	26662786	26674035	+
TNFAIP2	14	103589797	103603776	+
TNFAIP3	6	138188395	138204449	+
TNFAIP6	2	152214105	152236560	+
TNFAIP8	5	118604453	118735383	+
TNFAIP8L1	19	4639527	4655580	+
TNFAIP8L2	1	151129124	151132225	+
TNFAIP8L2-SCNM1	1	151129124	151142772	+
TNFAIP8L3	15	51348798	51397473	-
TNFRSF10A	8	23047965	23082615	-
TNFRSF10B	8	22877648	22926544	-
TNFRSF10C	8	22960433	22974958	+
TNFRSF10D	8	22993100	23021540	-
TNFRSF11A	18	59992519	60058518	+
TNFRSF11B	8	119935795	119964124	-
TNFRSF12A	16	3070368	3072383	+
TNFRSF13B	17	16842394	16875432	-
TNFRSF13C	22	42318035	42322810	-
TNFRSF14	1	2487803	2497061	+
TNFRSF14-AS1	1	2481358	2488450	-
TNFRSF17	16	12059066	12061925	+
TNFRSF18	1	1138887	1141972	-
TNFRSF19	13	24144508	24250244	+
TNFRSF1A	12	6437937	6451242	-
TNFRSF1B	1	12227047	12269277	+
TNFRSF21	6	47199267	47277641	-
TNFRSF25	1	6520845	6526255	-
TNFRSF4	1	1146719	1149533	-
TNFRSF6B	20	62328004	62330035	+
TNFRSF8	1	12123359	12204264	+
TNFRSF9	1	7975930	8000899	-
TNFSF10	3	172223297	172241220	-
TNFSF11	13	43136871	43182149	+
TNFSF12	17	7452374	7461198	+
TNFSF12-TNFSF13	17	7452374	7464918	+
TNFSF13	17	7461608	7464925	+
TNFSF13B	13	108921976	108960832	+
TNFSF14	19	6661263	6670599	-
TNFSF15	9	117546914	117568319	-
TNFSF18	1	173008341	173020081	-
TNFSF4	1	173152869	173176470	-
TNFSF8	9	117655622	117692875	-
TNFSF9	19	6531036	6535935	+
TNIK	3	170776202	171178197	-
TNIP1	5	150409503	150467246	-
TNIP2	4	2743374	2758063	-
TNIP2P1	X	40690469	40692449	-
TNIP3	4	122052563	122148638	-
TNK1	17	7284407	7293085	+
TNK2	3	195590234	195635422	-
TNK2-AS1	3	195634946	195640135	+
TNKS	8	9413421	9639856	+
TNKS1BP1	11	57067115	57092426	-
TNKS2	10	93558182	93625232	+
TNKS2-AS1	10	93542595	93558048	-
TNMD	X	99839932	99854882	+
TNN	1	175036968	175117204	+
TNNC1	3	52485115	52488057	-
TNNC2	20	44451854	44455951	-
TNNI1	1	201372911	201390858	-
TNNI2	11	1860210	1862908	+
TNNI3	19	55663135	55669100	-
TNNI3K	1	74701070	75010110	+
TNNT1	19	55644065	55660574	-
TNNT2	1	201328141	201346808	-
TNNT3	11	1940932	1959932	+
TNP1	2	217724181	217724787	-
TNP2	16	11361713	11363182	-
TNPO1	5	72112417	72212567	+
TNPO2	19	12810014	12834746	-
TNPO3	7	128594238	128695165	-
TNR	1	175284329	175712731	-
TNRC17	2	236422383	236426565	-
TNRC18	7	5346422	5463177	-
TNRC18P1	4	141562344	141564234	-
TNRC6A	16	24621525	24837537	+
TNRC6B	22	40440820	40731812	+
TNRC6C	17	76000317	76104916	+
TNS1	2	218664311	218808793	-
TNS1-AS1	2	218843429	218857338	+
TNS2	12	53440774	53458162	+
TNS3	7	47314751	47621709	-
TNS4	17	38632086	38657875	-
TNXA	6	31976196	31980800	-
TNXB	6	31976196	32077115	-
TOB1	17	48939586	48945339	-
TOB1-AS1	17	48944039	48945732	+
TOB2	22	41829497	41842805	-
TOB2P1	6	28183115	28186707	-
TOE1	1	45805841	45809645	+
TOGARAM1	14	45431392	45543634	+
TOGARAM2	2	29204163	29275096	+
TOLLIP	11	1295597	1330862	-
TOLLIP-AS1	11	1330937	1331937	+
TOM1	22	35695267	35743987	+
TOM1L1	17	52978051	53039328	+
TOM1L2	17	17746825	17875714	-
TOMM20	1	235272657	235292152	-
TOMM20L	14	58862647	58875420	+
TOMM22	22	39077961	39081426	+
TOMM34	20	43570770	43589038	-
TOMM40	19	45394476	45406946	+
TOMM40L	1	161195728	161200536	+
TOMM5	9	37588410	37592636	-
TOMM6	6	41755431	41757633	+
TOMM7	7	22852592	22862468	-
TOMM70	3	100082274	100119933	-
TONSL	8	145654157	145669823	-
TONSL-AS1	8	145660550	145665276	+
TOP1	20	39657461	39753126	+
TOP1MT	8	144391496	144442147	-
TOP1P1	1	171308034	171310463	+
TOP1P2	22	25160467	25161986	+
TOP2A	17	38544776	38574148	-
TOP2B	3	25639395	25706398	-
TOP3A	17	18174742	18218308	-
TOP3B	22	22311396	22337184	-
TOPAZ1	3	44283377	44373590	+
TOPBP1	3	133319096	133380785	-
TOPORS	9	32540541	32552626	-
TOR1A	9	132575220	132586415	-
TOR1AIP1	1	179851419	179889211	+
TOR1AIP2	1	179809110	179846938	-
TOR1B	9	132565421	132573568	+
TOR2A	9	130493802	130497573	-
TOR3A	1	179051204	179065129	+
TOR4A	9	140172177	140177093	+
TOX	8	59717970	60031706	-
TOX2	20	42543491	42698254	+
TOX3	16	52470327	52581714	-
TOX4	14	21945353	21967314	+
TP53	17	7571719	7590868	-
TP53AIP1	11	128804626	128813294	-
TP53BP1	15	43695258	43802838	-
TP53BP2	1	223967594	224033674	-
TP53I11	11	44953898	44972857	-
TP53I13	17	27895293	27900175	+
TP53I3	2	24300302	24308085	-
TP53INP1	8	95938199	95961606	-
TP53INP2	20	33292147	33301240	+
TP53RK	20	45313003	45318083	-
TP53TG1	7	86954663	86974808	-
TP53TG3	16	32684839	33264728	-
TP53TG3B	16	32684839	33264728	+
TP53TG3C	16	32684841	33264726	+
TP53TG3D	16	32264644	32267249	+
TP53TG3E	16	32684841	33264726	+
TP53TG3F	16	32684839	33264728	+
TP53TG3HP	16	34739458	34741541	-
TP53TG5	20	44001196	44006965	-
TP63	3	189314534	189615068	+
TP73	1	3569079	3652765	+
TP73-AS1	1	3652547	3663937	-
TPBG	6	83072699	83077133	+
TPBGL	11	74951818	74954749	+
TPCN1	12	113659268	113736389	+
TPCN2	11	68816399	68858065	+
TPD52	8	80946980	81083799	-
TPD52L1	6	125474918	125585552	+
TPD52L2	20	62496580	62522898	+
TPD52L3	9	6328374	6331891	+
TPGS1	19	507496	519654	+
TPGS2	18	34359987	34409179	-
TPH1	11	18039101	18067816	-
TPH2	12	72332624	72426220	+
TPI1	12	6976583	6980112	+
TPI1P2	7	128695276	128697293	+
TPI1P3	6	116359893	116361107	+
TPK1	7	144149033	144533146	-
TPM1	15	63334945	63364113	+
TPM1-AS	15	63338232	63341586	-
TPM2	9	35681989	35690053	-
TPM3	1	154127779	154164576	-
TPM3P9	19	53935226	53947925	+
TPM4	19	16178347	16213812	+
TPMT	6	18128544	18155400	-
TPO	2	1417232	1547443	+
TPP1	11	6634000	6640653	-
TPP2	13	103249335	103332308	+
TPPP	5	659976	693467	-
TPPP2	14	21498375	21500974	+
TPPP3	16	67423711	67427401	-
TPR	1	186280785	186344385	-
TPRA1	3	127290074	127317074	-
TPRG1	3	188889759	189043093	+
TPRG1-AS1	3	188659503	188665428	-
TPRG1-AS2	3	188956474	188958383	-
TPRG1L	1	3541578	3546691	+
TPRKB	2	73956963	73964533	-
TPRN	9	140086070	140095193	-
TPRX1	19	48304499	48306861	-
TPRXL	3	13978806	14107481	+
TPSAB1	16	1290705	1292555	+
TPSB2	16	1278335	1280185	-
TPSD1	16	1306069	1309009	+
TPSG1	16	1271650	1275268	-
TPST1	7	65670320	65825430	+
TPST2	22	26917961	26986096	-
TPT1	13	45907605	45915419	-
TPT1-AS1	13	45915479	45965618	+
TPTE	21	10906742	10990874	-
TPTE2	13	19997018	20135714	-
TPTE2P1	13	25502892	25542607	-
TPTE2P3	13	53063127	53161225	+
TPTE2P5	13	41371120	41495886	-
TPTE2P6	13	25154345	25171812	+
TPTEP1	22	17082800	17129720	+
TPTEP2	22	38740669	38794931	-
TPTEP2-CSNK1E	22	38686696	38794920	-
TPX2	20	30327092	30389603	+
TRA2A	7	23544400	23571660	-
TRA2B	3	185632345	185655802	-
TRABD	22	50624341	50638023	+
TRABD2A	2	85048790	85108208	-
TRABD2B	1	48226199	48463057	-
TRADD	16	67188088	67193812	-
TRAF1	9	123664670	123691451	-
TRAF2	9	139780967	139821059	+
TRAF3	14	103243785	103377837	+
TRAF3IP1	2	239229158	239309541	+
TRAF3IP2	6	111876580	111927477	-
TRAF3IP2-AS1	6	111804674	111923497	+
TRAF3IP3	1	209929397	209955668	+
TRAF4	17	27071028	27077974	+
TRAF5	1	211499956	211548286	+
TRAF6	11	36505320	36531822	-
TRAF7	16	2205782	2228130	+
TRAFD1	12	112563348	112591408	+
TRAIP	3	49866046	49893997	-
TRAK1	3	42128691	42267382	+
TRAK2	2	202241929	202316181	-
TRAM1	8	71485452	71520651	-
TRAM1L1	4	118004709	118006732	-
TRAM2	6	52362205	52441858	-
TRAM2-AS1	6	52441999	52448791	+
TRANK1	3	36868309	36986545	-
TRAP1	16	3708037	3767525	-
TRAPPC1	17	7833662	7835317	-
TRAPPC10	21	45432189	45526432	+
TRAPPC11	4	184580419	184634747	+
TRAPPC12	2	3383445	3483342	+
TRAPPC13	5	64920557	64962060	+
TRAPPC2	X	13730360	13752754	-
TRAPPC2B	19	57874918	57876770	+
TRAPPC2L	16	88922627	88929094	+
TRAPPC3	1	36602169	36621654	-
TRAPPC3L	6	116816151	116866847	-
TRAPPC4	11	118889475	118894844	+
TRAPPC5	19	7745718	7752589	+
TRAPPC6A	19	45666190	45681495	-
TRAPPC6B	14	39617017	39639537	-
TRAPPC8	18	29409161	29523091	-
TRAPPC9	8	140739967	141468678	-
TRARG1	17	1182955	1204272	+
TRAT1	3	108541632	108573852	+
TRDMT1	10	17179334	17244070	-
TRDN	6	123537483	123958238	-
TRDN-AS1	6	123760748	123792901	+
TREH	11	118528025	118550359	-
TREM1	6	41235122	41254483	-
TREM2	6	41126245	41130854	-
TREML1	6	41116998	41122087	-
TREML2	6	41157486	41168887	-
TREML3P	6	41176291	41185685	-
TREML4	6	41196086	41206620	+
TREML5P	6	41217114	41217327	+
TRERF1	6	42192668	42419962	-
TRERNA1	20	48657243	48658166	-
TREX1	3	48507228	48509044	+
TREX2	X	152710177	152711945	-
TRG-AS1	7	38381177	38418238	+
TRH	3	129693562	129696778	+
TRHDE	12	72666149	73064538	+
TRHDE-AS1	12	72647286	72667289	-
TRHR	8	110098813	110133794	+
TRIAP1	12	120881766	120884187	-
TRIB1	8	126442599	126450647	+
TRIB2	2	12856997	12882858	+
TRIB3	20	361272	378203	+
TRIL	7	28992973	28997946	-
TRIM10	6	30119719	30128988	-
TRIM11	1	228581376	228594536	-
TRIM13	13	50571177	50592603	+
TRIM14	9	100846634	100881504	-
TRIM15	6	30131322	30140468	+
TRIM16	17	15531279	15587625	-
TRIM16L	17	18601310	18639432	+
TRIM17	1	228595635	228604583	-
TRIM2	4	154073314	154260469	+
TRIM21	11	4406126	4414932	-
TRIM22	11	5711019	5732093	+
TRIM23	5	64885516	64920160	-
TRIM24	7	138145003	138274741	+
TRIM25	17	54965269	54991410	-
TRIM26	6	30152231	30181183	-
TRIM27	6	28870778	28891762	-
TRIM28	19	59055430	59062082	+
TRIM29	11	119981993	120008821	-
TRIM3	11	6469842	6495689	-
TRIM31	6	30070673	30080867	-
TRIM31-AS1	6	30073016	30082501	+
TRIM32	9	119449583	119463578	+
TRIM33	1	114935414	115053824	-
TRIM34	11	5641173	5665625	+
TRIM35	8	27142402	27168789	-
TRIM36	5	114460472	114516243	-
TRIM37	17	57060009	57184241	-
TRIM38	6	25963029	25991457	+
TRIM39	6	30294245	30311506	+
TRIM39-RPP21	6	30297087	30314635	+
TRIM4	7	99488025	99517153	-
TRIM40	6	30103916	30116512	+
TRIM41	5	180650280	180662808	+
TRIM42	3	140396905	140419992	+
TRIM43	2	96257748	96265524	+
TRIM43B	2	96142714	96150479	-
TRIM44	11	35684322	35839557	+
TRIM45	1	117653681	117664371	-
TRIM46	1	155146262	155157447	+
TRIM47	17	73870244	73874662	-
TRIM48	11	55029630	55038588	+
TRIM49	11	89530822	89541743	-
TRIM49B	11	49050374	49059705	+
TRIM49C	11	89764273	89775193	+
TRIM49D1	11	89644578	89666229	-
TRIM49D2	11	89644578	89666229	-
TRIM5	11	5684424	5706304	-
TRIM50	7	72726531	72742085	-
TRIM51	11	55650772	55659284	+
TRIM51EP	11	89586009	89724838	+
TRIM51HP	11	55061178	55065708	-
TRIM52	5	180682146	180688144	-
TRIM52-AS1	5	180688212	180699308	+
TRIM53AP	11	89575164	89735676	+
TRIM54	2	27505296	27530303	+
TRIM55	8	67039363	67087718	+
TRIM56	7	100728761	100741248	+
TRIM58	1	248020488	248043438	+
TRIM59	3	160153290	160167574	-
TRIM59-IFT80	3	159945240	160203535	-
TRIM6	11	5617340	5634182	+
TRIM6-TRIM34	11	5617866	5665625	+
TRIM60	4	165953150	165962901	+
TRIM61	4	165875597	165898809	-
TRIM62	1	33610999	33647644	-
TRIM63	1	26377791	26394121	-
TRIM64	11	89699204	89707240	+
TRIM64B	11	89603754	89609185	-
TRIM64C	11	49075265	49080664	-
TRIM65	17	73885043	73893032	-
TRIM66	11	8633586	8680433	-
TRIM67	1	231298673	231357310	+
TRIM67-AS1	1	231319843	231323373	-
TRIM68	11	4619901	4629461	-
TRIM69	15	45028725	45060025	+
TRIM7	5	180620923	180632196	-
TRIM71	3	32859488	32939316	+
TRIM72	16	31225439	31242858	+
TRIM73	7	72430007	75034896	-
TRIM74	7	72430015	72439997	-
TRIM77	11	89443466	89451040	+
TRIM8	10	104404235	104418076	+
TRIM9	14	51441980	51562422	-
TRIML1	4	189060594	189068894	+
TRIML2	4	189012425	189030757	-
TRIO	5	14143450	14510313	+
TRIOBP	22	38093054	38172563	+
TRIP10	19	6739690	6751541	+
TRIP11	14	92432334	92506403	-
TRIP12	2	230628552	230787896	-
TRIP13	5	892998	918235	+
TRIP4	15	64680034	64747502	+
TRIP6	7	100465008	100471076	+
TRIQK	8	93895757	93978372	-
TRIR	19	12841453	12845498	-
TRIT1	1	40303781	40349183	-
TRMO	9	100659137	100684782	-
TRMT1	19	13215713	13227554	-
TRMT10A	4	100467867	100485196	-
TRMT10B	9	37753799	37778969	+
TRMT10C	3	101280711	101285290	+
TRMT11	6	126307575	126400872	+
TRMT112	11	64083931	64086068	-
TRMT12	8	125463060	125465266	+
TRMT13	1	100598705	100616054	+
TRMT1L	1	185087217	185126230	-
TRMT2A	22	20099397	20104749	-
TRMT2B	X	100264333	100307105	-
TRMT44	4	8442503	8478282	+
TRMT5	14	61438166	61448408	-
TRMT6	20	5917873	5931204	-
TRMT61A	14	103995532	104003410	+
TRMT61B	2	29072687	29093175	-
TRMT9B	8	12803181	12887284	+
TRMU	22	46731610	46753237	+
TRNAU1AP	1	28879528	28905057	+
TRNP1	1	27320182	27327377	+
TRNT1	3	3168623	3195119	+
TRO	X	54946995	54957866	+
TROAP	12	49717037	49725514	+
TRPA1	8	72933484	72987819	-
TRPC1	3	142442875	142526729	+
TRPC2	11	3647689	3658789	+
TRPC3	4	122795635	122873215	-
TRPC4	13	38206199	38443909	-
TRPC4AP	20	33590206	33680618	-
TRPC5	X	111017541	111326004	-
TRPC5OS	X	111119278	111147213	+
TRPC6	11	101322294	101454738	-
TRPC7	5	135548432	135701233	-
TRPC7-AS2	5	135562342	135651788	+
TRPM1	15	31293263	31453476	-
TRPM2	21	45773483	45862964	+
TRPM2-AS	21	45834474	45845446	-
TRPM3	9	73143975	74061887	-
TRPM4	19	49661048	49715093	+
TRPM5	11	2425745	2444275	-
TRPM6	9	77337410	77502837	-
TRPM7	15	50849355	50978994	-
TRPM8	2	234826017	234928166	+
TRPS1	8	116420723	116681202	-
TRPT1	11	63991270	63993726	-
TRPV1	17	3468739	3512705	-
TRPV2	17	16318884	16340317	+
TRPV3	17	3413795	3461106	-
TRPV4	12	110220891	110271203	-
TRPV5	7	142605266	142630843	-
TRPV6	7	142568960	142583490	-
TRRAP	7	98476112	98610866	+
TRUB1	10	116697953	116737435	+
TRUB2	9	131067437	131084726	-
TRY2P	7	141968100	141972068	-
TSACC	1	156307104	156316785	+
TSBP1	6	32260474	32339680	-
TSBP1-AS1	6	32222949	32375506	+
TSC1	9	135766735	135820003	-
TSC2	16	2097895	2139491	+
TSC22D1	13	45006278	45150701	-
TSC22D1-AS1	13	45150031	45154568	+
TSC22D2	3	150126084	150184207	+
TSC22D3	X	106956451	107019218	-
TSC22D4	7	100064141	100076837	-
TSEN15	1	184020863	184066619	+
TSEN2	3	12525930	12581123	+
TSEN34	19	54694118	54698394	+
TSEN54	17	73512608	73520816	+
TSFM	12	58176527	58196639	+
TSG1	6	94413734	94486338	+
TSG101	11	18501857	18548489	-
TSGA10	2	99613723	99771429	-
TSGA10IP	11	65713114	65727434	+
TSGA13	7	130353482	130372268	-
TSHB	1	115572446	115576930	+
TSHR	14	81421964	81612650	+
TSHZ1	18	72922751	73001899	+
TSHZ2	20	51588896	52111869	+
TSHZ3	19	31640781	31840342	-
TSIX	X	73012039	73049066	+
TSKS	19	50243016	50266563	-
TSKU	11	76493356	76509198	+
TSL	7	27655592	27667111	+
TSLP	5	110405777	110413724	+
TSN	2	122513120	122525428	+
TSNARE1	8	143293440	143484543	-
TSNAX	1	231664414	231702269	+
TSNAX-DISC1	1	231664398	232177020	+
TSNAXIP1	16	67840791	67861971	+
TSPAN1	1	46640758	46651634	+
TSPAN10	17	79604221	79615785	+
TSPAN11	12	31079681	31149537	+
TSPAN12	7	120427373	120498198	-
TSPAN13	7	16793379	16824161	+
TSPAN14	10	82214065	82282386	+
TSPAN15	10	71211220	71267425	+
TSPAN16	19	11406835	11437672	+
TSPAN17	5	176074484	176086052	+
TSPAN18	11	44748511	44953974	+
TSPAN19	12	85408095	85430055	-
TSPAN2	1	115590632	115632124	-
TSPAN3	15	77333744	77363451	-
TSPAN31	12	58138821	58144002	+
TSPAN32	11	2323242	2339434	+
TSPAN33	7	128784711	128809537	+
TSPAN4	11	842823	867116	+
TSPAN5	4	99391517	99579762	-
TSPAN6	X	99882104	99892101	-
TSPAN7	X	38420794	38548172	+
TSPAN8	12	71518875	71551779	-
TSPAN9	12	3186520	3395730	+
TSPEAR	21	45917775	46131487	-
TSPEAR-AS1	21	45925926	45936458	+
TSPEAR-AS2	21	45937097	45938860	+
TSPO	22	43547564	43559248	+
TSPO2	6	41010205	41012076	+
TSPOAP1	17	56378591	56406156	-
TSPOAP1-AS1	17	56402810	56431088	+
TSPY1	Y	9175072	9307358	+
TSPY10	Y	9175072	9368285	+
TSPY2	Y	6114263	6117054	+
TSPY26P	20	30776948	30778163	-
TSPY3	Y	9175072	9368285	+
TSPY4	Y	9175118	9368285	+
TSPY8	Y	9175118	9198202	+
TSPYL1	6	116596020	116601093	-
TSPYL2	X	53111548	53117722	+
TSPYL4	6	116571130	116575238	-
TSPYL5	8	98285715	98290156	-
TSPYL6	2	54480314	54483366	-
TSR1	17	2225689	2239751	-
TSR2	X	54466807	54474460	+
TSR3	16	1399240	1401879	-
TSSC2	11	3402190	3430378	+
TSSC4	11	2421979	2425106	+
TSSK1B	5	112768249	112770686	-
TSSK2	22	19118820	19120135	+
TSSK3	1	32828139	32829910	+
TSSK4	14	24674901	24677454	+
TSSK6	19	19625027	19626357	-
TST	22	37406899	37416224	-
TSTD1	1	161007421	161008754	-
TSTD2	9	100362361	100395650	-
TSTD3	6	99968924	99981059	+
TTBK1	6	43211218	43255996	+
TTBK2	15	43030927	43212976	-
TTC1	5	159436106	159492552	+
TTC12	11	113185304	113244018	+
TTC13	1	231041988	231114607	-
TTC14	3	180319950	180336116	+
TTC16	9	130478357	130493869	+
TTC17	11	43380469	43516479	+
TTC19	17	15903137	15932718	+
TTC21A	3	39149151	39180394	+
TTC21B	2	166729871	166810286	-
TTC21B-AS1	2	166790366	166804831	+
TTC22	1	55245385	55266996	-
TTC23	15	99676527	99791430	-
TTC23L	5	34839268	34900606	+
TTC24	1	156549514	156557511	+
TTC25	17	40086869	40118521	+
TTC26	7	138818489	138876732	+
TTC27	2	32853116	33046118	+
TTC28	22	28374001	29075853	-
TTC28-AS1	22	28315363	28398667	+
TTC29	4	147627789	147867038	-
TTC3	21	38445483	38575419	+
TTC3-AS1	21	38559912	38566227	-
TTC30A	2	178477727	178483470	-
TTC30B	2	178413726	178417524	-
TTC31	2	74710207	74721686	+
TTC32	2	20096391	20101744	-
TTC33	5	40711677	40756063	-
TTC34	1	2572707	2717433	-
TTC36	11	118398188	118401708	+
TTC37	5	94799597	94890681	-
TTC38	22	46663904	46689905	+
TTC39A	1	51752929	51810788	-
TTC39A-AS1	1	51795325	51796953	+
TTC39B	9	15163619	15307358	-
TTC39C	18	21572850	21715564	+
TTC39C-AS1	18	21574178	21595424	-
TTC3P1	X	74960372	74962914	-
TTC4	1	55181494	55208328	+
TTC41P	12	104237526	104323989	-
TTC5	14	20754385	20774110	-
TTC6	14	38064833	38311922	+
TTC7A	2	47143004	47303262	+
TTC7B	14	90990907	91282774	-
TTC8	14	89290496	89347423	+
TTC9	14	71108632	71142083	+
TTC9B	19	40721964	40724306	-
TTC9C	11	62495544	62506108	+
TTF1	9	135250934	135282238	-
TTF2	1	117602947	117650075	+
TTI1	20	36611422	36661858	-
TTI2	8	33356239	33370653	-
TTK	6	80714321	80752244	+
TTL	2	113239732	113299316	+
TTLL1	22	43435522	43485434	-
TTLL1-AS1	22	43434590	43448371	+
TTLL10	1	1109259	1133315	+
TTLL11	9	124577952	124855587	-
TTLL12	22	43562627	43583140	-
TTLL13P	15	90792763	90802320	+
TTLL2	6	167738573	167756176	+
TTLL3	3	9851598	9878049	+
TTLL4	2	219575557	219620138	+
TTLL5	14	76127588	76421422	+
TTLL6	17	46839592	46894591	-
TTLL7	1	84330706	84464815	-
TTLL8	22	50457003	50496656	-
TTLL9	20	30458436	30532762	+
TTN	2	179390716	179672150	-
TTN-AS1	2	179387553	179484944	+
TTPA	8	63972047	63998612	-
TTPAL	20	43104513	43123244	+
TTR	18	29171839	29178784	+
TTTY1	Y	6258441	9611928	+
TTTY10	Y	22627553	22681114	-
TTTY11	Y	8651355	8685423	-
TTTY12	Y	7672964	7678723	+
TTTY13	Y	23745485	23756552	-
TTTY14	Y	21034386	21239433	-
TTTY15	Y	14774297	14804153	+
TTTY16	Y	7567397	7569288	-
TTTY17A	Y	24997730	27330920	+
TTTY17B	Y	24997730	27330920	+
TTTY17C	Y	24997730	27330920	+
TTTY18	Y	8551410	8551919	-
TTTY19	Y	8572512	8573324	+
TTTY1B	Y	6258441	9611928	+
TTTY2	Y	6274284	9596085	-
TTTY20	Y	9167488	9172441	-
TTTY21	Y	6311474	9558905	+
TTTY21B	Y	6311474	9558905	+
TTTY22	Y	9638761	9650854	+
TTTY23	Y	6110486	9749571	-
TTTY23B	Y	6110486	9749571	-
TTTY2B	Y	6274284	9596085	-
TTTY3	Y	26082873	27879535	-
TTTY3B	Y	26082873	27879535	-
TTTY4	Y	25082601	27246039	+
TTTY4B	Y	25082601	27246039	+
TTTY4C	Y	25082601	27246039	+
TTTY5	Y	24442944	24445023	-
TTTY6	Y	24291111	24587606	+
TTTY6B	Y	24291133	24587584	+
TTTY7	Y	6317508	9552871	+
TTTY7B	Y	6317508	9552871	+
TTTY8	Y	6339071	9531308	-
TTTY8B	Y	6339071	9531308	-
TTTY9A	Y	20743091	20901083	-
TTTY9B	Y	20743091	20901083	-
TTYH1	19	54926637	54948082	+
TTYH2	17	72209709	72258157	+
TTYH3	7	2671619	2704436	+
TUB	11	8060179	8127790	+
TUB-AS1	11	8081584	8090920	+
TUBA1A	12	49578577	49583107	-
TUBA1B	12	49521564	49525178	-
TUBA1C	12	49621708	49668383	+
TUBA3C	13	19747911	19755964	-
TUBA3D	2	132233691	132240507	+
TUBA3E	2	130949317	130956012	-
TUBA3FP	22	21362495	21368576	-
TUBA4A	2	220114431	220119330	-
TUBA4B	2	220117964	220136919	+
TUBA8	22	18593574	18614499	+
TUBAL3	10	5435063	5446791	-
TUBB	6	30688128	30693195	+
TUBB1	20	57594483	57601709	+
TUBB2A	6	3153900	3157778	-
TUBB2B	6	3224510	3227887	-
TUBB3	16	89988332	90002505	+
TUBB4A	19	6494329	6502859	-
TUBB4B	9	140135738	140138159	+
TUBB6	18	12307667	12329824	+
TUBB8	10	92827	95236	-
TUBB8B	18	47220	49557	-
TUBBP5	9	141044564	141071885	+
TUBD1	17	57936840	57970306	-
TUBE1	6	112391865	112408685	-
TUBG1	17	40761700	40767256	+
TUBG2	17	40811301	40819024	+
TUBGCP2	10	135092133	135125841	-
TUBGCP3	13	113139324	113242499	-
TUBGCP4	15	43663298	43701969	+
TUBGCP5	15	22833394	22890043	+
TUBGCP6	22	50656122	50683452	-
TUFM	16	28853731	28857669	-
TUFT1	1	151512784	151556059	+
TUG1	22	31365196	31375380	+
TULP1	6	35465650	35480673	-
TULP2	19	49384223	49402001	-
TULP3	12	3000056	3050301	+
TULP4	6	158733496	158932856	+
TUNAR	14	96342728	96391908	+
TUSC1	9	25676966	25678442	-
TUSC2	3	50362339	50365669	-
TUSC3	8	15397595	15624158	+
TUSC7	3	116428634	116435887	+
TUSC8	13	44974385	44980120	-
TUT1	11	62342523	62358995	-
TUT4	1	52888947	53018764	-
TUT7	9	88902647	88969325	-
TVP23A	16	10854768	10912651	-
TVP23B	17	18684307	18710027	+
TVP23C	17	15405577	15466945	-
TVP23C-CDRT4	17	15339331	15466797	-
TWF1	12	44187525	44200120	-
TWF2	3	52262627	52273174	-
TWIST1	7	19152670	19157259	-
TWIST2	2	239756725	239832230	+
TWNK	10	102747299	102754160	+
TWSG1	18	9334770	9402418	+
TXK	4	48068409	48136267	-
TXLNA	1	32645275	32663886	+
TXLNB	6	139561198	139613135	-
TXLNG	X	16804554	16862642	+
TXLNGY	Y	21729243	21769056	+
TXN	9	113006089	113018787	-
TXN2	22	36863092	36877687	-
TXNDC11	16	11772940	11836713	-
TXNDC12	1	52485803	52521843	-
TXNDC12-AS1	1	52516589	52518355	+
TXNDC15	5	134209459	134237325	+
TXNDC16	14	52897307	53019301	-
TXNDC17	17	6544379	6547861	+
TXNDC2	18	9885969	9889272	+
TXNDC5	6	7881746	7911021	-
TXNDC8	9	113065755	113100164	-
TXNDC9	2	99935446	99952796	-
TXNIP	1	145438489	145442628	+
TXNL1	18	54264439	54305823	-
TXNL4A	18	77730812	77793936	-
TXNL4B	16	72118755	72128277	-
TXNRD1	12	104609556	104744085	+
TXNRD2	22	19863040	19929341	-
TXNRD3	3	126325901	126373967	-
TYK2	19	10461208	10491248	-
TYMP	22	50964180	50968514	-
TYMS	18	657652	673577	+
TYMSOS	18	649619	658291	-
TYR	11	88911042	89028927	+
TYRO3	15	41851409	41875787	+
TYRO3P	15	76551629	76552493	-
TYROBP	19	36395307	36399197	-
TYRP1	9	12693384	12710285	+
TYSND1	10	71897736	71906456	-
TYW1	7	66461791	66704501	+
TYW1B	7	72039497	72298779	-
TYW3	1	75198835	75232360	+
TYW5	2	200793635	200820214	-
U2AF1	21	44513065	44527688	-
U2AF1L4	19	36233364	36236319	-
U2AF1L5	21	44513065	44527716	-
U2AF2	19	56166400	56186082	+
U2SURP	3	142720411	142779567	+
UACA	15	70946892	71055897	-
UAP1	1	162531229	162569633	+
UAP1L1	9	139971968	139978990	+
UBA1	X	47050245	47074527	+
UBA2	19	34919285	34962156	+
UBA3	3	69103880	69129524	-
UBA5	3	132373289	132398636	+
UBA52	19	18682539	18688360	+
UBA6	4	68478370	68566873	-
UBA6-AS1	4	68566995	68588222	+
UBA7	3	49842641	49851386	-
UBAC1	9	138824814	138853219	-
UBAC2	13	99853107	100038757	+
UBAC2-AS1	13	99848627	99853011	-
UBALD1	16	4658884	4664889	-
UBALD2	17	74261428	74267379	+
UBAP1	9	34179002	34252521	+
UBAP1L	15	65385097	65407538	-
UBAP2	9	33921690	34049197	-
UBAP2L	1	154192647	154243986	+
UBASH3A	21	43824010	43867792	+
UBASH3B	11	122526429	122685181	+
UBB	17	16284106	16286059	+
UBBP4	17	21729600	21731762	+
UBC	12	125396191	125399196	-
UBD	6	29523291	29527509	-
UBE2A	X	118708525	118718386	+
UBE2B	5	133707259	133727799	+
UBE2C	20	44441214	44445596	+
UBE2CP5	19	58379127	58380379	+
UBE2D1	10	60094738	60130513	+
UBE2D2	5	138940750	139008018	+
UBE2D3	4	103715539	103790050	-
UBE2D3-AS1	4	103749211	103765263	+
UBE2D4	7	43966034	43995735	+
UBE2DNL	X	84189156	84189896	+
UBE2E1	3	23847445	23933131	+
UBE2E1-AS1	3	23845514	23848396	-
UBE2E2	3	23244588	23633416	+
UBE2E2-AS1	3	23236560	23244484	-
UBE2E3	2	181845111	181928154	+
UBE2E4P	X	14262386	14263545	+
UBE2F	2	238875586	238951423	+
UBE2F-SCLY	2	238875586	239008054	+
UBE2FP1	3	37183035	37185673	-
UBE2G1	17	4172511	4269969	-
UBE2G2	21	46188494	46221735	-
UBE2H	7	129470571	129592800	-
UBE2I	16	1359152	1377018	+
UBE2J1	6	90036343	90062441	-
UBE2J2	1	1189291	1209234	-
UBE2K	4	39699755	39784410	+
UBE2L3	22	21903735	21978323	+
UBE2L5	13	30996629	31003895	+
UBE2L6	11	57319127	57335803	-
UBE2M	19	59067078	59069978	-
UBE2MP1	16	34403801	34404762	-
UBE2N	12	93799459	93835723	-
UBE2NL	X	142967172	142968357	+
UBE2O	17	74385536	74449234	-
UBE2Q1	1	154521052	154531138	-
UBE2Q1-AS1	1	154526084	154527504	+
UBE2Q2	15	76135787	76193413	+
UBE2Q2L	15	84841186	84850971	+
UBE2Q2P1	15	85070426	85114026	-
UBE2Q2P2	15	82647353	83084341	+
UBE2QL1	5	6448971	6496836	+
UBE2R2	9	33817157	33920397	+
UBE2S	19	55911112	55919156	-
UBE2T	1	202300784	202311094	-
UBE2U	1	64669305	64733050	+
UBE2V1	20	48697660	48732494	-
UBE2V2	8	48920990	48977268	+
UBE2W	8	74692330	74791097	-
UBE2Z	17	46985768	47006418	+
UBE3A	15	25578874	25684203	-
UBE3B	12	109915427	109974507	+
UBE3C	7	156931619	157062064	+
UBE3D	6	83602108	83775560	-
UBE4A	11	118230314	118269926	+
UBE4B	1	10093015	10241296	+
UBFD1	16	23569047	23585710	+
UBIAD1	1	11333254	11359628	+
UBL3	13	30338507	30424754	-
UBL4A	X	153712055	153714954	-
UBL4B	1	110655064	110656569	+
UBL5	19	9938593	9940791	+
UBL7	15	74738317	74753529	-
UBL7-AS1	15	74753605	74773633	+
UBLCP1	5	158690297	158713042	+
UBN1	16	4897481	4932402	+
UBN2	7	138915982	138992982	+
UBOX5	20	3088218	3140511	-
UBOX5-AS1	20	3087556	3131513	+
UBP1	3	33429828	33481897	-
UBQLN1	9	86274882	86322873	-
UBQLN2	X	56590059	56594301	+
UBQLN3	11	5528529	5531187	-
UBQLN4	1	156005089	156023589	-
UBQLNL	11	5535622	5537929	-
UBR1	15	43235097	43398236	-
UBR2	6	42531759	42661243	+
UBR3	2	170683963	170940639	+
UBR4	1	19401005	19536760	-
UBR5	8	103264501	103424928	-
UBR5-AS1	8	103251678	103264402	+
UBR7	14	93673400	93695561	+
UBTD1	10	99258680	99330963	+
UBTD2	5	171636649	171710768	-
UBTF	17	42282408	42298672	-
UBTFL1	11	89819117	89820299	+
UBXN1	11	62443969	62446589	-
UBXN10	1	20512588	20522543	+
UBXN11	1	26608772	26644756	-
UBXN2A	2	24163332	24227779	+
UBXN2B	8	59323822	59364060	+
UBXN4	2	136499424	136542626	+
UBXN6	19	4445002	4457791	-
UBXN7	3	196074532	196159298	-
UBXN7-AS1	3	196158255	196159905	+
UBXN8	8	30601680	30624520	+
UC.134	3	158244496	158246363	+
UCA1	19	15939756	15947131	+
UCHL1	4	41258944	41270472	+
UCHL1-AS1	4	41222090	41258744	-
UCHL3	13	76123615	76180156	+
UCHL5	1	192981383	193029206	-
UCK1	9	134399182	134406662	-
UCK2	1	165796850	165880855	+
UCKL1	20	62571181	62587769	-
UCKL1-AS1	20	62584736	62588338	+
UCMA	10	13263765	13276374	-
UCN	2	27530267	27531313	-
UCN2	3	48599150	48601214	-
UCN3	10	5406928	5416655	+
UCP1	4	141480585	141490115	-
UCP2	11	73685716	73694247	-
UCP3	11	73711321	73720282	-
UEVLD	11	18551152	18610281	-
UFC1	1	161123767	161128646	+
UFD1	22	19437433	19466716	-
UFL1	6	96969681	97003151	+
UFM1	13	38923987	38937756	+
UFSP1	7	100486341	100487336	-
UFSP2	4	186320691	186347139	-
UGCG	9	114659093	114697647	+
UGDH	4	39500374	39529059	-
UGDH-AS1	4	39529458	39596327	+
UGGT1	2	128848773	128953249	+
UGGT2	13	96453835	96705655	-
UGP2	2	64068102	64118694	+
UGT1A1	2	234668915	234681946	+
UGT1A10	2	234545122	234681951	+
UGT1A3	2	234637687	234681946	+
UGT1A4	2	234627381	234681946	+
UGT1A5	2	234621637	234681945	+
UGT1A6	2	234600315	234681946	+
UGT1A7	2	234590583	234681945	+
UGT1A8	2	234526290	234681945	+
UGT1A9	2	234580543	234681946	+
UGT2A1	4	70454134	70518965	-
UGT2A2	4	70454134	70505360	-
UGT2A3	4	69794181	69817522	-
UGT2B10	4	69681711	69886114	+
UGT2B11	4	70065668	70080466	-
UGT2B15	4	69512314	69536370	-
UGT2B17	4	69402892	69442040	-
UGT2B28	4	70146192	70160768	+
UGT2B4	4	70345882	70391732	-
UGT2B7	4	69916981	69978705	+
UGT3A1	5	35951107	36001124	-
UGT3A2	5	36035122	36066984	-
UGT8	4	115519557	115599381	+
UHMK1	1	162466963	162499421	+
UHRF1	19	4903091	4962165	+
UHRF1BP1	6	34759859	34845291	+
UHRF1BP1L	12	100430849	100536652	-
UHRF2	9	6413150	6507051	+
UICLM	2	241894035	241906868	-
UIMC1	5	176332005	176433795	-
ULBP1	6	150285078	150294851	+
ULBP2	6	150263149	150270368	+
ULBP3	6	150382188	150390257	-
ULK1	12	132379166	132407695	+
ULK2	17	19674142	19771249	-
ULK3	15	75128458	75135497	-
ULK4	3	41288089	42003595	-
ULK4P1	15	30395749	32727250	+
ULK4P2	15	30395749	32727250	+
ULK4P3	15	30395934	30423948	+
UMAD1	7	7680382	7918851	+
UMOD	16	20344372	20364037	-
UMODL1	21	43482985	43563564	+
UMODL1-AS1	21	43522243	43528644	-
UMPS	3	124449212	124468119	+
UNC119	17	26873724	26879646	-
UNC119B	12	121148260	121161443	+
UNC13A	19	17712136	17799008	-
UNC13B	9	35162005	35405335	+
UNC13C	15	54270637	54925637	+
UNC13D	17	73823306	73840485	-
UNC45A	15	91473409	91497323	+
UNC45B	17	33474835	33516364	+
UNC50	2	99225010	99234977	+
UNC5A	5	176237559	176307899	+
UNC5B	10	72972326	73062619	+
UNC5B-AS1	10	72976980	72977985	-
UNC5C	4	96083655	96470124	-
UNC5CL	6	40994635	41006960	-
UNC5D	8	35092992	35654068	+
UNC79	14	93799527	94174222	+
UNC80	2	210636555	210864024	+
UNC93A	6	167704802	167729502	+
UNC93B1	11	67758570	67771567	-
UNCX	7	1272507	1276962	+
UNG	12	109535401	109548797	+
UNK	17	73780886	73821880	+
UNKL	16	1413205	1464705	-
UNQ6494	9	92254697	92334674	+
UOX	1	84830640	84850484	-
UPB1	22	24891299	24924358	+
UPF1	19	18942767	18979039	+
UPF2	10	11962020	12085169	-
UPF3A	13	115047075	115071291	+
UPF3B	X	118967984	118986991	-
UPK1A	19	36157417	36169387	+
UPK1A-AS1	19	36158849	36164193	-
UPK1B	3	118892444	118923990	+
UPK2	11	118827007	118829269	+
UPK3A	22	45680829	45691755	+
UPK3B	7	76139739	76157199	+
UPK3BL1	7	102277471	102283238	-
UPK3BL2	7	102178365	102185235	-
UPP1	7	48128199	48148333	+
UPP2	2	158851690	158992666	+
UPRT	X	74376203	74524732	+
UQCC1	20	33890368	33999945	-
UQCC2	6	33664540	33679477	-
UQCC3	11	62439144	62441158	+
UQCR10	22	30163357	30166402	+
UQCR11	19	1597167	1605461	-
UQCRB	8	97235174	97247773	-
UQCRBP1	X	56763220	56764017	-
UQCRC1	3	48636434	48647079	-
UQCRC2	16	21964681	21994981	+
UQCRFS1	19	29696226	29704058	-
UQCRH	1	46769369	46782447	+
UQCRHL	1	16133656	16134194	-
UQCRQ	5	132202333	132204538	+
URAD	13	28551853	28562830	-
URAHP	16	90106168	90114191	-
URB1	21	33683328	33765321	-
URB1-AS1	21	33765441	33766266	+
URB2	1	229761962	229795947	+
URGCP	7	43915492	43966010	-
URGCP-MRPS24	7	43906156	43946195	-
URI1	19	30414563	30507519	+
URM1	9	131133597	131154295	+
UROC1	3	126200008	126236616	-
UROD	1	45477925	45481247	+
UROS	10	127473550	127511837	-
USB1	16	58033506	58055522	+
USE1	19	17326165	17330638	+
USF1	1	161009040	161015767	-
USF2	19	35759864	35770724	+
USF3	3	113367232	113415489	-
USH1C	11	17515446	17565963	-
USH1G	17	72912174	72919350	-
USH2A	1	215796232	216596790	-
USH2A-AS2	1	216245806	216260259	+
USHBP1	19	17359982	17375554	-
USO1	4	76649705	76735442	+
USP1	1	62901974	62917476	+
USP10	16	84733605	84813527	+
USP11	X	47092407	47107727	+
USP12	13	27640292	27745948	-
USP12-AS1	13	27699669	27743272	+
USP12-AS2	13	27746395	27757640	+
USP13	3	179370827	179507189	+
USP14	18	158556	214629	+
USP15	12	62654120	62810168	+
USP16	21	30396937	30426807	+
USP17L1	8	7189908	7191501	+
USP17L10	4	9212382	9213975	+
USP17L11	4	9217130	9261442	+
USP17L12	4	9221877	9266190	+
USP17L13	4	9226621	9228214	+
USP17L15	4	9236110	9237772	+
USP17L17	4	9245604	9247197	+
USP17L18	4	9217130	9251948	+
USP17L19	4	9255103	9256696	+
USP17L2	8	11994676	11996269	-
USP17L20	4	9217130	9270937	+
USP17L21	4	9221877	9266190	+
USP17L22	4	9259849	9270937	+
USP17L24	4	9326890	9366447	+
USP17L25	4	9326890	9366447	+
USP17L26	4	9326890	9366447	+
USP17L27	4	9326890	9366447	+
USP17L28	4	9326890	9366447	+
USP17L29	4	9326890	9366447	+
USP17L3	8	7833914	7835507	-
USP17L30	4	9326890	9366447	+
USP17L4	8	7194636	7196229	+
USP17L5	4	9326890	9366447	+
USP17L6P	4	9369599	9370796	+
USP17L7	8	11989925	11991608	-
USP17L8	8	7829182	7830775	-
USP17L9P	4	9360107	9361700	+
USP18	22	18632936	18660162	+
USP19	3	49145478	49158371	-
USP2	11	119225924	119252400	-
USP2-AS1	11	119252487	119369944	+
USP20	9	132597695	132644117	+
USP21	1	161129289	161135509	+
USP22	17	20902908	20946324	-
USP24	1	55532031	55681037	-
USP25	21	17102252	17252390	+
USP26	X	132158658	132162300	-
USP27X	X	49644086	49647161	+
USP27X-AS1	X	49641326	49643959	-
USP28	11	113668596	113746294	-
USP29	19	57631508	57643293	+
USP3	15	63796709	63886839	+
USP3-AS1	15	63879908	63893026	-
USP30	12	109460893	109525831	+
USP30-AS1	12	109489845	109491770	-
USP31	16	23072727	23160591	-
USP32	17	58254688	58469494	-
USP32P1	17	16690205	16707819	+
USP32P2	17	18414575	18424566	-
USP32P3	17	20313828	20336381	+
USP33	1	78161673	78225537	-
USP34	2	61414597	61698222	-
USP35	11	77899964	77926278	+
USP36	17	76783462	76837521	-
USP37	2	219314973	219433074	-
USP38	4	144106069	144145027	+
USP39	2	85829983	85876407	+
USP4	3	49314576	49377486	-
USP40	2	234384171	234475428	-
USP42	7	6144579	6201195	+
USP43	17	9548833	9633003	+
USP44	12	95910335	95945252	-
USP45	6	99880181	99963365	-
USP46	4	53457126	53525468	-
USP46-DT	4	53525572	53527665	+
USP47	11	11863518	11983434	+
USP48	1	22004790	22109692	-
USP49	6	41757633	41863113	-
USP5	12	6961313	6975795	+
USP50	15	50792758	50838863	-
USP51	X	55511048	55515631	-
USP53	4	120133781	120216673	+
USP54	10	75257295	75385739	-
USP6	17	5019326	5078286	+
USP6NL	10	11495945	11653788	-
USP7	16	8985950	9057763	-
USP8	15	50716601	50806618	+
USP9X	X	40944697	41095832	+
USP9Y	Y	14813159	14972764	+
USPL1	13	31192056	31234899	+
UST	6	149068165	149398126	+
UST-AS1	6	149275396	149285820	-
UST-AS2	6	149348364	149353797	-
UTF1	10	135043720	135045062	+
UTP11	1	38478405	38490492	+
UTP14A	X	129040096	129063738	+
UTP14C	13	52598826	52607736	+
UTP15	5	72861565	72879205	+
UTP18	17	49337906	49375292	+
UTP20	12	101673882	101780396	+
UTP23	8	117778762	117786921	+
UTP25	1	210001316	210030910	+
UTP3	4	71554248	71556268	+
UTP4	16	69166498	69202937	+
UTP6	17	30187922	30228727	-
UTRN	6	144612872	145174170	+
UTS2	1	7907671	7913551	-
UTS2B	3	190984956	191048325	-
UTS2R	17	80329640	80335334	+
UTY	Y	15360258	15592550	-
UVRAG	11	75526254	75855276	+
UVRAG-DT	11	75524558	75525842	-
UVSSA	4	1340995	1381837	+
UXS1	2	106709766	106810757	-
UXT	X	47511190	47518579	-
UXT-AS1	X	47518231	47519510	+
VAC14	16	70721341	70835061	-
VAC14-AS1	16	70788997	70807154	+
VAMP1	12	6571403	6579843	-
VAMP2	17	8062464	8066266	-
VAMP3	1	7831355	7841492	+
VAMP4	1	171669302	171711205	-
VAMP5	2	85811553	85820529	+
VAMP8	2	85804708	85809154	+
VANGL1	1	116184590	116240845	+
VANGL2	1	160370353	160398460	+
VAPA	18	9914012	9960018	+
VAPB	20	56964284	57026156	+
VARS1	6	31745295	31763529	-
VARS2	6	30881984	30894235	+
VASH1	14	77227810	77249358	+
VASH1-AS1	14	77248075	77253067	-
VASH2	1	213123882	213164927	+
VASN	16	4421848	4433539	+
VASP	19	46010736	46030240	+
VAT1	17	41166623	41174402	-
VAT1L	16	77822460	78014004	+
VAV1	19	6772718	6857372	+
VAV2	9	136627015	136857446	-
VAV3	1	108113782	108507802	-
VAV3-AS1	1	108507064	108537229	+
VAX1	10	118888030	118897781	-
VAX2	2	71127705	71160575	+
VBP1	X	154425283	154468122	+
VCAM1	1	101185195	101204601	+
VCAN	5	82767492	82878122	+
VCAN-AS1	5	82827170	82858133	-
VCL	10	75757873	75881121	+
VCP	9	35056062	35072665	-
VCPIP1	8	67540721	67579466	-
VCPKMT	14	50575354	50583290	-
VCX	X	7810302	7812184	+
VCX2	X	8137984	8139308	-
VCX3A	X	6451658	6453159	-
VCX3B	X	8432870	8434551	+
VCY	Y	16097651	16168838	-
VCY1B	Y	16097651	16168838	-
VDAC1	5	133307561	133340666	-
VDAC2	10	76969911	76991206	+
VDAC3	8	42249278	42263455	+
VDR	12	48235319	48298777	-
VEGFA	6	43737945	43754223	+
VEGFB	11	64002055	64006736	+
VEGFC	4	177604688	177714076	-
VEGFD	X	15363717	15402535	-
VENTX	10	135051358	135055432	+
VENTXP1	X	26576453	26579169	+
VENTXP7	3	21447217	21448177	+
VEPH1	3	156977531	157221394	-
VEZF1	17	56048913	56065615	-
VEZT	12	95611521	95696575	+
VGF	7	100805789	100808850	-
VGLL1	X	135614373	135638958	+
VGLL2	6	117586720	117594728	+
VGLL3	3	86987122	87040299	-
VGLL4	3	11597540	11762013	-
VHL	3	10183461	10195350	+
VHLL	1	156268414	156269098	-
VIL1	2	219283845	219318018	+
VILL	3	38029468	38048676	+
VIM	10	17270239	17279592	+
VIM-AS1	10	17256237	17271984	-
VIP	6	153071931	153080895	+
VIPAS39	14	77893017	77923944	-
VIPR1	3	42530790	42579065	+
VIPR1-AS1	3	42572387	42574098	-
VIPR2	7	158820865	158937649	-
VIRMA	8	95499917	95565746	-
VIT	2	36923832	37041937	+
VKORC1	16	31102162	31106320	-
VKORC1L1	7	65338060	65424545	+
VLDLR	9	2621786	2660056	+
VLDLR-AS1	9	2535654	2622373	-
VMA21	X	150565066	150577836	+
VMAC	19	5904882	5910864	+
VMO1	17	4688579	4689659	-
VMP1	17	57785014	57919616	+
VN1R1	19	57966541	57968107	-
VN1R10P	6	27292539	27293741	+
VN1R2	19	53761544	53762855	+
VN1R3	16	31818905	31820174	-
VN1R4	19	53770012	53770918	-
VN1R5	1	247419373	247420447	+
VNN1	6	133001987	133035194	-
VNN2	6	133065008	133084594	-
VNN3	6	133043925	133055904	-
VOPP1	7	55538300	55640195	-
VPREB1	22	22599197	22599927	+
VPREB3	22	24094929	24096612	-
VPS11	11	118938528	118952682	+
VPS13A	9	79792360	80036453	+
VPS13A-AS1	9	79791671	79792833	-
VPS13B	8	100025501	100889808	+
VPS13C	15	62144589	62352664	-
VPS13D	1	12290086	12572098	+
VPS16	20	2821342	2847378	+
VPS18	15	41186647	41196173	+
VPS25	17	40925466	40931617	+
VPS26A	10	70883908	70934172	+
VPS26B	11	134094564	134117682	+
VPS26C	21	38595720	38640409	-
VPS28	8	145648983	145653946	-
VPS29	12	110928889	110939945	-
VPS33A	12	122714110	122751041	-
VPS33B	15	91541645	91565851	-
VPS33B-DT	15	91565851	91574369	+
VPS35	16	46690043	46723090	-
VPS35L	16	19567024	19712485	+
VPS36	13	52986736	53024769	-
VPS37A	8	17104400	17190964	+
VPS37B	12	123349876	123380671	-
VPS37C	11	60897728	60928898	-
VPS37D	7	73082160	73086440	+
VPS39	15	42450898	42500502	-
VPS41	7	38762573	38948800	-
VPS45	1	150039438	150117507	+
VPS4A	16	69345252	69360842	+
VPS4B	18	61056424	61089709	-
VPS50	7	92861652	92990435	+
VPS51	11	64863685	64879334	+
VPS52	6	33218048	33239742	-
VPS53	17	411907	618079	-
VPS54	2	64119283	64246562	-
VPS72	1	151148779	151162673	-
VPS8	3	184529930	184770402	+
VPS9D1	16	89773541	89787306	-
VPS9D1-AS1	16	89778263	89784573	+
VRK1	14	97263718	97347946	+
VRK2	2	58134785	58387055	+
VRK3	19	50479723	50528805	-
VRTN	14	74815173	74826711	+
VSIG1	X	107288199	107322414	+
VSIG10	12	118501397	118541816	-
VSIG10L	19	51834789	51845378	-
VSIG10L2	11	125815950	125826214	+
VSIG2	11	124617369	124622151	-
VSIG4	X	65241579	65259967	-
VSIG8	1	159824105	159832447	-
VSIR	10	73507313	73533277	-
VSNL1	2	17721238	17838285	+
VSTM1	19	54544079	54567207	-
VSTM2A	7	54610017	54638773	+
VSTM2A-OT1	7	54624662	54639419	+
VSTM2B	19	30016324	30055458	+
VSTM2L	20	36531528	36573747	+
VSTM4	10	50222280	50323567	-
VSTM5	11	93551398	93583784	-
VSX1	20	25051515	25062777	-
VSX2	14	74706151	74729441	+
VTA1	6	142468298	142545821	+
VTCN1	1	117686208	117753582	-
VTI1A	10	114206745	114615127	+
VTI1B	14	68113802	68141349	-
VTN	17	26694304	26697328	-
VTRNA1-1	5	140090860	140090958	+
VTRNA1-2	5	140098510	140098598	+
VTRNA1-3	5	140105743	140105831	+
VTRNA2-1	5	135416179	135416287	-
VWA1	1	1371069	1378262	+
VWA2	10	115999012	116054259	+
VWA3A	16	22103861	22168282	+
VWA3B	2	98703629	98929749	+
VWA5A	11	123986110	124018428	+
VWA5B1	1	20617367	20686011	+
VWA5B2	3	183948140	183960117	+
VWA7	6	31733366	31745105	-
VWA8	13	42140970	42535245	-
VWA8-AS1	13	42535304	42555701	+
VWC2	7	49813233	49961546	+
VWC2L	2	215275777	215443699	+
VWC2L-IT1	2	215374905	215401613	+
VWCE	11	61025757	61062788	-
VWDE	7	12370510	12443567	-
VWF	12	6058044	6233836	-
VXN	8	67405800	67430759	+
WAC	10	28821707	28912041	+
WAC-AS1	10	28808845	28821283	-
WAKMAR2	6	138144806	138189370	-
WAPL	10	88195012	88281549	-
WARS1	14	100800126	100842664	-
WARS2	1	119573838	119683295	-
WARS2-AS1	1	119683018	119818596	+
WARS2-IT1	1	119590027	119605910	+
WAS	X	48542187	48549817	+
WASF1	6	110421021	110501207	-
WASF2	1	27730733	27816678	-
WASF3	13	27131819	27263085	+
WASH2P	2	114341229	114356613	+
WASH3P	15	102501015	102516808	+
WASH5P	19	60950	70966	-
WASH7P	1	14361	29370	-
WASH8P	12	73724	91263	+
WASHC1	9	14512	29739	-
WASHC2A	10	51827647	51893269	+
WASHC2C	10	46222490	46288412	+
WASHC3	12	102406617	102455902	-
WASHC4	12	105501508	105562906	+
WASHC5	8	126036502	126104061	-
WASIR2	16	72915	75112	+
WASL	7	123321996	123389057	-
WBP1	2	74685564	74688008	+
WBP11	12	14937515	14956412	-
WBP11P1	18	30091625	30094597	+
WBP1L	10	104503704	104576016	+
WBP2	17	73841779	73852517	-
WBP2NL	22	42394791	42424477	+
WBP4	13	41635644	41658142	+
WDCP	2	24252205	24270296	-
WDFY1	2	224740064	224810052	-
WDFY2	13	52158597	52341845	+
WDFY3	4	85590749	85887843	-
WDFY3-AS2	4	85886768	85929896	+
WDFY4	10	49892917	50191001	+
WDHD1	14	55405666	55493817	-
WDPCP	2	63346693	63815611	-
WDR1	4	10075962	10118423	-
WDR11	10	122610873	122669036	+
WDR11-AS1	10	122521323	122610691	-
WDR12	2	203738985	203776396	-
WDR13	X	48455879	48467257	+
WDR17	4	176986991	177103966	+
WDR18	19	982927	994556	+
WDR19	4	39184148	39287430	+
WDR20	14	102605759	102690010	+
WDR24	16	734621	740398	-
WDR25	14	100842752	100996640	+
WDR26	1	224572848	224622499	-
WDR27	6	169857302	170102159	-
WDR3	1	118472361	118509166	+
WDR31	9	116075501	116102555	-
WDR33	2	128458604	128568761	-
WDR35	2	20110028	20189866	-
WDR36	5	110428045	110466200	+
WDR37	10	1102324	1178312	+
WDR38	9	127615695	127620170	+
WDR4	21	44263189	44299699	-
WDR41	5	76726757	76788141	-
WDR43	2	29117532	29171085	+
WDR44	X	117480035	117583923	+
WDR45	X	48932091	48958059	-
WDR45B	17	80572437	80606320	-
WDR46	6	33246884	33257016	-
WDR47	1	109512835	109584850	-
WDR48	3	39093506	39138161	+
WDR49	3	167196472	167375711	-
WDR5	9	137000320	137025090	+
WDR53	3	196281049	196295545	-
WDR54	2	74648856	74652882	+
WDR55	5	140044383	140050553	+
WDR59	16	74905259	75019044	-
WDR5B	3	122130692	122134909	-
WDR6	3	49044823	49053386	+
WDR61	15	78575577	78591951	-
WDR62	19	36545798	36596010	+
WDR64	1	241815582	241966079	+
WDR7	18	54318589	54697023	+
WDR70	5	37379419	37753533	+
WDR72	15	53805937	54055075	-
WDR73	15	85182515	85197574	-
WDR74	11	62600376	62609281	-
WDR75	2	190306158	190340288	+
WDR76	15	44119199	44160610	+
WDR77	1	111982511	111991930	-
WDR81	17	1619816	1641893	+
WDR82	3	52288449	52312665	-
WDR83	19	12777620	12786646	+
WDR83OS	19	12778886	12780229	-
WDR86	7	151078206	151107798	-
WDR86-AS1	7	151106246	151110440	+
WDR87	19	38375462	38397234	-
WDR87BP	19	38314362	38345836	-
WDR88	19	33623019	33666703	+
WDR89	14	64063756	64108589	-
WDR90	16	699364	717830	+
WDR91	7	134868590	134896278	-
WDR92	2	68356936	68384659	-
WDR93	15	90234041	90286869	+
WDR97	8	145162641	145173220	+
WDSUB1	2	160092309	160143214	-
WDTC1	1	27561122	27635127	+
WEE1	11	9595216	9611532	+
WEE2	7	141408152	141431071	+
WEE2-AS1	7	141404137	141438030	-
WFDC1	16	84328483	84363450	+
WFDC10A	20	44258377	44259835	+
WFDC10B	20	44313289	44333658	-
WFDC11	20	44277201	44298878	-
WFDC12	20	43752065	43753106	-
WFDC13	20	44330676	44337456	+
WFDC2	20	44098392	44110172	+
WFDC21P	17	58160926	58165828	-
WFDC3	20	44402851	44420522	-
WFDC5	20	43738105	43743815	-
WFDC6	20	44162834	44168121	-
WFDC8	20	44179790	44207923	-
WFDC9	20	44236577	44259923	-
WFIKKN1	16	680984	684117	+
WFIKKN2	17	48911944	48919714	+
WFS1	4	6271576	6304992	+
WHAMM	15	83478379	83504860	+
WHAMMP1	15	32812048	32825942	-
WHAMMP2	15	28982728	29003508	+
WHAMMP3	15	23187728	23208357	-
WHRN	9	117164359	117267753	-
WIF1	12	65444405	65515085	-
WIPF1	2	175424301	175547641	-
WIPF2	17	38375555	38440388	+
WIPF3	7	29846169	29956682	+
WIPI1	17	66417421	66453665	-
WIPI2	7	5229863	5273486	+
WIZ	19	15530788	15560767	-
WLS	1	68564141	68698229	-
WNK1	12	861744	1020618	+
WNK2	9	95947211	96082854	+
WNK3	X	54219255	54384479	-
WNK4	17	40932627	40949084	+
WNT1	12	49372104	49376403	+
WNT10A	2	219745573	219758649	+
WNT10B	12	49359122	49365518	-
WNT11	11	75897368	75917546	-
WNT16	7	120965420	120981158	+
WNT2	7	116915504	116963112	-
WNT2B	1	113009162	113072787	+
WNT3	17	44839871	44896058	-
WNT3A	1	228194698	228248972	+
WNT4	1	22443805	22469590	-
WNT5A	3	55499742	55521334	-
WNT5B	12	1726221	1756378	+
WNT6	2	219724527	219738955	+
WNT7A	3	13857754	13921568	-
WNT7B	22	46316245	46373042	-
WNT8A	5	137419580	137428054	+
WNT8B	10	102222765	102243501	+
WNT9A	1	228106356	228135633	-
WNT9B	17	44928948	44964102	+
WRAP53	17	7589388	7606820	+
WRAP73	1	3547333	3566667	-
WRN	8	30891325	31033653	+
WRNIP1	6	2765626	2787186	+
WSB1	17	25621139	25642952	+
WSB2	12	118470496	118499979	-
WSCD1	17	5973933	6027747	+
WSCD2	12	108523064	108644313	+
WSPAR	5	133249367	133252960	+
WT1	11	32409320	32457085	-
WT1-AS	11	32457063	32480315	+
WTAP	6	160148029	160177351	+
WTAPP1	11	102654406	102707497	+
WTIP	19	34972662	35003209	+
WWC1	5	167718649	167899308	+
WWC2	4	184020409	184241929	+
WWC2-AS1	4	184154780	184161787	-
WWC2-AS2	4	184018173	184020352	-
WWC3	X	9983293	10112514	+
WWOX	16	78133550	79246564	+
WWP1	8	87354775	87480732	+
WWP2	16	69796234	69975644	+
WWTR1	3	149235015	149442575	-
WWTR1-AS1	3	149375996	149379149	+
XAB2	19	7684410	7694431	-
XACT	X	112859586	113181506	-
XAF1	17	6658765	6678964	+
XAGE1A	X	52238949	52546057	+
XAGE1B	X	52238809	52546197	+
XAGE2	X	52112163	52387010	+
XAGE3	X	52891557	52897114	-
XAGE5	X	52841227	52847322	+
XBP1	22	29190547	29196560	-
XCL1	1	168545842	168551307	+
XCL2	1	168510005	168513235	-
XCR1	3	46058500	46127336	-
XDH	2	31557186	31637608	-
XG	X	2670080	2734541	+
XIAP	X	122993557	123047822	+
XIRP1	3	39224705	39234086	-
XIRP2	2	167744989	168116261	+
XIRP2-AS1	2	167979318	167997465	-
XIST	X	73040485	73072588	-
XK	X	37545043	37591383	+
XKR3	22	17264305	17302589	-
XKR4	8	56014587	56454613	+
XKR5	8	6666040	6693046	-
XKR6	8	10753554	11059342	-
XKR7	20	30555953	30591190	+
XKR8	1	28286483	28294604	+
XKR9	8	71581573	71648177	+
XKRX	X	100168433	100183906	-
XKRY	Y	19880859	20298915	-
XKRY2	Y	19880859	20298915	-
XLOC_007697	9	44181510	44182719	-
XLOC_008559	10	92707056	92751889	+
XLOC_009911	12	121342497	121345877	+
XPA	9	100437190	100459691	-
XPC	3	14186647	14220172	-
XPNPEP1	10	111624523	111683311	-
XPNPEP2	X	128872954	128903512	+
XPNPEP3	22	41253084	41328819	+
XPO1	2	61704983	61765491	-
XPO4	13	21351467	21476913	-
XPO5	6	43490067	43543812	-
XPO6	16	28109297	28223286	-
XPO7	8	21777172	21864096	+
XPOT	12	64798171	64844905	+
XPR1	1	180601157	180859415	+
XRCC1	19	44047462	44079679	-
XRCC2	7	152341861	152373226	-
XRCC3	14	104163953	104181788	-
XRCC4	5	82373227	82649606	+
XRCC5	2	216974070	217071016	+
XRCC6	22	42017166	42060052	+
XRN1	3	142025451	142166904	-
XRN2	20	21283968	21370463	+
XRRA1	11	74551954	74660136	-
XXYLT1	3	194789007	194991888	-
XXYLT1-AS1	3	194815316	194816786	+
XXYLT1-AS2	3	194868599	194873585	+
XYLB	3	38388250	38468677	+
XYLT1	16	17195625	17564817	-
XYLT2	17	48423486	48438546	+
YAE1	7	39606002	39651688	+
YAF2	12	42550906	42632170	-
YAP1	11	101981177	102104155	+
YARS1	1	33240839	33283633	-
YARS2	12	32899477	32908831	-
YBEY	21	47706243	47717665	+
YBX1	1	43148088	43169476	+
YBX2	17	7191581	7197958	-
YBX3	12	10851687	10875922	-
YBX3P1	16	31579087	31580845	-
YDJC	22	21982378	21984311	-
YEATS2	3	183415584	183530413	+
YEATS2-AS1	3	183524851	183528239	-
YEATS4	12	69753489	69784650	+
YES1	18	721587	812243	-
YIF1A	11	66052050	66056614	-
YIF1B	19	38794197	38806587	-
YIPF1	1	54317405	54355470	-
YIPF2	19	11032868	11039315	-
YIPF3	6	43479569	43484664	-
YIPF4	2	32502972	32541663	+
YIPF5	5	143537726	143550223	-
YIPF6	X	67718623	67757127	+
YIPF7	4	44624353	44653658	-
YJEFN3	19	19639719	19648390	+
YJU2	19	4247076	4269085	+
YKT6	7	44240576	44253893	+
YLPM1	14	75230018	75304021	+
YME1L1	10	27399039	27443349	-
YOD1	1	207217193	207226325	-
YPEL1	22	22051825	22090083	-
YPEL2	17	57409015	57479090	+
YPEL3	16	30103634	30107534	-
YPEL4	11	57412559	57417417	-
YPEL5	2	30369872	30383399	+
YRDC	1	38268616	38273880	-
YTHDC1	4	69176104	69215808	-
YTHDC2	5	112849390	112930981	+
YTHDF1	20	61826781	61847483	-
YTHDF2	1	29063132	29096287	+
YTHDF3	8	64081111	64125346	+
YTHDF3-AS1	8	64080283	64081001	-
YWHAB	20	43514345	43537173	+
YWHAE	17	1247568	1303556	-
YWHAEP1	7	63894070	63895895	+
YWHAEP7	17	36202572	36244363	-
YWHAG	7	75956115	75988308	-
YWHAH	22	32340520	32353590	+
YWHAQ	2	9724095	9771126	-
YWHAZ	8	101928750	101965610	-
YY1	14	100705480	100749125	+
YY1AP1	1	155629232	155658823	-
YY1P2	2	139654893	139656744	+
YY2	X	21874104	21876853	+
ZACN	17	74075262	74078887	+
ZADH2	18	72907064	72921094	-
ZAN	7	100331217	100395419	+
ZAP70	2	98330038	98356323	+
ZAR1	4	48492268	48496406	+
ZAR1L	13	32877835	32889500	-
ZASP	7	100171633	100172842	-
ZBBX	3	166957630	167125674	-
ZBED2	3	111311746	111314193	-
ZBED3	5	76367896	76383110	-
ZBED3-AS1	5	76382622	76444176	+
ZBED4	22	50247491	50283728	+
ZBED5	11	10874252	10879600	-
ZBED5-AS1	11	10879763	10900823	+
ZBED6	1	203766650	203770200	+
ZBED6CL	7	150026937	150029810	+
ZBED8	5	159820154	159827104	-
ZBED9	6	28538311	28583954	-
ZBP1	20	56178907	56195482	-
ZBTB1	14	64971291	65000410	+
ZBTB10	8	81397827	81438500	+
ZBTB11	3	101367732	101395976	-
ZBTB11-AS1	3	101395273	101398057	+
ZBTB12	6	31867389	31869863	-
ZBTB14	18	5289017	5297052	-
ZBTB16	11	113930432	114127492	+
ZBTB17	1	16268363	16302627	-
ZBTB18	1	244212240	244220780	+
ZBTB2	6	151685249	151712694	-
ZBTB20	3	114033346	114866135	-
ZBTB20-AS1	3	114070657	114107825	+
ZBTB20-AS3	3	114591879	114595361	+
ZBTB20-AS4	3	114819269	114821908	+
ZBTB20-AS5	3	114172439	114238979	+
ZBTB21	21	43406939	43430469	-
ZBTB22	6	33282181	33285719	-
ZBTB24	6	109783800	109804440	-
ZBTB25	14	64915823	64971931	-
ZBTB26	9	125677844	125693791	-
ZBTB3	11	62518434	62521632	-
ZBTB32	19	36195459	36207940	+
ZBTB33	X	119384666	119392253	+
ZBTB34	9	129622917	129648156	+
ZBTB37	1	173837219	173872685	+
ZBTB38	3	141043027	141168632	+
ZBTB39	12	57392619	57400330	-
ZBTB4	17	7362696	7387568	-
ZBTB40	1	22778343	22857650	+
ZBTB41	1	197122811	197170423	-
ZBTB42	14	105266890	105271048	+
ZBTB43	9	129567284	129600487	+
ZBTB44	11	130096573	130184812	-
ZBTB44-DT	11	130184887	130273552	+
ZBTB45	19	59024896	59053079	-
ZBTB46	20	62375022	62462617	-
ZBTB46-AS1	20	62439428	62454360	+
ZBTB47	3	42695188	42709072	+
ZBTB48	1	6640053	6649340	+
ZBTB49	4	4291977	4323510	+
ZBTB5	9	37438099	37465447	-
ZBTB6	9	125670334	125675602	-
ZBTB7A	19	4043300	4066897	-
ZBTB7B	1	154975124	154990999	+
ZBTB7C	18	45553042	45938956	-
ZBTB8A	1	33005027	33071542	+
ZBTB8B	1	32930672	32962286	+
ZBTB8OS	1	33086423	33116533	-
ZBTB9	6	33422352	33425320	+
ZC2HC1A	8	79578323	79631997	+
ZC2HC1B	6	144185610	144259480	+
ZC2HC1C	14	75536343	75546691	+
ZC3H10	12	56512049	56521298	+
ZC3H11A	1	203764750	203823252	+
ZC3H11B	1	219781353	219786487	-
ZC3H12A	1	37940180	37949978	+
ZC3H12B	X	64708614	64727767	+
ZC3H12C	11	109964117	110042566	+
ZC3H12D	6	149767930	149806150	-
ZC3H13	13	46528599	46626881	-
ZC3H14	14	89029380	89093940	+
ZC3H15	2	187350986	187374087	+
ZC3H18	16	88636810	88698372	+
ZC3H18-AS1	16	88626510	88628391	-
ZC3H3	8	144519828	144623617	-
ZC3H4	19	47567446	47617033	-
ZC3H6	2	113033173	113097636	+
ZC3H7A	16	11844452	11891114	-
ZC3H7B	22	41697528	41756151	+
ZC3H8	2	112969106	113012619	-
ZC3HAV1	7	138728260	138794466	-
ZC3HAV1L	7	138710451	138720788	-
ZC3HC1	7	129658125	129691291	-
ZC4H2	X	64135681	64254621	-
ZCCHC10	5	132332676	132362241	-
ZCCHC12	X	117957786	117960931	+
ZCCHC13	X	73524014	73524869	+
ZCCHC14	16	87439853	87526630	-
ZCCHC17	1	31769828	31837800	+
ZCCHC18	X	103357213	103360533	+
ZCCHC2	18	60190257	60253962	+
ZCCHC24	10	81142082	81205380	-
ZCCHC3	20	278210	280963	+
ZCCHC4	4	25314395	25372005	+
ZCCHC7	9	37120468	37358145	+
ZCCHC8	12	122956146	122985479	-
ZCCHC9	5	80597401	80609116	+
ZCRB1	12	42705887	42719896	-
ZCWPW1	7	99998438	100026326	-
ZCWPW2	3	28390211	28567849	+
ZDBF2	2	207139386	207179150	+
ZDHHC1	16	67428054	67450380	-
ZDHHC11	5	795719	851101	-
ZDHHC11B	5	710469	784844	-
ZDHHC12	9	131483151	131486406	-
ZDHHC13	11	19138691	19197967	+
ZDHHC14	6	157802221	158099188	+
ZDHHC15	X	74588261	74743337	-
ZDHHC16	10	99205887	99217127	+
ZDHHC17	12	77157894	77247481	+
ZDHHC18	1	27153178	27184095	+
ZDHHC19	3	195924322	195938271	-
ZDHHC2	8	17013990	17082308	+
ZDHHC20	13	21946709	22033509	-
ZDHHC21	9	14611068	14693430	-
ZDHHC22	14	77597612	77608134	-
ZDHHC23	3	113666747	113682220	+
ZDHHC24	11	66288095	66313519	-
ZDHHC3	3	44956752	45017666	-
ZDHHC4	7	6617064	6629005	+
ZDHHC5	11	57435585	57468654	+
ZDHHC6	10	114184170	114207361	-
ZDHHC7	16	85007780	85045141	-
ZDHHC8	22	20119326	20135530	+
ZDHHC8P1	22	23732791	23744799	-
ZDHHC9	X	128937263	128977862	-
ZEB1	10	31607345	31818732	+
ZEB1-AS1	10	31596645	31609376	-
ZEB2	2	145141647	145277686	-
ZEB2-AS1	2	145277180	145278465	+
ZER1	9	131492066	131534765	-
ZFAND1	8	82613565	82633539	-
ZFAND2A	7	1188485	1199832	-
ZFAND2A-DT	7	1200009	1205594	+
ZFAND2B	2	220071503	220074373	+
ZFAND3	6	37787502	38122399	+
ZFAND4	10	46110947	46168261	-
ZFAND5	9	74966328	74980124	-
ZFAND6	15	80351909	80430735	+
ZFAS1	20	47894714	47905795	+
ZFAT	8	135490030	135725274	-
ZFAT-AS1	8	135610313	135612932	+
ZFC3H1	12	72003379	72057628	-
ZFHX2	14	23990065	24020974	-
ZFHX3	16	72816785	73178346	-
ZFHX4	8	77593481	77779517	+
ZFHX4-AS1	8	77523113	77595510	-
ZFP1	16	75182421	75206132	+
ZFP14	19	36825354	36870103	-
ZFP2	5	178322913	178360212	+
ZFP28	19	57050316	57068176	+
ZFP3	17	4981761	4999669	+
ZFP30	19	38121906	38147162	-
ZFP36	19	39897486	39900047	+
ZFP36L1	14	69254371	69262960	-
ZFP36L2	2	43449540	43453745	-
ZFP37	9	115800656	115819004	-
ZFP41	8	144329108	144344875	+
ZFP42	4	188916924	188926200	+
ZFP57	6	29640168	29648929	-
ZFP62	5	180274611	180288276	-
ZFP64	20	50700549	50808524	-
ZFP69	1	40942961	40962015	+
ZFP69B	1	40915735	40929387	+
ZFP82	19	36874021	36909546	-
ZFP90	16	68573115	68609975	+
ZFP91	11	58346535	58389023	+
ZFP91-CNTF	11	58346586	58393205	+
ZFP92	X	152683780	152687086	+
ZFPL1	11	64851693	64855868	+
ZFPM1	16	88519687	88603439	+
ZFPM2	8	106330665	106816767	+
ZFPM2-AS1	8	106792637	107072731	-
ZFR	5	32354455	32444846	-
ZFR2	19	3804021	3869036	-
ZFX	X	24167098	24234372	+
ZFX-AS1	X	24164341	24167771	-
ZFY	Y	2803421	2850547	+
ZFY-AS1	Y	2834859	2870667	-
ZFYVE1	14	73436152	73493814	-
ZFYVE16	5	79703882	79779198	+
ZFYVE19	15	41099286	41107282	+
ZFYVE21	14	104182080	104200005	+
ZFYVE26	14	68213238	68283307	-
ZFYVE27	10	99496877	99520664	+
ZFYVE28	4	2271323	2420372	-
ZFYVE9	1	52607760	52812358	+
ZG16	16	29789576	29794294	+
ZG16B	16	2880172	2882285	+
ZGLP1	19	10415478	10420233	-
ZGPAT	20	62338793	62367494	+
ZGRF1	4	113460488	113558151	-
ZHX1	8	124260689	124287781	-
ZHX1-C8orf76	8	124238430	124286526	-
ZHX2	8	123793893	123986750	+
ZHX3	20	39807094	39946371	-
ZIC1	3	147127151	147134506	+
ZIC2	13	100634037	100639019	+
ZIC3	X	136648285	136659850	+
ZIC4	3	147103832	147124596	-
ZIC5	13	100615217	100624163	-
ZIK1	19	58095512	58105258	+
ZIM2	19	57285922	57352097	-
ZIM2-AS1	19	57276689	57311014	+
ZIM3	19	57645463	57656570	-
ZKSCAN1	7	99613174	99642997	+
ZKSCAN2	16	25247321	25269166	-
ZKSCAN3	6	28317723	28336949	+
ZKSCAN4	6	28209474	28226989	-
ZKSCAN5	7	99102284	99132299	+
ZKSCAN7	3	44596684	44624973	+
ZKSCAN7-AS1	3	44598848	44727145	-
ZKSCAN8	6	28109660	28127250	+
ZMAT1	X	101137261	101187000	-
ZMAT2	5	140080031	140086271	+
ZMAT3	3	178735012	178790301	-
ZMAT4	8	40388110	40755345	-
ZMAT5	22	30126944	30163000	-
ZMIZ1	10	80828722	81076275	+
ZMIZ1-AS1	10	80703082	80827205	-
ZMIZ2	7	44788164	44809479	+
ZMPSTE24	1	40723907	40759852	+
ZMYM1	1	35525386	35581459	+
ZMYM2	13	20531562	20663255	+
ZMYM3	X	70459473	70475047	-
ZMYM4	1	35734309	35887659	+
ZMYM4-AS1	1	35824424	35831678	-
ZMYM5	13	20397621	20437789	-
ZMYM6	1	35451765	35497546	-
ZMYND10	3	50378543	50383163	-
ZMYND11	10	176027	300577	+
ZMYND12	1	42896000	42921938	-
ZMYND15	17	4643127	4649414	+
ZMYND19	9	140476532	140484964	-
ZMYND8	20	45837858	45985633	-
ZNF10	12	133707212	133736049	+
ZNF100	19	21905572	21950381	-
ZNF101	19	19778961	19794315	+
ZNF106	15	42705020	42783339	-
ZNF107	7	64126460	64171960	+
ZNF112	19	44830705	44871375	-
ZNF114	19	48773337	48790865	+
ZNF117	7	64432153	64451414	-
ZNF12	7	6728064	6746578	-
ZNF121	19	9671004	9695180	-
ZNF124	1	247285276	247335322	-
ZNF131	5	43121015	43176426	+
ZNF132	19	58944180	58951520	-
ZNF133	20	18268871	18297640	+
ZNF134	19	58125609	58136092	+
ZNF135	19	58570606	58581110	+
ZNF136	19	12273861	12300696	+
ZNF137P	19	53099936	53103405	+
ZNF138	7	64254805	64321201	+
ZNF14	19	19821280	19843921	-
ZNF140	12	133656788	133684258	+
ZNF141	4	331602	378657	+
ZNF142	2	219498051	219524346	-
ZNF143	11	9482511	9550071	+
ZNF146	19	36706007	36729670	+
ZNF148	3	124944512	125094198	-
ZNF154	19	58207642	58220572	-
ZNF155	19	44488321	44502478	+
ZNF157	X	47229976	47273897	+
ZNF16	8	146155743	146176266	-
ZNF160	19	53569866	53606687	-
ZNF165	6	28048059	28057340	+
ZNF169	9	97021547	97064111	+
ZNF17	19	57922528	57933307	+
ZNF174	16	3451189	3459364	+
ZNF175	19	52074535	52095763	+
ZNF177	19	9473688	9493293	+
ZNF18	17	11880755	11900827	-
ZNF180	19	44978663	45004574	-
ZNF181	19	35225147	35236283	+
ZNF182	X	47834249	47863388	-
ZNF184	6	27371785	27440897	-
ZNF185	X	152082985	152142025	+
ZNF189	9	104161132	104172942	+
ZNF19	16	71507485	71523227	-
ZNF192P1	6	28129538	28137373	+
ZNF195	11	3379156	3400452	-
ZNF197	3	44666527	44689963	+
ZNF197-AS1	3	44658619	44666289	-
ZNF2	2	95831553	95850064	+
ZNF20	19	12242167	12251165	-
ZNF200	16	3272324	3285158	-
ZNF202	11	123594622	123612368	-
ZNF204P	6	27325601	27343153	-
ZNF205	16	3162579	3170518	+
ZNF205-AS1	16	3160460	3165599	-
ZNF207	17	30677156	30708904	+
ZNF208	19	22122567	22193745	-
ZNF211	19	58144534	58155414	+
ZNF212	7	148936741	148952688	+
ZNF213	16	3185029	3192805	+
ZNF213-AS1	16	3175529	3184883	-
ZNF214	11	7018315	7041577	-
ZNF215	11	6947656	7010161	+
ZNF217	20	52183609	52210378	-
ZNF219	14	21558204	21572863	-
ZNF22	10	45496370	45500774	+
ZNF22-AS1	10	45489379	45496251	-
ZNF221	19	44455374	44471861	+
ZNF222	19	44529493	44537262	+
ZNF223	19	44556188	44572152	+
ZNF224	19	44598513	44614039	+
ZNF225	19	44617551	44638975	+
ZNF226	19	44669214	44681838	+
ZNF227	19	44716680	44741421	+
ZNF229	19	44930422	44952766	-
ZNF23	16	71481502	71496150	-
ZNF230	19	44507108	44518076	+
ZNF232	17	5009028	5026411	-
ZNF232-AS1	17	5015229	5017677	+
ZNF233	19	44764032	44779470	+
ZNF234	19	44645706	44664466	+
ZNF235	19	44790500	44809178	-
ZNF236	18	74534512	74684855	+
ZNF236-DT	18	74506687	74534251	-
ZNF239	10	44051792	44070066	-
ZNF24	18	32912190	32924384	-
ZNF248	10	38047465	38147031	-
ZNF25	10	38238499	38265575	-
ZNF250	8	146102339	146127562	-
ZNF251	8	145946293	145980916	-
ZNF252P	8	146198974	146228285	-
ZNF252P-AS1	8	146228196	146231432	+
ZNF253	19	19976638	20005483	+
ZNF254	19	24216206	24312769	+
ZNF256	19	58452200	58459074	-
ZNF257	19	22235285	22274264	+
ZNF26	12	133562952	133603688	+
ZNF260	19	37001588	37019173	-
ZNF263	16	3333490	3341459	+
ZNF264	19	57702867	57734214	+
ZNF266	19	9523101	9546254	-
ZNF267	16	31885127	31928678	+
ZNF268	12	133758080	133791418	+
ZNF271P	18	32870235	32890730	+
ZNF273	7	64342890	64391955	+
ZNF274	19	58694355	58724928	+
ZNF275	X	152599610	152618384	+
ZNF276	16	89786775	89807332	+
ZNF277	7	111846749	111983989	+
ZNF28	19	53300660	53324886	-
ZNF280A	22	22868060	22874613	-
ZNF280B	22	22838770	22863060	-
ZNF280C	X	129336680	129402873	-
ZNF280D	15	56922373	57026284	-
ZNF281	1	200374078	200379164	-
ZNF282	7	148892637	148923329	+
ZNF283	19	44331472	44356169	+
ZNF284	19	44576311	44593766	+
ZNF285	19	44886476	44905774	-
ZNF286A	17	15603065	15624100	+
ZNF286B	17	18561742	18585627	-
ZNF287	17	16450267	16472526	-
ZNF292	6	87865282	87975661	+
ZNF295-AS1	21	43429302	43445029	+
ZNF296	19	45574757	45579736	-
ZNF3	7	99661459	99680200	-
ZNF30	19	35417806	35436076	+
ZNF30-AS1	19	35413918	35417730	-
ZNF300	5	150273953	150284545	-
ZNF300P1	5	150309997	150326146	-
ZNF302	19	35168543	35177302	+
ZNF304	19	57862638	57871265	+
ZNF311	6	28962564	28973389	-
ZNF316	7	6676948	6697910	+
ZNF317	19	9251072	9274089	+
ZNF318	6	43303807	43337385	-
ZNF319	16	58028579	58034576	-
ZNF32	10	44139306	44144329	-
ZNF32-AS1	10	44139319	44140495	+
ZNF32-AS2	10	44141389	44143467	+
ZNF32-AS3	10	44124264	44170147	+
ZNF320	19	53362743	53400947	-
ZNF321P	19	53430387	53445847	-
ZNF322	6	26634610	26659980	-
ZNF324	19	58978446	58986803	+
ZNF324B	19	58962988	58969200	+
ZNF326	1	90460653	90501092	+
ZNF329	19	58637616	58662156	-
ZNF330	4	142142048	142155850	+
ZNF331	19	54024267	54083523	+
ZNF333	19	14800859	14844554	+
ZNF334	20	45128268	45142211	-
ZNF335	20	44577298	44600842	-
ZNF337	20	25653830	25677489	-
ZNF337-AS1	20	25604680	25658708	+
ZNF33A	10	38299577	38356762	+
ZNF33B	10	43069630	43134285	-
ZNF33BP1	10	38082865	38084103	-
ZNF34	8	145997608	146012730	-
ZNF341	20	32319565	32380075	+
ZNF341-AS1	20	32375178	32398905	-
ZNF343	20	2462465	2505168	-
ZNF345	19	37341259	37384120	+
ZNF346	5	176449680	176508190	+
ZNF347	19	53638187	53662313	-
ZNF35	3	44690223	44702283	+
ZNF350	19	52467592	52490093	-
ZNF350-AS1	19	52452386	52484620	+
ZNF354A	5	178138515	178157660	-
ZNF354B	5	178286953	178312017	+
ZNF354C	5	178487373	178510978	+
ZNF358	19	7580988	7585911	+
ZNF362	1	33722092	33766320	+
ZNF365	10	64133915	64240048	+
ZNF366	5	71735731	71803237	-
ZNF367	9	99148224	99180652	-
ZNF37A	10	38383263	38439221	+
ZNF37BP	10	43008960	43048318	-
ZNF382	19	37096214	37125016	+
ZNF383	19	37709115	37739642	+
ZNF384	12	6775642	6798738	-
ZNF385A	12	54762919	54785082	-
ZNF385B	2	180306710	180726339	-
ZNF385C	17	40177593	40250491	-
ZNF385D	3	21453709	21792702	-
ZNF385D-AS1	3	21584280	21621451	+
ZNF385D-AS2	3	21998630	22021320	+
ZNF391	6	27342413	27371686	+
ZNF394	7	99084141	99097931	-
ZNF395	8	28203106	28243977	-
ZNF396	18	32946658	32957301	-
ZNF397	18	32820997	32839191	+
ZNF398	7	148823499	148880118	+
ZNF404	19	44376516	44384288	-
ZNF407	18	72265105	72777627	+
ZNF408	11	46722580	46727462	+
ZNF41	X	47304576	47342668	-
ZNF410	14	74353561	74399224	+
ZNF414	19	8574561	8579051	-
ZNF415	19	53611131	53636173	-
ZNF416	19	58082933	58090295	-
ZNF417	19	58417141	58427960	-
ZNF418	19	58433249	58446770	-
ZNF419	19	57999117	58007466	+
ZNF420	19	37569123	37621268	+
ZNF423	16	49521435	49891830	-
ZNF425	7	148799876	148823416	-
ZNF426	19	9633898	9649321	-
ZNF426-DT	19	9649341	9650406	+
ZNF428	19	44111375	44123781	-
ZNF429	19	21688403	21723469	+
ZNF43	19	21987748	22034870	-
ZNF430	19	21203462	21242853	+
ZNF431	19	21324842	21378856	+
ZNF432	19	52534630	52552091	-
ZNF433	19	12125531	12146556	-
ZNF433-AS1	19	12098431	12157090	+
ZNF436	1	23685940	23696329	-
ZNF436-AS1	1	23695463	23698330	+
ZNF438	10	31133564	31320866	-
ZNF439	19	11959540	11980301	+
ZNF44	19	12382624	12405714	-
ZNF440	19	11925087	11946027	+
ZNF441	19	11877814	11894893	+
ZNF442	19	12456759	12476497	-
ZNF443	19	12540519	12551835	-
ZNF444	19	56652655	56672262	+
ZNF445	3	44473198	44519162	-
ZNF446	19	58987718	59000900	+
ZNF449	X	134478720	134497338	+
ZNF45	19	44416775	44439434	-
ZNF451	6	56954827	57035102	+
ZNF451-AS1	6	56979708	57037011	-
ZNF454	5	178368198	178393434	+
ZNF460	19	57791334	57805437	+
ZNF460-AS1	19	57778560	57791702	-
ZNF461	19	37127519	37157739	-
ZNF462	9	109625446	109775915	+
ZNF467	7	149461270	149470677	-
ZNF468	19	53341262	53360872	-
ZNF469	16	88449366	88507159	+
ZNF470	19	57078836	57094262	+
ZNF471	19	57019223	57041577	+
ZNF473	19	50529261	50552031	+
ZNF474	5	121465240	121489264	+
ZNF479	7	57187325	57207571	-
ZNF48	16	30389632	30411429	+
ZNF480	19	52800421	52829180	+
ZNF483	9	114287458	114340397	+
ZNF484	9	95606463	95640320	-
ZNF485	10	44101854	44113352	+
ZNF486	19	20278022	20311297	+
ZNF487	10	43932295	43978629	+
ZNF488	10	48355068	48373866	+
ZNF490	19	12686914	12721627	-
ZNF491	19	11909337	11919317	+
ZNF492	19	22817125	22850473	+
ZNF493	19	21579934	21610378	+
ZNF496	1	247460716	247495169	-
ZNF497	19	58865722	58874117	-
ZNF500	16	4798239	4817163	-
ZNF501	3	44771097	44778575	+
ZNF502	3	44754134	44765323	+
ZNF503	10	77039483	77161652	-
ZNF503-AS1	10	77056140	77121436	+
ZNF503-AS2	10	77161285	77168740	+
ZNF506	19	19903519	19932559	-
ZNF507	19	32836515	32878573	+
ZNF510	9	99516830	99540411	-
ZNF511	10	135122417	135126665	+
ZNF512	2	27805835	27846084	+
ZNF512B	20	62588056	62601283	-
ZNF513	2	27600097	27603601	-
ZNF514	2	95810744	95825593	-
ZNF516	18	74069636	74207198	-
ZNF516-DT	18	74207294	74210046	+
ZNF517	8	146024297	146038427	+
ZNF518A	10	97889471	97965047	+
ZNF518B	4	10441503	10459050	-
ZNF519	18	14071119	14132434	-
ZNF521	18	22641887	22932130	-
ZNF524	19	56111653	56114504	+
ZNF525	19	53868957	53889841	+
ZNF526	19	42724463	42732353	+
ZNF527	19	37862000	37883968	+
ZNF528	19	52901101	52921654	+
ZNF528-AS1	19	52892092	52901010	-
ZNF529	19	37034514	37096178	-
ZNF529-AS1	19	37063971	37085618	+
ZNF530	19	58111252	58124089	+
ZNF532	18	56530155	56653712	+
ZNF534	19	52932400	52955562	+
ZNF536	19	30716498	31204493	+
ZNF540	19	38042275	38105079	+
ZNF541	19	48023946	48076405	-
ZNF542P	19	56879467	56891196	+
ZNF543	19	57831839	57842138	+
ZNF544	19	58740046	58788858	+
ZNF546	19	40502966	40526945	+
ZNF547	19	57874918	57890933	+
ZNF548	19	57901217	57914360	+
ZNF549	19	58038692	58052244	+
ZNF550	19	58053205	58071231	-
ZNF551	19	58193344	58202016	+
ZNF552	19	58318449	58326281	-
ZNF554	19	2819865	2836733	+
ZNF555	19	2841472	2860469	+
ZNF556	19	2867332	2883443	+
ZNF557	19	7069713	7087978	+
ZNF558	19	8916845	8942980	-
ZNF559	19	9434447	9456574	+
ZNF559-ZNF177	19	9434854	9493293	+
ZNF56	19	19887382	19946990	+
ZNF560	19	9577030	9609292	-
ZNF561	19	9718005	9731908	-
ZNF561-AS1	19	9732157	9745538	+
ZNF562	19	9752482	9785776	-
ZNF563	19	12428303	12444447	-
ZNF564	19	12636186	12662296	-
ZNF565	19	36672961	36736830	-
ZNF566	19	36936020	36980463	-
ZNF567	19	37178513	37214248	+
ZNF568	19	37407230	37488834	+
ZNF569	19	37902059	37958346	-
ZNF57	19	2900925	2918474	+
ZNF570	19	37958673	37979554	+
ZNF571	19	38055154	38085693	-
ZNF571-AS1	19	38039850	38078248	+
ZNF572	8	125985536	125991630	+
ZNF573	19	38229202	38270230	-
ZNF574	19	42572628	42585719	+
ZNF575	19	44037339	44040239	+
ZNF576	19	44100543	44105309	+
ZNF577	19	52307694	52391229	-
ZNF578	19	52956805	53020134	+
ZNF579	19	56088139	56092214	-
ZNF580	19	56152367	56154836	+
ZNF581	19	56155014	56156989	+
ZNF582	19	56894119	56904903	-
ZNF582-AS1	19	56905044	56910544	+
ZNF583	19	56915382	56938733	+
ZNF584	19	58920015	58929692	+
ZNF585A	19	37636442	37663643	-
ZNF585B	19	37672480	37701438	-
ZNF586	19	58281019	58291984	+
ZNF587	19	58361226	58376483	+
ZNF587B	19	58341666	58357606	+
ZNF589	3	48282593	48312479	+
ZNF592	15	85291822	85349676	+
ZNF593	1	26496398	26497364	+
ZNF594	17	5082829	5095163	-
ZNF595	4	53178	88099	+
ZNF596	8	182136	197340	+
ZNF597	16	3482413	3493504	-
ZNF598	16	2047654	2059822	-
ZNF599	19	35248977	35264120	-
ZNF600	19	53267436	53290044	-
ZNF605	12	133494891	133532892	-
ZNF606	19	58488415	58514714	-
ZNF607	19	38187263	38210662	-
ZNF608	5	123972607	124084517	-
ZNF609	15	64752776	64978266	+
ZNF610	19	52839495	52871031	+
ZNF611	19	53206065	53238307	-
ZNF613	19	52430724	52449874	+
ZNF614	19	52516576	52531632	-
ZNF615	19	52494584	52511483	-
ZNF616	19	52616344	52643191	-
ZNF618	9	116638561	116818875	+
ZNF619	3	40518603	40532544	+
ZNF620	3	40547529	40560213	+
ZNF621	3	40566368	40581285	+
ZNF622	5	16451627	16465909	-
ZNF623	8	144718188	144735900	+
ZNF624	17	16524047	16557164	-
ZNF625	19	12255708	12267549	-
ZNF625-ZNF20	19	12242167	12267546	-
ZNF626	19	20802744	20844402	-
ZNF627	19	11708297	11729976	+
ZNF628	19	55987983	55995854	+
ZNF629	16	30789776	30798526	-
ZNF630	X	47916904	47931025	-
ZNF630-AS1	X	47915698	47926696	+
ZNF638	2	71558884	71662191	+
ZNF639	3	179040663	179056371	+
ZNF641	12	48728369	48745029	-
ZNF644	1	91380856	91487812	-
ZNF646	16	31085742	31095517	+
ZNF648	1	182023704	182030847	-
ZNF649	19	52392487	52408270	-
ZNF649-AS1	19	52391277	52403717	+
ZNF652	17	47366567	47439835	-
ZNF653	19	11594243	11616654	-
ZNF654	3	88108404	88193810	+
ZNF655	7	99156044	99174077	+
ZNF658	9	40760699	40792116	-
ZNF658B	9	39443813	41609544	-
ZNF66	19	20959109	20992801	+
ZNF660	3	44626455	44641185	+
ZNF660-ZNF197	3	44626455	44689963	+
ZNF662	3	42947633	42960826	+
ZNF663P	20	45085131	45086282	-
ZNF664	12	124457761	124499974	+
ZNF664-RFLNA	12	124457761	124800570	+
ZNF665	19	53665676	53696611	-
ZNF667	19	56950692	56988770	-
ZNF667-AS1	19	56989242	57006805	+
ZNF668	16	31072163	31085561	-
ZNF669	1	247263263	247267674	-
ZNF670	1	247197938	247242113	-
ZNF670-ZNF695	1	247108848	247242115	-
ZNF671	19	58231118	58238992	-
ZNF672	1	249132422	249143716	+
ZNF674	X	46357159	46404856	-
ZNF674-AS1	X	46404924	46407910	+
ZNF675	19	23835602	23870014	-
ZNF676	19	22361890	22379753	-
ZNF677	19	53738633	53758126	-
ZNF678	1	227751256	227867370	+
ZNF679	7	63688851	63727309	+
ZNF680	7	63980255	64023505	-
ZNF681	19	23921996	23941693	-
ZNF682	19	20115226	20150314	-
ZNF683	1	26688124	26699285	-
ZNF684	1	40997308	41013838	+
ZNF687	1	151253997	151264648	+
ZNF687-AS1	1	151252499	151254405	-
ZNF688	16	30581020	30583728	-
ZNF689	16	30613878	30622096	-
ZNF69	19	11998596	12025371	+
ZNF691	1	43312243	43318146	+
ZNF692	1	249144206	249153284	-
ZNF695	1	247108847	247171359	-
ZNF696	8	144373586	144382120	+
ZNF697	1	120161999	120190889	-
ZNF699	19	9401815	9420514	-
ZNF7	8	146052902	146072893	+
ZNF70	22	24080868	24093299	-
ZNF700	19	12035882	12061588	+
ZNF701	19	53073539	53090427	+
ZNF702P	19	53471503	53496784	-
ZNF703	8	37553299	37557537	+
ZNF704	8	81540685	81787016	-
ZNF705A	12	8325149	8332642	+
ZNF705B	8	7783858	7809935	+
ZNF705D	8	11946846	11973025	+
ZNF705E	11	71525090	71532593	-
ZNF705G	8	7213038	7243080	-
ZNF706	8	102209265	102218292	-
ZNF707	8	144766648	144777555	+
ZNF708	19	21473961	21512241	-
ZNF709	19	12571997	12595630	-
ZNF71	19	57106663	57135854	+
ZNF71-SMIM17	19	57106669	57168615	+
ZNF710	15	90544555	90625423	+
ZNF710-AS1	15	90617743	90625439	-
ZNF711	X	84498996	84528363	+
ZNF713	7	55955148	56009918	+
ZNF714	19	21264952	21307883	+
ZNF716	7	57509882	57533265	+
ZNF717	3	75779111	75834700	-
ZNF718	4	53192	196095	+
ZNF720	16	31724549	31772886	+
ZNF721	4	433778	492945	-
ZNF722P	7	63459183	63483903	+
ZNF723	19	23015092	23041469	+
ZNF724	19	23404400	23433196	-
ZNF726	19	24097687	24127516	+
ZNF727	7	63505811	63545717	+
ZNF728	19	23157684	23185978	-
ZNF729	19	22469242	22499978	+
ZNF730	19	23299826	23330023	+
ZNF732	4	264463	299263	-
ZNF733P	7	62751669	62764434	-
ZNF735	7	63667580	63680668	+
ZNF736	7	63774250	63817012	+
ZNF737	19	20720797	20748587	-
ZNF738	19	21541731	21571384	+
ZNF74	22	20748404	20762753	+
ZNF740	12	53574505	53588926	+
ZNF746	7	149169786	149194900	-
ZNF747	16	30541687	30546291	-
ZNF749	19	57946692	57958469	+
ZNF750	17	80787309	80797898	-
ZNF75A	16	3355405	3368851	+
ZNF75D	X	134382535	134478034	-
ZNF76	6	35227511	35263762	+
ZNF761	19	53935236	53961515	+
ZNF763	19	12075854	12091431	+
ZNF764	16	30565084	30569695	-
ZNF765	19	53898385	53930574	+
ZNF765-ZNF761	19	53898401	53961515	+
ZNF766	19	52772839	52799299	+
ZNF767P	7	149244244	149321881	-
ZNF768	16	30535325	30537887	-
ZNF77	19	2933215	2944969	-
ZNF770	15	35270541	35280488	-
ZNF771	16	30418734	30430730	+
ZNF772	19	57980953	57988934	-
ZNF773	19	58011221	58029774	+
ZNF774	15	90895515	90906079	+
ZNF775	7	150076418	150095718	+
ZNF776	19	58258182	58269516	+
ZNF777	7	149128453	149158153	-
ZNF778	16	89284110	89303544	+
ZNF780A	19	40575058	40596850	-
ZNF780B	19	40534166	40562138	-
ZNF781	19	38158652	38183216	-
ZNF782	9	99578552	99616796	-
ZNF783	7	148959286	148982085	+
ZNF784	19	56132106	56135932	-
ZNF785	16	30591991	30597018	-
ZNF786	7	148766732	148787810	-
ZNF787	19	56598731	56632664	-
ZNF788P	19	12203111	12225568	+
ZNF789	7	99070512	99085228	+
ZNF79	9	130186652	130207651	+
ZNF790	19	37308330	37341689	-
ZNF790-AS1	19	37288451	37319013	+
ZNF791	19	12721733	12744635	+
ZNF792	19	35447257	35455133	-
ZNF793	19	37997840	38034235	+
ZNF793-AS1	19	37988062	37997989	-
ZNF799	19	12500827	12512088	-
ZNF8	19	58790320	58814157	+
ZNF8-ERVK3-1	19	58790331	58827023	+
ZNF80	3	113953479	113956425	-
ZNF800	7	127010096	127032762	-
ZNF804A	2	185463255	185804218	+
ZNF804B	7	88389013	88967842	+
ZNF805	19	57751999	57774096	+
ZNF806	2	133062364	133080322	+
ZNF807P	19	35032620	35036291	-
ZNF808	19	53030908	53059589	+
ZNF81	X	47696300	47785026	+
ZNF812P	19	9799535	9811452	-
ZNF813	19	53970986	53999509	+
ZNF814	19	58380748	58400405	-
ZNF815P	7	5862790	5894066	+
ZNF816	19	53452639	53466134	-
ZNF816-ZNF321P	19	53430387	53466164	-
ZNF818P	19	53716200	53719355	+
ZNF821	16	71893582	71918559	-
ZNF823	19	11832079	11849761	-
ZNF826P	19	20578625	20607771	-
ZNF827	4	146678778	146859975	-
ZNF829	19	37379025	37407193	-
ZNF83	19	53115617	53193834	-
ZNF830	17	33288558	33290796	+
ZNF831	20	57698442	57834167	+
ZNF833P	19	11784812	11797384	+
ZNF835	19	57173347	57183125	-
ZNF836	19	52657359	52674874	-
ZNF837	19	58878989	58892397	-
ZNF839	14	102783842	102808704	+
ZNF84	12	133613871	133639890	+
ZNF84-DT	12	133609244	133613808	-
ZNF841	19	52561347	52599018	-
ZNF843	16	31446754	31454481	-
ZNF844	19	12175545	12192380	+
ZNF845	19	53836971	53860159	+
ZNF846	19	9862668	9896859	-
ZNF847P	1	227884732	227885408	-
ZNF85	19	21106056	21133503	+
ZNF850	19	37234379	37263716	-
ZNF852	3	44540228	44552109	-
ZNF853	7	6655240	6663921	+
ZNF860	3	32023241	32033207	+
ZNF862	7	149535463	149564568	+
ZNF865	19	56117012	56128635	+
ZNF875	19	37803738	37855358	+
ZNF876P	4	206388	249773	+
ZNF878	19	12154619	12163776	-
ZNF879	5	178450804	178462051	+
ZNF880	19	52873175	52889046	+
ZNF883	9	115759399	115774472	-
ZNF888	19	53407667	53426681	-
ZNF890P	7	5160940	5184177	-
ZNF891	12	133696554	133707059	-
ZNF90	19	20188808	20231970	+
ZNF91	19	23540497	23578273	-
ZNF92	7	64838711	64866049	+
ZNF93	19	20011754	20046384	+
ZNF98	19	22573820	22605148	-
ZNF99	19	22934984	22966953	-
ZNFX1	20	47862438	47894594	-
ZNHIT1	7	100861445	100867471	+
ZNHIT2	11	64883874	64885173	-
ZNHIT3	17	34842470	34855156	+
ZNHIT6	1	86115099	86174116	-
ZNNT1	8	102179032	102182467	-
ZNRD1ASP	6	29801362	30028966	-
ZNRD2	11	65337929	65339359	+
ZNRD2-AS1	11	65336690	65337884	-
ZNRF1	16	75032921	75144892	+
ZNRF2	7	30324212	30407305	+
ZNRF2P1	7	32767561	32769595	+
ZNRF2P2	7	29724387	29725437	-
ZNRF3	22	29279559	29453476	+
ZNRF3-AS1	22	29420986	29427464	-
ZNRF4	19	5455427	5456867	+
ZP1	11	60635014	60643164	+
ZP2	16	21208770	21225831	-
ZP3	7	76026838	76071386	+
ZP4	1	238045676	238054222	-
ZPBP	7	49977036	50132842	-
ZPBP2	17	38024454	38034149	+
ZPLD1	3	102153858	102198685	+
ZPLD2P	1	26551810	26556331	+
ZPR1	11	116644515	116658739	-
ZRANB1	10	126630691	126676758	+
ZRANB2	1	71528973	71546718	-
ZRANB2-AS1	1	71512188	71532865	+
ZRANB2-AS2	1	71547006	71703406	+
ZRANB3	2	135954538	136288788	-
ZRSR2	X	15808606	15841382	+
ZSCAN1	19	58545392	58565999	+
ZSCAN10	16	3138890	3149295	-
ZSCAN12	6	28346597	28367524	-
ZSCAN12P1	6	28058584	28063493	+
ZSCAN16	6	28092333	28097860	+
ZSCAN16-AS1	6	28089572	28105094	-
ZSCAN18	19	58595208	58629793	-
ZSCAN2	15	85144239	85166947	+
ZSCAN20	1	33938245	33967239	+
ZSCAN21	7	99647396	99662663	+
ZSCAN22	19	58838359	58853697	+
ZSCAN23	6	28400431	28411268	-
ZSCAN25	7	99214568	99270165	+
ZSCAN26	6	28234787	28246000	+
ZSCAN29	15	43650369	43663241	-
ZSCAN30	18	32831021	32870209	-
ZSCAN31	6	28292514	28324048	-
ZSCAN32	16	3432080	3451065	-
ZSCAN4	19	58162843	58190520	+
ZSCAN5A	19	56731038	56879752	-
ZSCAN5B	19	56701054	56709259	-
ZSCAN5C	19	56717282	56720569	+
ZSCAN9	6	28193052	28201264	+
ZSWIM1	20	44509865	44513905	+
ZSWIM2	2	187692201	187713897	-
ZSWIM3	20	44486219	44507769	+
ZSWIM4	19	13906256	13943029	+
ZSWIM5	1	45482070	45672277	-
ZSWIM6	5	60628084	60841999	+
ZSWIM7	17	15879874	15903018	-
ZSWIM8	10	75545363	75561556	+
ZSWIM8-AS1	10	75556271	75561157	-
ZSWIM9	19	48673936	48700877	+
ZUP1	6	116956780	116989973	-
ZW10	11	113603908	113644414	-
ZWILCH	15	66797420	66842468	+
ZWINT	10	58116988	58121034	-
ZXDA	X	57931863	57936892	-
ZXDB	X	57618443	57623910	+
ZXDC	3	126156443	126194762	-
ZYG11A	1	53308431	53360667	+
ZYG11B	1	53192124	53293008	+
ZYX	7	143078437	143088204	+
ZZEF1	17	3907738	4046324	-
ZZZ3	1	78028100	78149112	-
